0000000000000000000000000000000000000000000000000000000000000000000000000000000000000000000000000000000000000000000000000000000000000000000000000000000000000000000000000000000000000000000000000000000000000000000000000000000000000000000000000000000000000000
0000000000000000000000000000000000000000000000000000000000000000000000000000000000000000000000000000000000000000000000000000000000000000000000000000000000000000000000000000000000000000000000000000000000000000000000000000000000000000000000000000000000000000
0000000000000000000000000000000000000000000000000000000000000000000000000000000000000000000000000000000000000000000000000000000000000000000000000000000000000000000000000000000000000000000000000000000000000000000000000000000000000000000000000000000000000000
0000000000000000000000000000000000000000000000000000000000000000000000000000000000000000000000000000000000000000000000000000000000000000000000000000000000000000000000000000000000000000000000000000000000000000000000000000000000000000000000000000000000000000
0000000000000000000000000000000000000000000000000000000000000000000000000000000000000000000000000000000000000000000000000000000000000000000000000000000000000000000000000000000000000000000000000000000000000000000000000000000000000000000000000000000000000000
0000000000000000000000000000000000000000000000000000000000000000000000000000000000000000000000000000000000000000000000000000000000000000000000000000000000000000000000000000000000000000000000000000000000000000000000000000000000000000000000000000000000000000
0000000000000000000000000000000000000000000000000000000000000000000000000000000000000000000000000000000000000000000000000000000000000000000000000000000000000000000000000000000000000000000000000000000000000000000000000000000000000000000000000000000000000000
0000000000000000000000000000000000000000000000000000000000000000000000000000000000000000000000000000000000000000000000000000000000000000000000000000000000000000000000000000000000000000000000000000000000000000000000000000000000000000000000000000000000000000
0000000000000000000000000000000000000000000000000000000000000000000000000000000000000000000000000000000000000000000000000000000000000000000000000000000000000000000000000000000000000000000000000000000000000000000000000000000000000000000000000000000000000000
0000000000000000000000000000000000000000000000000000000000000000000000000000000000000000000000000000000000000000000000000000000000000000000000000000000000000000000000000000000000000000000000000000000000000000000000000000000000000000000000000000000000000000
0000000000000000000001000000000000000100000000000000110000000000000001100000000000000110000000000000001111000000000001100010000000001010001000000000000000100000000000000010000000000011001100000000000001100000000000000000000000000000000000000000000000000000
0000000000000000000000000000000000001000000000000000011000000000000001100000000000000000100000000000001111000000000011101000000000000010011000000000001100100000000000100111000000000011011000000000000000100000000000000000000000000000000000000000000000000000
0000000000000000000000000000000000001000000000000000010000000000000000100000000000000000010000000000011111000000000011100010000000000011011000000000001100010000000000100110000000000011011000000000001100100000000000000000000000000000000000000000000000000000
0000000000000000000000000000000000000000000000000000000000000000000000100000000000000010010000000000111111100000000110100010000000000010001000000000001000100000000000000010000000000011001100000000000100100000000000000000000000000000000000000000000000000000
0000000000000000000000000000000000000100000000000000011000000000000000000000000000000010000000000000011111000000000111100010000000010001011000000000000001100000000000110010000000000010011000000000000000000000000000010000000000000000000000000000000000000000
0000000000000000000010000000000000000010000000000000010000000000000001100000000000000010000000000001001011000000000000110000000000000011010000000000000000100000000000100010000000000010001000000000001100000000000000100000000000000000000000000000000000000000
0000000000000000000000000000000000000010000000000000011000000000000000000000000000000011000000000000010110100000000110111110000000000110011000000000000000100000000000110110000000000011001000000000000000100000000000000000000000000000000000000000000000000000
0000000000000000000001000000000000001100000000000000010000000000000001000000000000000110110000000000101111000000000111110001000000000010011000000000001001100000000000000110000000000000011100000000000100000000000000000000000000000000000000000000000000000000
0000000000000000000000000000000000000100000000000000001000000000000000100000000000000000000000000000101001000000000101110010000000000111011000000000001000000000000000010000000000000111000100000000000101100000000000000000000000000000000000000000000000000000
0000000000000000000000000000000000000110000000000000011000000000000001000000000000000111000000000000101111000000000111111000000000000111001000000000000000100000000000110010000000000010001000000000001100000000000000000000000000000000000000000000000000000000
0000000000000000000000000000000000000100000000000000011000000000000001100000000000000000100000000000000110100000000111110100000000000010010000000000001000100000000000100010000000000011001000000000000100100000000000100000000000000000000000000000000000000000
0000000000000000000000000000000000000100000000000000010000000000000000100000000000000011000000000001010011100000000000100000000000001010001000000000001000100000000000100000000000000010000000000000000100000000000000000000000000000000000000000000000000000000
0000000000000000000000000000000000000100000000000000000000000000000000000000000000000010110000000000001111100000000111100110000000000011001000000000001000100000000000100010000000000011001000000000001100100000000000000000000000000000000000000000000000000000
0000000000000000000000000000000000000000000000000000010000000000000000000000000000000010000000000000001111000000001011110010000000010010000000000000000100100000000000000110000000000010001100000000001100100000000000000000000000000000000000000000000000000000
0000000000000000000010000000000000000100000000000000010000000000000000100000000000000110100000000000101110100000000011100010000000000011011000000000001100100000000000110110000000000000001000000000000100000000000000000000000000000000000000000000000000000000
0000000000000000000000000000000000000110000000000000011000000000000001100000000000000011100000000000101110100000000011100010000000000010000000000000000000000000000000110010000000000010001000000000001000000000000000000000000000000000000000000000000000000000
0000000000000000000000000000000000000100000000000000010000000000000000000000000000000010100000000000001110100000000001100010000000000010001000000000001001000000000000110110000000000011011000000000001100000000000000100000000000000000000000000000000000000000
0000000000000000000000000000000000000100000000000000011000000000000001000000000000000010000000000000011111100000000111110010000000000010011000000000001100000000000000110010000000000011001000000000001100000000000000000000000000000000000000000000000000000000
0000000000000000000001000000000000000000000000000000010000000000000001100000000000000011000000000000001111100000000101111000000000000011001000000000000000100000000000010110000000000011001000000000001100000000000000000000000000000000000000000000000000000000
0000000000000000000000000000000000000010000000000000011000000000000000100000000000000011000000000000101010000000000100100100000000010010000000000000000001100000000000100001000000000011001000000000001100100000000000000000000000000000000000000000000000000000
0000000000000000000001000000000000000100000000000000000000000000000001000000000000000000000000000000111101000000000101111110000000000011001000000000001001100000000000000010000000000001011000000000001000000000000000000000000000000000000000000000000000000000
0000000000000000000001000000000000000100000000000000011000000000000000100000000000000011000000000000001111100000000001101110000000001010001000000000001000000000000000100011000000000010011000000000001000000000000000000000000000000000000000000000000000000000
0000000000000000000000000000000000000100000000000000000000000000000000110000000000000010000000000000011011000000001111100110000000000010000000000000001100000000000000100010000000000011011000000000001100100000000000000000000000000000000000000000000000000000
0000000000000000000010000000000000000110000000000000000000000000000001100000000000000000000000000000101011000000000010100100000000000010001000000000001100100000000000110010000000000011001000000000001000100000000000100000000000000000000000000000000000000000
0000000000000000000000000000000000000000000000000000100000000000000001000000000000000100000000000001001111100000000110110100000000000010011000000000000000000000000000110011000000000010001000000000000000100000000000000000000000000000000000000000000000000000
0000000000000000000001000000000000000000000000000000101000000000000000100000000000000010000000000000001111100000000111110100000000000010001000000000000000000000000000110000000000000010000000000000001101000000000000000000000000000000000000000000000000000000
0000000000000000000001000000000000000100000000000000011000000000000000100000000000000011000000000001111111000000000001101010000000000010001000000000001100100000000000110010000000000010001000000000001100000000000000000000000000000000000000000000000000000000
0000000000000000000000000000000000000100000000000000001000000000000000100000000000000011000000000001001111000000001000100110000000000110011000000000001100000000000000110010000000000011001000000000001000000000000000000000000000000000000000000000000000000000
0000000000000000000000000000000000001100000000000000011000000000000001100000000000000000010000000000010101000000000001110010000000000100001000000000001000000000000000110010000000000011001000000000001100000000000000000000000000000000000000000000000000000000
0000000000000000000000000000000000001100000000000000011000000000000001100000000000000000100000000000001111100000000001110100000000000000011000000000001100100000000000100010000000000011000100000000001000100000000000000000000000000000000000000000000000000000
0000000000000000000000000000000000000110000000000000010000000000000000100000000000000110000000000000011110000000001011100010000000010010001000000000001000100000000000100010000000000010000000000000001000000000000000000000000000000000000000000000000000000000
0000000000000000000000000000000000000100000000000000011000000000000000100000000000000010100000000000011110000000000101111010000000000010011000000000001000100000000000000000000000000011001000000000001100000000000000000000000000000000000000000000000000000000
0000000000000000000000000000000000000000000000000000011000000000000000100000000000000011000000000000000111000000001111100100000000000000010000000000001100100000000000100110000000000111101000000000001000000000000000100000000000000000000000000000000000000000
0000000000000000000000000000000000000110000000000000001000000000000001100000000000000101000000000000011111100000000111101010000000001000010000000000001100100000000000010010000000000010010000000000001000000000000000000000000000000000000000000000000000000000
0000000000000000000000000000000000000100000000000000001000000000000000100000000000000000000000000000011111000000000001101010000000000010000000000000001100100000000000000111000000000010001000000000001000100000000000010000000000000000000000000000000000000000
0000000000000000000000000000000000000100000000000000010000000000000000100000000000000010100000000000001110000000000010110100000000000011001000000000000100100000000000100001000000000110001000000000001000110000000000000000000000000000000000000000000000000000
0000000000000000000000000000000000001110000000000000011000000000000001100000000000000111000000000001011111000000000100110010000000000010001000000000001000100000000000101010000000000010001000000000001000000000000000000000000000000000000000000000000000000000
0000000000000000000000000000000000000000000000000000000000000000000000100000000000000010000000000000001111000000000000101010000000010010001000000000001000100000000000000110000000000010001100000000001100000000000000000000000000000000000000000000000000000000
0000000000000000000001000000000000000100000000000000010000000000000000000000000000000101100000000001001110100000000000111000000000000010011000000000001000000000000000010010000000000011011000000000001100000000000000000000000000000000000000000000000000000000
0000000000000000000000000000000000000000000000000000010000000000000001100000000000000010000000000000001101000000000110110010000000000010001000000000001100000000000000110010000000000011011000000000000000000000000000000000000000000000000000000000000000000000
0000000000000000000000000000000000000100000000000000011000000000000000100000000000000011000000000000000100100000000010100010000000000010011000000000000100100000000000100010000000000011011000000000011100000000000000000000000000000000000000000000000000000000
0000000000000000000000000000000000000110000000000000011000000000000000000000000000000010000000000000011111100000001111100110000000000011000000000000000000100000000000100000000000000011001100000000001100000000000000000000000000000000000000000000000000000000
0000000000000000000000000000000000000000000000000000000000000000000001100000000000000010100000000000011111000000000011110110000000000010011000000000000100000000000000110010000000000001001000000000001100100000000000000000000000000000000000000000000000000000
0000000000000000000000000000000000000000000000000000010000000000000000100000000000000110100000000000011111100000000111101110000000000000000000000000001101100000000000110010000000000011000000000000001000100000000000000000000000000000000000000000000000000000
0000000000000000000000000000000000001100000000000000111000000000000001100000000000000110000000000000000110100000000100010010000000000011011000000000001000100000000000110010000000000001011100000000001100100000000000000000000000000000000000000000000000000000
0000000000000000000000000000000000000100000000000000010000000000000001100000000000000010000000000000001111000000000011100010000000100010001000000000001100000000000000000010000000000010011100000000000001000000000000100000000000000000000000000000000000000000
0000000000000000000000000000000000000110000000000000010000000000000001000000000000000110000000000000010111100000000001010010000000000010011100000000000000100000000000100000000000000010001000000000000001100000000000100000000000000000000000000000000000000000
0000000000000000000000000000000000001100000000000000010000000000000000100000000000000010000000000000001111100000000110101000000000000100001000000000000100100000000000100010000000000010011100000000001000000000000000000000000000000000000000000000000000000000
0000000000000000000001000000000000000110000000000000010000000000000001100000000000000010000000000000101111100000000111110011000000010110000000000000001101100000000000110011000000000011001000000000001100000000000000000000000000000000000000000000000000000000
0000000000000000000000000000000000000110000000000000011000000000000001000000000000000001000000000000011111100000000011011010000000000000000000000000001000100000000000010000000000000011010000000000000100000000000000000000000000000000000000000000000000000000
0000000000000000000000000000000000000100000000000000011000000000000000010000000000000110000000000001001111000000000111100010000000000011001000000000000000100000000000100110000000000010001000000000000100000000000000000000000000000000000000000000000000000000
0000000000000000000000000000000000000100000000000000010000000000000001100000000000000000000000000000111111000000001011111010000000000010011000000000001100100000000000110110000000000001000000000000001100000000000000000000000000000000000000000000000000000000
0000000000000000000000000000000000000100000000000000000000000000000001100000000000000011000000000000101111100000000111000010000000000011000000000000001000100000000000100000000000000011001000000000011100100000000000100000000000000000000000000000000000000000
0000000000000000000000000000000000000100000000000000010000000000000000100000000000000011000000000001001111100000000111100000000000000011000000000000001000100000000000000010000000000011001000000000001100100000000000000000000000000000000000000000000000000000
0000000000000000000000100000000000000100000000000000000000000000000000000000000000000010010000000000101110000000000111101110000000000011011000000000000000100000000000110010000000000011010000000000011000100000000000000000000000000000000000000000000000000000
0000000000000000000000000000000000000000000000000000011000000000000010100000000000000011100000000000011111000000000111110100000000000010000000000000000000000000000000110011000000000011001100000000001100100000000000000000000000000000000000000000000000000000
0000000000000000000000000000000000001100000000000000010000000000000001100000000000000011000000000001000110000000000111110000000000000011011000000000001100100000000000100010000000000010001000000000001000000000000000000000000000000000000000000000000000000000
0000000000000000000000000000000000000100000000000000010000000000000001000000000000000011000000000000000111000000000110110100000000000011011000000000000101100000000000100010000000000001001000000000001001100000000000000000000000000000000000000000000000000000
0000000000000000000000000000000000000100000000000000110000000000000001100000000000000011000000000000111111100000000011110010000000000011001000000000001101100000000000100000000000000001000100000000001100000000000000000000000000000000000000000000000000000000
0000000000000000000011000000000000000010000000000000010000000000000000100000000000000001000000000000011111000000000010110000000000001000001000000000001000100000000000100111000000000010001000000000000000000000000000000000000000000000000000000000000000000000
0000000000000000000000000000000000000100000000000000010000000000000000100000000000000011000000000000001110000000000101110011000000000010011000000000001001100000000000100111000000000011000000000000000100100000000000000000000000000000000000000000000000000000
0000000000000000000000000000000000000100000000000000011000000000000000110000000000000110000000000000001110000000000011101100000000000010001000000000001001100000000000000100000000000011010000000000001010100000000000100000000000000000000000000000000000000000
0000000000000000000000000000000000000100000000000000111000000000000000100000000000000010100000000000001111000000000001110010000000000000001000000000000100000000000000100010000000000010001000000000001100100000000000000000000000000000000000000000000000000000
0000000000000000000000000000000000000110000000000000011000000000000001100000000000000011000000000000000111100000000111100010000000000001011000000000000000100000000000100010000000000011000000000000011000000000000000000000000000000000000000000000000000000000
0000000000000000000001100000000000000010000000000000001000000000000000000000000000000001010000000000101111000000000100110010000000000011000000000000001100100000000000000010000000000010001000000000001000100000000000000000000000000000000000000000000000000000
0000000000000000000000000000000000000100000000000000011000000000000001000000000000000110100000000000011110100000000011110010000000000001001100000000001000100000000000100010000000000011011000000000000100100000000000000000000000000000000000000000000000000000
0000000000000000000000000000000000000100000000000000000000000000000001100000000000000100000000000000110101000000001100101010000000001010001000000000000000100000000000100010000000000010001000000000001000000000000000000000000000000000000000000000000000000000
0000000000000000000000000000000000001000000000000000010000000000000001000000000000000010100000000000001111100000000101100000000000011010001000000000000000000000000000000000000000000001001000000000000001010000000000100000000000000000000000000000000000000000
0000000000000000000001000000000000000100000000000000111000000000000000100000000000000011000000000000001111000000000000100010000000000110011000000000000000000000000000100010000000000011001000000000001000000000000000000000000000000000000000000000000000000000
0000000000000000000000000000000000000100000000000000010000000000000000000000000000000011010000000000111111000000000011110001000000000010000000000000000001100000000000100000000000000100001100000000001100000000000000000000000000000000000000000000000000000000
0000000000000000000010000000000000000100000000000000110000000000000001100000000000000001010000000000001110100000001011110010000000000011001000000000001000100000000000100010000000000010001100000000001100000000000000000000000000000000000000000000000000000000
0000000000000000000000000000000000000100000000000000001000000000000001100000000000000110000000000000001110000000000001100010000000000010000000000000000001100000000000100110000000000010000000000000010100000000000000000000000000000000000000000000000000000000
0000000000000000000001000000000000000110000000000000000000000000000000000000000000000001000000000000101111100000000010110100000000000011001000000000001000100000000000110000000000000011000000000000001000000000000000000000000000000000000000000000000000000000
0000000000000000000000000000000000000010000000000000011000000000000000000000000000000000010000000000111111000000001010100010000000000010011000000000000101100000000000100101000000000010001000000000001100100000000000000000000000000000000000000000000000000000
0000000000000000000000000000000000000100000000000000010000000000000001110000000000000010100000000000011111000000000100110110000000000010000000000000000000100000000000010000000000000011001100000000001000000000000000000000000000000000000000000000000000000000
0000000000000000000000000000000000001110000000000000010000000000000000100000000000000010000000000000011111000000000110110110000000000010001000000000000000100000000000100010000000000011011000000000001000100000000000100000000000000000000000000000000000000000
0000000000000000000000000000000000000110000000000000001000000000000000100000000000000011100000000000001111000000000111110010000000000011001000000000001000100000000000110010000000000000001000000000001000000000000000000000000000000000000000000000000000000000
0000000000000000000000000000000000000100000000000000110000000000000001110000000000000011000000000000001111100000000010100010000000000100001000000000001101100000000000010000000000000010100000000000000000100000000000000000000000000000000000000000000000000000
0000000000000000000000000000000000000010000000000000010000000000000001100000000000000010000000000001011111100000000111010110000000000011011000000000001000000000000000110010000000000011011000000000001100000000000000000000000000000000000000000000000000000000
0000000000000000000000000000000000000110000000000000010000000000000001100000000000000011000000000000011110000000000111101000000000000011010000000000001000100000000000100010000000000010011000000000001100000000000000000000000000000000000000000000000000000000
0000000000000000000011000000000000000000000000000000001000000000000000000000000000000010000000000000001111000000000100110010000000000101001000000000000001000000000000100010000000000010001000000000001000000000000000000000000000000000000000000000000000000000
0000000000000000000001000000000000000000000000000000010000000000000000100000000000000000000000000000001111000000000001100110000000000011001000000000001100100000000000100010000000000011001000000000001000100000000000000000000000000000000000000000000000000000
0000000000000000000000000000000000000100000000000000011000000000000001100000000000000001000000000001000100000000000111110110000000000010000000000000001001100000000000110001000000000011001000000000001000100000000000000000000000000000000000000000000000000000
0000000000000000000000000000000000000000000000000000010000000000000001100000000000000010000000000000001111100000000000110000000000010010001000000000001100100000000000110010000000000011001000000000010000010000000000010000000000000000000000000000000000000000
0000000000000000000001000000000000000100000000000000010000000000000001100000000000000011000000000000010111000000001111110010000000000011001000000000001000100000000000110100000000000011001000000000000000000000000000000000000000000000000000000000000000000000
0000000000000000000000000000000000000100000000000000011000000000000000100000000000000001000000000000001111000000000100110110000000000001011000000000000100100000000000100110000000000010001000000000001100000000000000000000000000000000000000000000000000000000
0000000000000000000010000000000000000000000000000000000000000000000000100000000000000011000000000001011111000000000011110000000000010011011000000000001000100000000000010110000000000010000000000000001101000000000000000000000000000000000000000000000000000000
0000000000000000000000000000000000000100000000000000010000000000000000010000000000000011000000000000101110100000000101010110000000000110000000000000001100100000000000100001000000000010001000000000001000000000000000000000000000000000000000000000000000000000
0000000000000000000000000000000000000100000000000000010000000000000000000000000000000010100000000001101111000000000101100010000000001000001000000000001000100000000000100010000000000010010000000000000000100000000000000000000000000000000000000000000000000000
0000000000000000000000000000000000000100000000000000000000000000000001000000000000000011001000000001011011000000000111111110000000000010001000000000001100100000000000110010000000000011001000000000000000100000000000000000000000000000000000000000000000000000
0000000000000000000000000000000000000100000000000000010000000000000001100000000000000010010000000000010111000000000010101000000000000000001000000000000000100000000000110000000000000001011100000000000000000000000000000000000000000000000000000000000000000000
0000000000000000000000000000000000000100000000000000010000000000000000000000000000000110000000000000011111000000001111110010000000000011001000000000001000100000000000010000000000000011010000000000001000100000000000100000000000000000000000000000000000000000
0000000000000000000000000000000000001100000000000000011000000000000000000000000000000011000000000000101111000000000101110110000000000011001000000000001000100000000000100000000000000001000000000000000000100000000000000000000000000000000000000000000000000000
0000000000000000000000000000000000000000000000000000001000000000000001100000000000000111100000000000001111100000000000100110000000000010001000000000000100100000000000110010000000000011011000000000001000000000000000000000000000000000000000000000000000000000
0000000000000000000000000000000000000110000000000000010000000000000000100000000000000011000000000000111111000000000011110010000000000010001000000000001000100000000000000010000000000001011100000000001100100000000000000000000000000000000000000000000000000000
0000000000000000000000000000000000000100000000000000010000000000000001010000000000000110000000000001000111000000000011110110000000000010001000000000001100100000000000110011000000000011001000000000001100100000000000100000000000000000000000000000000000000000
0000000000000000000000000000000000000100000000000000010000000000000001000000000000000000000000000000001111100000000110100110000000000011001000000000001001100000000000000000000000000011000000000000000000000000000000000000000000000000000000000000000000000000
0000000000000000000000000000000000000000000000000000010000000000000001100000000000000010000000000000000111000000000101100110000000000010011000000000000100110000000000110010000000000000000000000000000000100000000000000000000000000000000000000000000000000000
0000000000000000000000000000000000001100000000000000010000000000000000000000000000000011000000000000011111000000000110100010000000000000001000000000001100000000000000110010000000000010001000000000001001000000000000000000000000000000000000000000000000000000
0000000000000000000000000000000000000100000000000000010000000000000001000000000000000010000000000001011111000000000110101010000000001011001000000000001100100000000000110110000000000000000000000000000100100000000000000000000000000000000000000000000000000000
0000000000000000000000000000000000000000000000000000000000000000000000000000000000000000000000000000000000000000000000000000000000000000000000000000000000000000000000000000000000000000000000000000000000000000000000000000000000000000000000000000000000000000
0000000000000000000000000000000000000000000000000000000000000000000000000000000000000000000000000000000000000000000000000000000000000000000000000000000000000000000000000000000000000000000000000000000000000000000000000000000000000000000000000000000000000000
0000000000000000000000000000000000000000000000000000000000000000000000000000000000000000000000000000000000000000000000000000000000000000000000000000000000000000000000000000000000000000000000000000000000000000000000000000000000000000000000000000000000000000
0000000000000000000000000000000000000000000000000000000000000000000000000000000000000000000000000000000000000000000000000000000000000000000000000000000000000000000000000000000000000000000000000000000000000000000000000000000000000000000000000000000000000000
0000000000000000000000000000000000000000000000000000000000000000000000000000000000000000000000000000000000000000000000000000000000000000000000000000000000000000000000000000000000000000000000000000000000000000000000000000000000000000000000000000000000000000
0000000000000000000000000000000000000000000000000000000000000000000000000000000000000000000000000000000000000000000000000000000000000000000000000000000000000000000000000000000000000000000000000000000000000000000000000000000000000000000000000000000000000000
0000000000000000000000000000000000000000000000000000000000000000000000000000000000000000000000000000000000000000000000000000000000000000000000000000000000000000000000000000000000000000000000000000000000000000000000000000000000000000000000000000000000000000
0000000000000000000000000000000000000000000000000000000000000000000000000000000000000000000000000000000000000000000000000000000000000000000000000000000000000000000000000000000000000000000000000000000000000000000000000000000000000000000000000000000000000000
0000000000000000000000000000000000000000000000000000000000000000000000000000000000000000000000000000000000000000000000000000000000000000000000000000000000000000000000000000000000000000000000000000000000000000000000000000000000000000000000000000000000000000
0000000000000000000000000000000000000000000000000000000000000000000000000000000000000000000000000000000000000000000000000000000000000000000000000000000000000000000000000000000000000000000000000000000000000000000000000000000000000000000000000000000000000000
0000000000000000000000000110000000000000011000000000001111100000000000111100000000000011110000000000001100000000000011100000000000001110010110000000110111111000000111111111000000111111010000000000000000000000000000000000000000000000000000000000000000000000
0000000000000000000000000111000000000000111100000000000111100000000000011100000000000011110000000000011100000000000001010000000000011110001110000000111001111100000111111110000000011100110000000000110100000000000000000000000000000000000000000000000000000000
0000000000000000000000000110000000000000111000000000000111100000000000111100000000000011100000000000111100000000000001111001100000010110001111000001111011111000000111111110000000011111111000000000101000000000000000000000000000000000000000000000000000000000
0000000000000000000000000100000000000000111000000000001011000000000000111100000000000011100000000000011110000000000001100000000000001110001111000001111101110000001111111111100000001011000000000000110000000000000000000000000000000000000000000000000000000000
0000000000000000000000000010000000000001111000000000000111100000000000111110000000000011100000000000011100000000000001111001000000001111001110000000111111111000001011111011000000111110100000000000000000000000000000000000000000000000000000000000000000000000
0000000000000000000000000110000000000000111000000000000111000000000000111100000000000011110000000000011100000000000000110001000000000110011110000001110011111000000111111111100000011110000000000000110000000000000000000000000000000000000000000000000000000000
0000000000000000000000010100000000000000111000000000001111100000000000011100000000000011100000000000011110000000000001110001000000001110010110000001111101111000000111111111000000011111100000000000000000000000000000000000000000000000000000000000000000000000
0000000000000000000000000000000000000000111000000000000011000000000000111100000000000111100000000000011100000000000001100010000000001100011100000001110011111000000111111111000000111111011000000000100000000000000000000000000000000000000000000000000000000000
0000000000000000000000000110000000000000111000000000001111100000000000111100000000000111100000000000011110000000000101010001000000001111000110000000111110111000000111111111000000001101101000000000000100000000000000000000000000000000000000000000000000000000
0000000000100000000000001100000000000000111000000000000011100000000000011000000000000011100000000000011100000000000011100000000000001110010110000001111101110000000111111111100000011110100000000001110000000000000000000000000000000000000000000000000000000000
0000000000000000000000001010000000000000111000000000000111100000000000011100000000000111100000000000001110000000000011110010000000001110000010000000110111111000001111111111000000011110000000000010100000000000000000000000000000000000000000000000000000000000
0000000000000000000000011100000000000000111000000000000011000000000000111100000000000011100000000000011110000000000001101000000000001111001010000000111111111000000111111111000000001111100000000000001000000000000000000000000000000000000000000000000000000000
0000000000000000000000001110000000000000110000000000000111000000000000011100000000000011100000000000011100000000000001110000000000011110011110000001111011110000000111111111000000011111111000000000000100000000000000000000000000000000000000000000000000000000
0000000000000000000000001110000000000000111000000000001011100000000000111000000000000001100000000000011100000000000011101001000000001110000111000000111001110000000111111111000000001111010000000001110000000000000000000000000000000000000000000000000000000000
0000000000000000000000000110000000000000111000000000000111100000000000111100000000000111100000000000011111000000000011110000000000001100101000000011111101111000000011111111000000000111100000000000110000000000000000000000000000000000000000000000000000000000
0000000000000000000000000110000000000001111000000000000011000000000000111100000000000111100000000000011110000000000001110000000000001111011101000001110111111000000111111111000000101110100000000000000010000000000000000000000000000000000000000000000000000000
0000000000000000000000001000000000000000111000000000000011100000000000111110000000000111100000000000001000000000000001110000000000001111011110000000111011111000000111111111000000011010100000000000010100000000000000000000000000000000000000000000000000000000
0000000000000000000000000100000000000000111000000000000111100000000000111100000000000011110000000000011110000000000001110000000000000110001110000001111111110000001111111100000000011110000100000000000000000000000000000000000000000000000000000000000000000000
0000000000000000000000000110000000000000111000000000000011100000000000101100000000000011100000000000001100000000000011110001000000001111001110000001111110111000000111111110000000001111010000000000011000000000000000000000000000000000000000000000000000000000
0000000000000000000000000100000000000000111000000000000111000000000000011110000000000111000000000000101100000000000001110000000000011111000110000000111011111000000111111111000000001110110000000001011000000000000000000000000000000000000000000000000000000000
0000000000000000000000000110000000000000111000000000000011100000000000111100000000000011100000000000011110000000000011110000000000001100011110000000110001110000001111111110000000011111001000000000000000000000000000000000000000000000000000000000000000000000
0000000000000000000000000110000000000000111000000000000111100000000000011001000000000011010000000000011100000000000001100000000000000110001110000001111011111000000111111111000000000000010000000000100000000000000000000000000000000000000000000000000000000000
0000000000000000000000011100000000000001110000000000000111100000000000111100000000000011110000000000111110000000000011110000000000001110101110000001111111110000000111111110000000011111010000000000111100000000000000000000000000000000000000000000000000000000
0000000000100000000000000110000000000001111000000000000111100000000000011100000000000011010000000000011110000000000001110001000000011101001101000001111111111000001111111110000000011111000000000000100000000000000000000000000000000000000000000000000000000000
0000000000000000000000000100000000000000011000000000000111100000000000011100000000000011100000000000011111000000000011110000000000001100001110000001010001110000001111111010000000011110111000000000110000000000000000000000000000000000000000000000000000000000
0000000000000000000000001000000000000001111000000000000111000000000000011100000000000011110000000000011100000000000011100000000000001110010110000001110011110000000011111110000000111111001100000001101000000000000000000000000000000000000000000000000000000000
0000000000000000000000011100000000000000111000000000000011000000000000011100000000000011110000000000011100000000000001110000000000011110110010000001111111111000000111111110100000011111100000000000100000000000000000000000000000000000000000000000000000000000
0000000000000000000000000100000000000000111000000000001111000000000000011100000000000011110000000000001110000000000010100000000000001110000110000000111101111100000111111111000000011111001000000001100000000000000000000000000000000000000000000000000000000000
0000000000000000000000001100000000000000111000000000000111100000000000111100000000000111100000000000101110000000000001111000000000001110010010000000111111111100000111111110000000111110000000000000101000000000000000000000000000000000000000000000000000000000
0000000000000000000000000010000000000001111000000000000111100000000000011100000000000111100000000000001100000000000001110000000000000111001110000001111111111000001111111110000000011111000000000000010000000000000000000000000000000000000000000000000000000000
0000000000000000000000001111000000000000111100000000000111100000000000011100000000000111110000000000011100000000000101101000000000001100000111000000111011111000000111111111000000001010100000000000110100000000000000000000000000000000000000000000000000000000
0000000000000000000000001111000000000000010000000000000111100000000000111100000000000011110000000000011100000000000001110000000000001111100000000001111101111000000111111110000000011101110000000000010000000000000000000000000000000000000000000000000000000000
0000000000000000000000000000000000000001111000000000000111000000000000111100000000000111110000000000101110000000000011110000000000000110000110000001110011111000000111111111100000011110001000000000101000000000000000000000000000000000000000000000000000000000
0000000000000000000000000100000000000000111000000000000111000000000000011000000000000001100000000000011110000000000011100000100000011111000110000001111001111100000111111110000000001111110000000001010000000000000000000000000000000000000000000000000000000000
0000000000000000000000000010000000000000111000000000000011100000000000111100000000000011100000000000001110000000000101111001000000011110101111000001111111111000001111111110000000001110010000000000011000000000000000000000000000000000000000000000000000000000
0000000000000000000000000100000000000000111000000000001111000000000000111100000000000111110000000000011100000000000011110010000000001110000100000001111111111000000111111110100000011111110000000000100000000000000000000000000000000000000000000000000000000000
0000000000000000000000000100000000000001011000000000001111010000000000111100000000000011110000000000011110000000000001111000000000010110011100000001111111111100000111111111000000011101100000000000100000000000000000000000000000000000000000000000000000000000
0000000000000000000000001110000000000000011000000000001111100000000000011000000000000101100000000000011100000000000001111010000000001111000000000000111001111000001111111111000000010011000000000000000100000000000000000000000000000000000000000000000000000000
0000000000000000000000001110000000000000111000000000000111100000000000111110000000000011100000000000011100000000000001100000000000001111001110000000110111110100000111111111000000011110000000000001000100000000000000000000000000000000000000000000000000000000
0000000000000000000000000000000000000000111000000000000111000000000000111100000000000011100000000000111110000000000011110000000000000110011111000001111111111000000111111110000000011111000000000000101000000000000000000000000000000000000000000000000000000000
0000000000000000000000000100000000000000101000000000000111100000000000111100000000000011100000000000011100000000000001110000100000001111000100000000111011111000000111111110000000011110001000000001010000000000000000000000000000000000000000000000000000000000
0000000000000000000000000100000000000000111000000000000111000000000000011110000000000011100000000000011110000000000011100000000000011111001110000000110011111000000110111110100000011111100000000000110000000000000000000000000000000000000000000000000000000000
0000000000000000000000011010000000000000111000000000000111100000000000011100000000000011100000000000011100000000000011100001100000001111011110000000011011111000000111111111000000001111110000000000100000000000000000000000000000000000000000000000000000000000
0000000000000000000000001010000000000001111000000000000011000000000000111100000000000011100000000000011100000000000011110000000000001100000110000000111111110000000111111111100000011111000000000001000000000000000000000000000000000000000000000000000000000000
0000000000000000000000001110000000000000110100000000000111100000000000111010000000000011010000000000011110000000000011110000000000001110001100000011111101111000000111111111000000111111100000000000000000000000000000000000000000000000000000000000000000000000
0000000000000000000000001110000000000000110000000000000011000000000000111100000000000111100000000000101100000000000011110001000000001100001111000001111111111000000111111111000000101111100000000000011000000000000000000000000000000000000000000000000000000000
0000000000000000000000001111000000000000111000000000001111000000000000011100000000000011000000000000011100000000000001110000000000001110011110000001111111111000000011111111100000011101000000000000100000000000000000000000000000000000000000000000000000000000
0000000010000000000000000000000000000000111000000000000111100000000000011100000000000001100000000000011100000000000011100000100000011110000111000001111111111000000111111111000000011111000000000000110000000000000000000000000000000000000000000000000000000000
0000000000000000000000001100000000000000111000000000000111000000000000011110000000000011110000000000011100000000000001110000100000000110011100000000110110110000001111111010100000010111101000000000101000000000000000000000000000000000000000000000000000000000
0000000000000000000000001110000000000001110000000000001111110000000000011100000000000011000000000000101111000000000011110000000000001110001110000011111011111000000111111100000000001101000000000000000000000000000000000000000000000000000000000000000000000000
0000000000000000000000000110000000000001011000000000000111100000000000111100000000000111110000000000011110000000000011100000000000001101000111000000111001110000000111111111000000011110110000000000100000000000000000000000000000000000000000000000000000000000
0000000000000000000000000100000000000001111000000000000111100000000000111100000000000001100000000000001100000000000011110000000000000111101010000001111101110000000110111111100000011110101000000000100000000000000000000000000000000000000000000000000000000000
0000000000000000000000001100000000000001111000000000000111100000000000001100000000000111100000000000011100000000000001111000000000001110000111000000111111011000000011111110000000011110100000000000110000000000000000000000000000000000000000000000000000000000
0000000000000000000000001100000000000000111000000000000111100000000000011000000000000011100000000000011100000000000001100001000000011110000000000001111111110000001111111111100000011110000000000001100000000000000000000000000000000000000000000000000000000000
0000000000000000000000000100000000000000111000000000000111100000000000111010000000000011100000000000101000000000000011111001000000010111001110000000111111111000000111111110100000001111101000000000010000000000000000000000000000000000000000000000000000000000
0000000000000000000000000110000000000000111000000000000111100000000000111100000000000011100000000000011100000000000011110000000000010100000100000001110111111000001111111110010000011011000000000000010000000000000000000000000000000000000000000000000000000000
0000000000000000000000001100000000000000111000000000000111100000000000011100000000000011100000000000011110000000000011110001000000000110000011000001111011111100000111111101000000011111010000000000010000000000000000000000000000000000000000000000000000000000
0000000000000000000000000100000000000000111000000000000111100000000000111100000000000011110000000000111100000000000001110000010000011110000110000000111111111000000110111111000000011110110000000000110000000000000000000000000000000000000000000000000000000000
0000000000000000000000000110000000000000111000000000000111100000000000111100000000000011110000000000011100000000000010111000000000000110001000000001111011111000000111111111100000111111000000000000010000000000000000000000000000000000000000000000000000000000
0000000000000000000000000100000000000000111000000000000011000000000000111100000000000011000000000000001100000000000001110001000000011111011110000000111011111000000111111001100000011111001000000001010000000000000000000000000000000000000000000000000000000000
0000000000000000000000001000000000000000111000000000001101000000000000111000000000000011100000000000011100000000000011110000000000001100001100000000111111111000000111111101000000011111100000000000011000000000000000000000000000000000000000000000000000000000
0000000000000000000000000011000000000000111000000000000111100000000000011000000000000011100000000000011100000000000001110000000000001111001100000001111001111000000111111111000000001111111000000000000000000000000000000000000000000000000000000000000000000000
0000000000000000000000001010000000000000111000000000000111100000000000011100000000000011110000000000001100000000000001110000000000001110001110000000111001110000000111111111000000111111000000000000001000000000000000000000000000000000000000000000000000000000
0000000000000000000000001100000000000001011000000000000111100000000000011110000000000011110000000000011110000000000011100000000000001110001110000000111001111000001111111111000000011101000000000000100000000000000000000000000000000000000000000000000000000000
0000000000000000000000000111000000000000111000000000000111010000000000011100000000000011100000000000001110000000000001110000000000000110011000000000111011110000000011111111000000011111110000000000110000000000000000000000000000000000000000000000000000000000
0000000000000000000000001010000000000000111000000000000111100000000000111000000000000111100000000000011110000000000011110000000000000110001101000000111011111100000011111110000000011111100000000000110000000000000000000000000000000000000000000000000000000000
0000000000000000000000001100000000000000111100000000000011100000000000111110000000000111100000000000011110000000000000100000000000001110000000000000111101111000000111111011000000001111010000000000001000000000000000000000000000000000000000000000000000000000
0000000000000000000000001010000000000000111000000000000111000000000000011100000000000011100000000000001110000000000011110000000000001110001100000000111011111000000111111111000000011110000000000000100000000000000000000000000000000000000000000000000000000000
0000000000000000000000001100000000000000111000000000000111000000000000111100000000000011100000000000011110000000000001110000000000001111011110000000110111111000000111111111100000011111011000000010110000000000000000000000000000000000000000000000000000000000
0000000000000000000000001000000000000001111000000000000011100000000000111000000000000011110000000000011100000000000001110000000000011111001010000000111011011000000111111111000000011110110100000000010000000000000000000000000000000000000000000000000000000000
0000000000000000000000001110000000000001111000000000000111110000000000011100000000000111100000000000011100000000000011110000000000001110001111000001111101110000000111111111000000001111001000000000110000000000000000000000000000000000000000000000000000000000
0000000000000000000000001110000000000000111000000000000101000000000000110100000000000011110000000000011100000000000001100001000000011110001111000000111001110000000111111110000000011111110000000000100000000000000000000000000000000000000000000000000000000000
0000000000000000000000000010000000000000111100000000000111100000000000011100000000000011100000000000011100000000000001111000000000001100000110000000111111111000000111111111110000011111100000000000100000000000000000000000000000000000000000000000000000000000
0000000000000000000000000011000000000000111100000000000011100000000000011000000000000011110000000000011100000000000001110000000000010100010100000001110011110000000111111111000000010111000000000000010000000000000000000000000000000000000000000000000000000000
0000000000000000000000001111000000000000111000000000000111100000000000011010000000000011100000000000011010000000000011111010000000001110001000000001111111110000001111111111000000111111011100000001001000000000000000000000000000000000000000000000000000000000
0000000000000000000000001100000000000010011000000000001111100000000000111100000000000111100000000000011010000000000001111001000000000110001110000000111011111000000111111111000000000011010000000000111100000000000000000000000000000000000000000000000000000000
0000000000000000000000001010000000000000111000000000000111000000000000111100000000000011110000000000001010000000000001110001100000001110001110000000111011111100000111111110100000001110011000000000110000000000000000000000000000000000000000000000000000000000
0000000000000000000000000110000000000000111100000000001111000000000000111000000000000111100000000000011110000000000011110000000000001110010110000000111111111000001111111101000000111111110000000000111000000000000000000000000000000000000000000000000000000000
0000000000000000000000000110000000000000111000000000000011000000000000111100000000000011110000000000001110000000000011110001000000000111000110000000111101111000000111111101100000001111011000000000100100000000000000000000000000000000000000000000000000000000
0000000000000000000000001100000000000001110000000000000011100000000000111100000000000111110000000000001100000000000011110000000000000110011110000000111111111000000111111110000000011111000000000000100000000000000000000000000000000000000000000000000000000000
0000000001000000000000001100000000000000110000000000000111100000000000011110000000000101100000000000011100000000000001101000000000011111000110000001111101110000000111111111000000001111100000000000010000000000000000000000000000000000000000000000000000000000
0000000000000000000000000100000000000000111000000000001011100000000000111100000000000011110000000000011100000000000011110001000000011110000110000001111011111000000011111111000000011110100000000001100000000000000000000000000000000000000000000000000000000000
0000000000000000000000000100000000000000110000000000000111100000000000111010000000000111100000000000011110000000000001111000000000001111011110000001111101111000000111111111000000010011001000000001000000000000000000000000000000000000000000000000000000000000
0000000000000000000000001100000000000000110000000000001111000000000000111100000000000011100000000000011110000000000011110000000000001110000010000001111001110000000111111111000000011111100000000001100000000000000000000000000000000000000000000000000000000000
0000000000000000000000000110000000000000111000000000000011000000000000011000000000000011100000000000101110000000000001110000000000001110000000000001110001111000001111111110000000001111101000000000000000000000000000000000000000000000000000000000000000000000
0000000000000000000000001010000000000001111000000000000111100000000000111100000000000011110000000000001100000000000011110011100000011111011111000000111101110000001111111101000000011101100000000000100000000000000000000000000000000000000000000000000000000000
0000000000000000000000000100000000000001111100000000000111000000000000111100000000000101100000000000011100000000000011100000000000001111010110000001111011111100000111111111000000011111000000000000000100000000000000000000000000000000000000000000000000000000
0000000000000000000000001110000000000001111000000000000101100000000000011100000000000011100000000000011110000000000001110001000000000111001100000000111011111000000111111110100000110111000100000001000000000000000000000000000000000000000000000000000000000000
0000000000000000000000000110000000000000111000000000000111100000000000111000000000000111100000000000011011000000000011100000100000001110010110000001111111111000000111111111000000011110100000000001100000000000000000000000000000000000000000000000000000000000
0000000000000000000000001100000000000000111000000000000111000000000000011100000000000011110000000000011110000000000001110000000000001110101000000001111101011000000111111111000000101110000000000000110000000000000000000000000000000000000000000000000000000000
0000000000000000000000000100000000000000111100000000000111100000000000111000000000000101100000000000011100000000000001101000000000010110001110000001111111111000000111111111000000011111111000000000000000000000000000000000000000000000000000000000000000000000
0000000000000000000000000100000000000000111000000000000111100000000000111100000000000011110000000000011110000000000011110000000000001111100110000001111011110000000111111111000000010110000000000000100000000000000000000000000000000000000000000000000000000000
0000000000000000000000001010000000000000111000000000000111000000000000001100000000000001100000000000011110000000000011110000000000001110010010000000111111110000001111111111000000111110100000000000100000000000000000000000000000000000000000000000000000000000
0000000000000000000000000000000000000001111100000000000111000000000000111000000000000011110000000000011100000000000001110000000000001110000111000001111101110000000111111111000000011110101000000000000000000000000000000000000000000000000000000000000000000000
0000000010000000000000000000000000000001111000000000000011100000000000111100000000000011100000000000011110000000000001110000000000011111001111000001111111111000000111111110000000011111100000000000101000000000000000000000000000000000000000000000000000000000
0000000000000000000000000101000000000001110100000000000011000000000000011100000000000111110000000000010110000000000101110000000000011110001111000001110011111000001011111111000000011100110000000001111000000000000000000000000000000000000000000000000000000000
0000000000000000000000001110000000000001111000000000000111100000000000011100000000000111100000000000001100000000000001110001000000001100001100000001111111111000000111111111000000011111110000000000110000000000000000000000000000000000000000000000000000000000
0000000000000000000000001000000000000000111100000000000111000000000000011100000000000011110000000000001100000000000001100000000000001110001111000001111111110000001111111111100000011110000000000000000000000000000000000000000000000000000000000000000000000000
0000000000000000000000001000000000000000110000000000000111100000000000111100000000000011110000000000001100000000000011110000000000001110001100000001111011111000000111111100000000001111011000000001001000000000000000000000000000000000000000000000000000000000
0000000000000000000000001110000000000001011000000000000111000000000000111100000000000111110000000000011110000000000011100000000000011111001110000000111111110000000101111111000000011111010000000000000000000000000000000000000000000000000000000000000000000000
0000000000000000000000000000000000000000000000000000000000000000000000000000000000000000000000000000000000000000000000000000000000000000000000000000000000000000000000000000000000000000000000000000000000000000000000000000000000000000000000000000000000000000
0000000000000000000000000000000000000000000000000000000000000000000000000000000000000000000000000000000000000000000000000000000000000000000000000000000000000000000000000000000000000000000000000000000000000000000000000000000000000000000000000000000000000000
0000000000000000000000000000000000000000000000000000000000000000000000000000000000000000000000000000000000000000000000000000000000000000000000000000000000000000000000000000000000000000000000000000000000000000000000000000000000000000000000000000000000000000
0000000000000000000000000000000000000000000000000000000000000000000000000000000000000000000000000000000000000000000000000000000000000000000000000000000000000000000000000000000000000000000000000000000000000000000000000000000000000000000000000000000000000000
0000000000000000000000000000000000000000000000000000000000000000000000000000000000000000000000000000000000000000000000000000000000000000000000000000000000000000000000000000000000000000000000000000000000000000000000000000000000000000000000000000000000000000
0000000000000000000000000000000000000000000000000000000000000000000000000000000000000000000000000000000000000000000000000000000000000000000000000000000000000000000000000000000000000000000000000000000000000000000000000000000000000000000000000000000000000000
0000000000000000000000000000000000000000000000000000000000000000000000000000000000000000000000000000000000000000000000000000000000000000000000000000000000000000000000000000000000000000000000000000000000000000000000000000000000000000000000000000000000000000
0000000000000000000000000000000000000000000000000000000000000000000000000000000000000000000000000000000000000000000000000000000000000000000000000000000000000000000000000000000000000000000000000000000000000000000000000000000000000000000000000000000000000000
0000000000000000000000000000000000000000000000000000000000000000000000000000000000000000000000000000000000000000000000000000000000000000000000000000000000000000000000000000000000000000000000000000000000000000000000000000000000000000000000000000000000000000
0000000000000000000000000000000000000000000000000000000000000000000000000000000000000000000000000000000000000000000000000000000000000000000000000000000000000000000000000000000000000000000000000000000000000000000000000000000000000000000000000000000000000000
0000000000000000000000000100000000000001000000000000000100100000000000010011000000000001001000000000000101100000000000111000000000000011100000000000010000000000000010101000000000001111100000000001110000000000000000000000000000000000000000000000000000000000
0000000000000000000000000000000000000001110000000000001100110000000000110010000000000011011100000000000110100000000001011100000000000110100000000000011011000000000010000000000000001011100000000001111000000000000000100000000000000000000000000000000000000000
0000000000000000000000001000000000000001111000000000000111100000000000010010000000000001001000000000000101100000000000111100000000000010100000000000110010000000000011010100000000001011100000000000111101000000000000000000000000000000000000000000000000000000
0000000000000000000000001000000000000000000100000000001100100000000000010010000000000001000000000000000111100000000000111100000000000111110000000000110111100000000000001100000000001111110000000001110100000000000010000000000000000000000000000000000000000000
0000000000000000000000001000000000000001110000000000000110100000000000110101000000000001000100000000000101100000000000111100000000000011110000000000010001000000000100001000000000011110110000000000100110000000000010000000000000000000000000000000000000000000
0000000000000000000000000000000000000000111000000000001100100000000000000001000000000011001100000000000101100000000000011000000000000011111000000000010111000000000010000000000000011110100000000001110100000000000000000000000000000000000000000000000000000000
0000000000000000000000000000000000000010111000000000000100010000000000010011000000000001011100000000001111100000000000011110000000000111100000000001011011000000000010001100000000001101100000000001110101000000000011000000000000000000000000000000000000000000
0000000000000000000000000000000000000001111000000000000100000000000000100011000000000011001100000000000111100000000000011110000000000001100000000000000010000000000000001100000000000011000000000001100000000000000100000000000000000000000000000000000000000000
0000000000000000000000001000000000000001100000000000001001100000000000110011000000000000000000000000000111010000000000111000000000000111100000000000010000000000000110001100000000011011100000000001100000000000000110000000000000000000000000000000000000000000
0000000000000000000000001000000000000001010000000000000100110000000000110100000000000001001000000000001010110000000000111100000000000111110000000000111001000000000011001000000000001111100000000000100000000000000010000000000000000000000000000000000000000000
0000000000000000000000000000000000000001100000000000001100100000000000010001000000000001000100000000000101100000000001111100000000000011110000000000010010000000000111001100000000001110110000000000111000000000000010000000000000000000000000000000000000000000
0000000000000000000000001000000000000000100000000000000101100000000000100001000000000000001010000000000110100000000000111010000000000111110000000000011111000000000010011100000000001001100000000001111000000000000000000000000000000000000000000000000000000000
0000000000000000000000000000000000000000110000000000000101100000000000010011000000000001001100000000001111100000000000111100000000000110100000000000011101000000000110011000000000001111100000000000101100000000000000000000000000000000000000000000000000000000
0000000000000000000000000000000000000000110000000000000000110000000000010011000000000001000100000000000111100000000000011100000000000001110000000000010000000000000010101100000000001111000000000001101000000000000000000000000000000000000000000000000000000000
0000000000000000000000000000000000000001010000000000000010100000000000010000000000000001000100000000000011100000000000111100000000000111110000000000011001000000000010001100000000001111100000000001110000000000000010000000000000000000000000000000000000000000
0000000000000000000000010000000000000000110100000000001111100000000000010010000000000000001100000000000110000000000000111110000000000011100000000000111001000000000110001000000000011111100000000001111000000000000001000000000000000000000000000000000000000000
0000000000000000000000000000000000000010110000000000000101100000000000110011000000000001001100000000000011100000000000111100000000000110110000000000111011000000000010000100000000001110000000000000110000000000000000000000000000000000000000000000000000000000
0000000000000000000000001000000000000000110000000000001100000000000000100001000000000001001100000000000101100000000001011000000000000011000000000000011011000000000101001100000000011111100000000001110000000000000000000000000000000000000000000000000000000000
0000000000000000000000000000000000000000111000000000000011100000000000110011100000000001100100000000000111100000000001011100000000000111100000000000001100000000000110000100000000011101000000000000111100000000000000000000000000000000000000000000000000000000
0000000000000000000000000000000000000001101000000000000110000000000000010010000000000001001000000000001111100000000000011100000000000011110000000000001001100000000110101100000000011111110000000000111000000000000001000000000000000000000000000000000000000000
0000000000000000000000001000000000000000110000000000000110100000000000110011000000000011001000000000001101100000000000111100000000001011110000000000101011000000000110100000000000011111100000000001110000000000000000000000000000000000000000000000000000000000
0000000000000000000000000100000000000000110000000000000101100000000000111001000000000001001000000000000101100000000000111000000000000011100000000000100001000000000111111000000000001101110000000000100000000000000011000000000000000000000000000000000000000000
0000000000000000000000001000000000000001110000000000000101001000000000000000000000000011001110000000000111110000000000111100000000000111110000000000101101000000000010000110000000011101100000000001111000000000000000000000000000000000000000000000000000000000
0000000000000000000000000000000000000011011000000000001010110000000000010010000000000001000000000000000111100000000000001011000000000110100000000000111010000000000010000000000000010100000000000000010100000000000000000000000000000000000000000000000000000000
0000000000000000000000001000000000000000101000000000001000000000000000001011000000000011001100000000000111100000000000111100000000000110101000000000011011000000000011011100000000011011100000000001100000000000000100100000000000000000000000000000000000000000
0000000000000000000000000000000000000001110000000000001110100000000000010010000000000001001100000000000111100000000000111100000000000111100000000000010000000000000110011100000000011111100000000001100000000000000000000000000000000000000000000000000000000000
0000000000000000000000000000000000000001110000000000000010100000000000011011000000000011001000000000000101100000000000111100000000000011100000000000010011100000000010111100000000011101000000000000101000000000000000000000000000000000000000000000000000000000
0000000000000000000000001000000000000001110000000000000111000000000000010011000000000001001000000000000111110000000000011110000000000010100000000000111001000000000110001100000000001011100000000001011000000000000010000000000000000000000000000000000000000000
0000000000000000000000001000000000000001110000000000000100110000000000100001000000000011001100000000000100110000000000011100000000000010100000000000010011000000000110011100000000001111100000000001111100000000000000000000000000000000000000000000000000000000
0000000000000000000000000100000000000001111000000000000110110000000000000011000000000011101000000000000101100000000000011100000000000111100000000000111000000000000010001100000000011001100000000000111000000000000000000000000000000000000000000000000000000000
0000000000000000000000000000000000000001111000000000001111110000000000101011000000000000001000000000001111100000000000011000000000000111110000000000011011000000000010001000000000011111000000000011111000000000000000000000000000000000000000000000000000000000
0000000000000000000000000000000000000001111000000000001101100000000000010000000000000011000110000000001111110000000000011100000000000001110000000000010011000000000010010110000000111011100000000001001100000000000000000000000000000000000000000000000000000000
0000000000000000000000000000000000000001110000000000000111110000000000110000100000000000000100000000000101010000000000011000000000000011110000000000110001000000000010001100000000011001100000000000110000000000000010000000000000000000000000000000000000000000
0000000000000000000000000000000000000001110000000000000110110000000000010010000000000011000010000000000100000000000000011100000000000010100000000000000001000000000000001100000000011100100000000001111000000000000010000000000000000000000000000000000000000000
0000000000000000000000000100000000000001111000000000001100100000000000110000000000000000000100000000000100110000000001011110000000000111100000000000110000000000000010001000000000011011010000000001110000000000000000000000000000000000000000000000000000000000
0000000000000000000000001000000000000000110000000000001100010000000000111110000000000001001000000000000111100000000000111000000000000110110000000000001001000000000010000000000000011111100000000000110000000000000010000000000000000000000000000000000000000000
0000000000000000000000000000000000000000101000000000000101100000000000010010000000000011001000000000000111100000000000111100000000000101100000000000010011000000000110000100000000011011110000000001111000000000000000000000000000000000000000000000000000000000
0000000000000000000000000000000000000000110000000000000100000000000000010010000000000001010000000000001101100000000000011100000000000110110000000000110110000000000011001100000000000101100000000001110000000000000010000000000000000000000000000000000000000000
0000000000000000000000000000000000000001111000000000000110100000000000010011000000000011001100000000000100000000000000111100000000000011100000000000110000100000000111000100000000011100010000000000110000000000000000000000000000000000000000000000000000000000
0000000000000000000000000000000000000001011000000000001101100000000000000001000000000001001100000000000111100000000000111100000000000010110000000000111011000000000010000000000000001110110000000000101110000000000001000000000000000000000000000000000000000000
0000000000000000000000001000000000000001110000000000000111110000000000100111000000000010110000000000000111100000000000111110000000001011110000000000011000000000000011000100000000001111100000000001100000000000000010000000000000000000000000000000000000000000
0000000000000000000000000000000000000001011000000000000101100000000000010000000000000011000000000000001111100000000000011100000000001011110000000000111001000000000111000100000000011001100000000000111000000000000000000000000000000000000000000000000000000000
0000000000000000000000001000000000000001111000000000000111110000000000110010000000000001000100000000000101110000000000011000000000000111110000000000011001000000000010111100000000011110110000000000110000000000000000000000000000000000000000000000000000000000
0000000000000000000000010000000000000001011000000000001110110000000000110000000000000000010100000000000111100000000000111100000000000001100000000000101001100000000010101000000000001111100000000000111000000000000000000000000000000000000000000000000000000000
0000000000000000000000000000000000000001110000000000000100000000000000110001000000000011100100000000000111000000000000011100000000000011100000000000110001000000000011101100000000011101110000000001111010000000000110000000000000000000000000000000000000000000
0000000000000000000000000000000000000000111000000000000101110000000000010011000000000010001100000000001100100000000000111100000000000011110000000000110011000000000010001100000000011110100000000000111100000000000000000000000000000000000000000000000000000000
0000000000000000000000000100000000000011010000000000000100100000000000111001000000000011001100000000000111110000000000111110000000000000100000000000000001000000000010001000000000001111010000000001100000000000000000000000000000000000000000000000000000000000
0000000000000000000000000000000000000000111000000000000001100000000000011011000000000001001000000000000111000000000001111100000000000110100000000001110011000000000111011100000000011100100000000001111000000000000000000000000000000000000000000000000000000000
0000000000000000000000000000000000000000111000000000001110110000000000111011000000000001010000000000000110100000000000011100000000000111100000000000010001000000000011100100000000001111110000000000100000000000000000000000000000000000000000000000000000000000
0000000000000000000000001000000000000001110000000000000101110000000000111010000000000000001000000000000110100000000000011100000000000010010000000000011110000000000110101100000000000011000000000000111000000000000000000000000000000000000000000000000000000000
0000000000000000000000000000000000000001110000000000000100110000000000010000000000000011001110000000000011100000000000111000000000000111010000000000100101000000000011001000000000011111100000000001111000000000000010000000000000000000000000000000000000000000
0000000000000000000000001100000000000000111000000000000101100000000000111000000000000000010100000000001111100000000000011100000000000001100000000000010000000000000111001100000000001111010000000001111100000000000000000000000000000000000000000000000000000000
0000000000000000000000010000000000000011110000000000001000100000000000010010000000000001000100000000000111100000000000011100000000000111100000000000111000000000000010000110000000001011000000000001100000000000000010000000000000000000000000000000000000000000
0000000000000000000000001000000000000000111000000000001100100000000000010100000000000011001100000000000111100000000000111000000000000011100000000000010011000000000001011100000000000111110000000011101100000000000100000000000000000000000000000000000000000000
0000000000000000000000000000000000000000100000000000001110000000000000111011000000000001001000000000000111100000000000111000000000000011100000000000010001000000000110001100000000001101100000000000101010000000000000000000000000000000000000000000000000000000
0000000000000000000000010000000000000001100000000000001100000000000000111010000000000011001000000000001101000000000000011000000000000110100000000000111010000000000110111100000000001101010000000001111100000000000000000000000000000000000000000000000000000000
0000000000000000000000000000000000000001101000000000001100000000000000111000000000000000000000000000000101100000000000101000000000000011110000000000100011000000000010001100000000000111010000000000000000000000000001000000000000000000000000000000000000000000
0000000000000000000000000000000000000000101000000000001100100000000000110011000000000011001100000000000111100000000000111100000000000011110000000000010011000000000110000100000000001111000000000001110000000000000010000000000000000000000000000000000000000000
0000000000000000000000000000000000000000010000000000001100000000000000110101000000000011001000000000000111100000000000011000000000000010100000000000010011000000000010000100000000001011100000000000110000000000000000000000000000000000000000000000000000000000
0000000000000000000000010000000000000001110100000000000100100000000000111010000000000011000100000000000100000000000000111100000000000110110000000000010101000000000010000110000000011111100000000001110010000000000000000000000000000000000000000000000000000000
0000000000000000000000000000000000000001100000000000001001100000000000010001100000000011101100000000000111110000000000111000000000000111100000000000110001100000000111001100000000011111100000000000110000000000000000000000000000000000000000000000000000000000
0000000000000000000000000000000000000001110000000000000110100000000000100000000000000001001100000000001111010000000000011100000000000011110000000000010001000000000010001100000000010111000000000001110000000000000010000000000000000000000000000000000000000000
0000000000000000000000001000000000000000111000000000000101100000000000110000000000000001001100000000000101100000000000111000000000000111110000000000011011000000000010011100000000011101000000000001111000000000000010000000000000000000000000000000000000000000
0000000000000000000000001000000000000001111000000000000100100000000000010111000000000011001100000000001111000000000000011010000000000010100000000000010000000000000010011100000000010111000000000001110000000000000010000000000000000000000000000000000000000000
0000000000000000000000000000000000000001111000000000001111100000000000110010000000000001000100000000000111000000000000111000000000000111110000000000111000000000000010100100000000011101000000000010111000000000000000000000000000000000000000000000000000000000
0000000000000000000000010000000000000001110000000000000111010000000000011001000000000010000100000000000110100000000000111100000000000011010000000000110101000000000010001000000000011111100000000001110000000000000000000000000000000000000000000000000000000000
0000000000000000000000000000000000000001010000000000000000110000000000110010000000000011001000000000000010100000000000110000000000000010110000000000011101000000000110000000000000011101000000000000110100000000000000000000000000000000000000000000000000000000
0000000000000000000000011000000000000001111000000000001111100000000000001011000000000001000000000000000110000000000000011110000000000011100000000000100001000000000111101000000000011111100000000000111100000000000001000000000000000000000000000000000000000000
0000000000000000000000000000000000000001000000000000000111000000000000010010000000000010000000000000001111000000000000111000000000000110110000000000111010000000000000000100000000000011000000000001111000000000000000000000000000000000000000000000000000000000
0000000000000000000000000000000000000001110000000000001101110000000000111001000000000011001000000000000101100000000000111100000000000111010000000000101011000000000011001000000000001111100000000001111000000000000000000000000000000000000000000000000000000000
0000000000000000000000001000000000000001111000000000001000100000000000011000000000000001101000000000000111110000000000011100000000000111110000000000111011000000000110101100000000011101110000000001101000000000000010000000000000000000000000000000000000000000
0000000000000000000000000100000000000001111000000000000101100000000000010111000000000000101100000000000011110000000001101100000000000011110000000000011110000000000011001110000000011111110000000000110000000000000000000000000000000000000000000000000000000000
0000000000000000000000000000000000000001110000000000001101100000000000110011000000000000101100000000000111100000000000111100000000000011000000000000000011000000000010001100000000001101100000000000111010000000000001000000000000000000000000000000000000000000
0000000000000000000000000000000000000011111000000000001101100000000000010101000000000011001000000000000101100000000000111000000000000111110000000000110011000000000110010000000000000111010000000001111000000000000010000000000000000000000000000000000000000000
0000000000000000000000011000000000000001110000000000000101000000000000000000000000000011001000000000000110100000000001111101000000000011100000000000111011000000000000001100000000001111100000000001011000000000000000000000000000000000000000000000000000000000
0000000000000000000000001000000000000001110000000000000100110000000000010010000000000001000000000000000011100000000000011100000000001010100000000000111011000000000111001100000000011110100000000000101100000000000010000000000000000000000000000000000000000000
0000000000000000000000000000000000000001101000000000000111100000000000010001000000000011100010000000001111010000000000011000000000000111110000000000110001000000000011001000000000001011000000000001110000000000000000000000000000000000000000000000000000000000
0000000000000000000000000000000000000000010000000000000110110000000000010010000000000001001100000000000111100000000000011100000000000111100000000000110011000000000011000000000000111011100000000001110100000000000000000000000000000000000000000000000000000000
0000000000000000000000000000000000000001111000000000000101100000000000011010000000000000000000000000001111000000000000011000000000000110100000000000110001000000000010001000000000011111000000000011110000000000000000000000000000000000000000000000000000000000
0000000000000000000000000000000000000001101000000000001101100000000000010011000000000001000100000000000111000000000000010010000000000111110000000000111000100000000010001000000000001111110000000001111000000000000000000000000000000000000000000000000000000000
0000000000000000000000000000000000000001100000000000001001100000000000010011000000000011001100000000000111100000000000011000000000000010100000000000110101000000000011001000000000011110000000000000110000000000000000000000000000000000000000000000000000000000
0000000000000000000000000100000000000001011000000000000111000000000000111011000000000001001100000000001101100000000000111110000000000111110000000000010001000000000111011000000000101011100000000001111000000000000010000000000000000000000000000000000000000000
0000000000000000000000001000000000000000101000000000001110100000000000011010000000000001001100000000001111110000000001001100000000001111100000000000011001000000000011001100000000011101100000000000111100000000000000000000000000000000000000000000000000000000
0000000000000000000000001000000000000001010000000000000101100000000000100001000000000001001100000000000111100000000000111110000000000111100000000000111010000000000010001100000000010111110000000000110000000000000000000000000000000000000000000000000000000000
0000000000000000000000000000000000000001011000000000000101100000000000110011000000000011101000000000001111100000000000011110000000000011010000000000111011000000000010000100000000011011100000000011110000000000000010000000000000000000000000000000000000000000
0000000000000000000000001000000000000000110000000000000101000000000000110110100000000000101100000000000111110000000000111100000000000010110000000000010001000000000011000100000000001111100000000001110000000000000000000000000000000000000000000000000000000000
0000000000000000000000010000000000000001111000000000000110110000000000110001000000000001001100000000001111110000000001111110000000000111100000000000111001000000000110011100000000011111110000000001111000000000000100000000000000000000000000000000000000000000
0000000000000000000000000100000000000010111000000000001100100000000000010110000000000011101100000000000111100000000000011100000000000010110000000000111011000000000001001100000000011111000000000000111000000000000000000000000000000000000000000000000000000000
0000000000000000000000000000000000000011110000000000001000100000000000110001000000000001001000000000000111110000000000011000000000000010100000000001000011000000000110011100000000011010110000000001110000000000000000000000000000000000000000000000000000000000
0000000000000000000000000000000000000001110000000000000110100000000000010000000000000001001100000000000010100000000001111000000000000010110000000000010011000000000011000100000000011001000000000001100000000000000000000000000000000000000000000000000000000000
0000000000000000000000001000000000000001101100000000000100100000000000110100000000000011001100000000000111100000000000011110000000000111110000000000110001000000000011001100000000010011100000000001011100000000000000000000000000000000000000000000000000000000
0000000000000000000000000000000000000001100000000000000100100000000000010001000000000011000100000000000101000000000000011100000000000011100000000000011001000000000000011100000000011111100000000000110110000000000000000000000000000000000000000000000000000000
0000000000000000000000001000000000000000110000000000000101110000000000100011000000000011001100000000000100000000000001111000000000001111110000000000010000000000000010011100000000011111110000000000111000000000000000000000000000000000000000000000000000000000
0000000000000000000000000000000000000001010000000000001001000000000000111001000000000011000100000000000110110000000000111110000000000010110000000000000011000000000011000110000000000011000000000001111000000000000000000000000000000000000000000000000000000000
0000000000000000000000000000000000000001011000000000000111100000000000110011000000000011011000000000000101100000000000011100000000000010010000000000011001000000000000001100000000011101000000000001110000000000000000000000000000000000000000000000000000000000
0000000000000000000000000000000000000000110000000000000100100000000000111010000000000011001100000000001111010000000000011000000000000011110000000000011011000000000010000000000000111110000000000001110000000000000000000000000000000000000000000000000000000000
0000000000000000000000000000000000000000111000000000000100000000000000110010000000000010001100000000000111000000000000111000000000000010100000000000010011000000000110001100000000011101100000000001111100000000000000000000000000000000000000000000000000000000
0000000000000000000000000000000000000001101000000000001101100000000000110010000000000011000100000000000100010000000000111100000000000011100000000000011001000000000011011100000000001011000000000001110000000000000010000000000000000000000000000000000000000000
0000000000000000000000001000000000000001110000000000001100000000000000000001000000000001001100000000001101110000000000011100000000000111111000000000011010000000000010001100000000011111100000000000110010000000000010000000000000000000000000000000000000000000
0000000000000000000000000000000000000001111000000000001010100000000000110000000000000011010100000000001111100000000000111000000000000011100000000000111000000000000010001000000000011111000000000001111000000000000100000000000000000000000000000000000000000000
0000000000000000000000000000000000000000000000000000000000000000000000000000000000000000000000000000000000000000000000000000000000000000000000000000000000000000000000000000000000000000000000000000000000000000000000000000000000000000000000000000000000000000
0000000000000000000000000000000000000000000000000000000000000000000000000000000000000000000000000000000000000000000000000000000000000000000000000000000000000000000000000000000000000000000000000000000000000000000000000000000000000000000000000000000000000000
0000000000000000000000000000000000000000000000000000000000000000000000000000000000000000000000000000000000000000000000000000000000000000000000000000000000000000000000000000000000000000000000000000000000000000000000000000000000000000000000000000000000000000
0000000000000000000000000000000000000000000000000000000000000000000000000000000000000000000000000000000000000000000000000000000000000000000000000000000000000000000000000000000000000000000000000000000000000000000000000000000000000000000000000000000000000000
0000000000000000000000000000000000000000000000000000000000000000000000000000000000000000000000000000000000000000000000000000000000000000000000000000000000000000000000000000000000000000000000000000000000000000000000000000000000000000000000000000000000000000
0000000000000000000000000000000000000000000000000000000000000000000000000000000000000000000000000000000000000000000000000000000000000000000000000000000000000000000000000000000000000000000000000000000000000000000000000000000000000000000000000000000000000000
0000000000000000000000000000000000000000000000000000000000000000000000000000000000000000000000000000000000000000000000000000000000000000000000000000000000000000000000000000000000000000000000000000000000000000000000000000000000000000000000000000000000000000
0000000000000000000000000000000000000000000000000000000000000000000000000000000000000000000000000000000000000000000000000000000000000000000000000000000000000000000000000000000000000000000000000000000000000000000000000000000000000000000000000000000000000000
0000000000000000000000000000000000000000000000000000000000000000000000000000000000000000000000000000000000000000000000000000000000000000000000000000000000000000000000000000000000000000000000000000000000000000000000000000000000000000000000000000000000000000
0000000000000000000000000000000000000000000000000000000000000000000000000000000000000000000000000000000000000000000000000000000000000000000000000000000000000000000000000000000000000000000000000000000000000000000000000000000000000000000000000000000000000000
0000000000000000000000001000000000000001111000000000011111110000000011100011000000001000000110000001000000110000001000000001000000100000001100000110000111100000001001101100000001101011110000000001011111000000000000000000000000000000000000000000000000000000
0000000000000000000000000010000000000001111110000000011111100000000100100011000000110100000110000010000000011000001000000011100001100000001100000010000101110000000001111100000000011111110000000000100111000000000000000000000000000000000000000000000000000000
0000000000000000000000000000000000000000111100000000000111010000000111000001000000011000000100000010100000010000011000000011000000110000001100000110000011010000001001110110000000110110110000000001000010000000000000000000000000000000000000000000000000000000
0000000000000000000000000000000000000000111000000000011111100000000011100001000000110000000010000011000000010000011000000011100001100001000110000010000111100000001001110101000000110110100000000000100010000000000000000000000000000000000000000000000000000000
0000000000000000000000000000000000000011111000000000010100110000000010010001100000010000001100000010000000011000011000000011100000100001001100000010000110110000000000110010000000011111110000000001100110000000000000000000000000000000000000000000000000000000
0000000000000000000000000000000000000001111000000000101011111000000010101001100000111000000110000111000000011000011000000001100000100001101100000110000010110000001010111000000000111111100000000001101110000000000000000000000000000000000000000000000000000000
0000000000000000000000000000000000000000111100000000011110111000000001100001100000111000000110000011000000010000001100000001100001100001001100000000000000100000001100101111000000110111110000000000000100000000000000000000000000000000000000000000000000000000
0000000000000000000000001100000000000001111100000000001110110000000100101001100000101000001100000101100000010000011000000001000000100000001100000010000100110000001000111100000000111111100000000001100111000000000000000000000000000000000000000000000000000000
0000000000000000000000000000000000000000111000000000011111110000000010000101000000011000000110000011100000110000001000000011000001100001001100000110000001110000011000111100000000001111100000000010110100000000000000000000000000000000000000000000000000000000
0000000000000000000000001001000000000001111010000000011111100000000111000011000000000000000100000000000000010000011000000001100000100000001110000100000110100000000001111111000000101111100000000001101110000000000000001000000000000000000000000000000000000000
0000000000000000000000000000000000000001111000000000001111111000000010100001000000011000000100000110000000010000000000000011000000000000011100000100000011110000001101111110000000101111110000000000110100000000000000000000000000000000000000000000000000000000
0000000000000000000000000000000000000000111100000000011111110000000011100001100000110000000110000010000000010000001000000011000001000011000100000100001111100000001100111100000000011011010000000001100110000000000000010000000000000000000000000000000000000000
0000000000000000000000000000000000000000110000000000011111110000000000010011000001111100001100000000000000000000001000000011000001100000001100000111001101110000011000011100000000111011110000000000010000000000000000000000000000000000000000000000000000000000
0000000000000000000000001100000000000001110000000000011101100000000001100001000000111000001110000100000000011000011000000001000001100000000110000111000001110000001100111100000000001111100000000000100110000000000000000000000000000000000000000000000000000000
0000000000000000000000001000000000000001111000000001011101110000000001110101100000111000001110000011000000011000001000000001000000000000001100000100001100110000001010110110000000101110001000000000000110000000000000000000000000000000000000000000000000000000
0000000000000000000000000000000000000000111000000000011111110000000100000011000000101000001100000111000000011000011000000011100000100000001110000110000110100000001001010110000001111111100000000001000110000000000000000000000000000000000000000000000000000000
0000000000000000000000000000000000000011011100000000010111110000000011100011100000111100000110000011000000011000011000000011000001100000001110000010000111110000011000110110000000011111100000000001100010000000000000010000000000000000000000000000000000000000
0000000000000000000000000110000000000001111000000000101111100000000001000001100000111000001110000010000000010000001000000011000000100000101100000010001111100000001001111110000000111111110000000001100100000000000000000000000000000000000000000000000000000000
0000000000000000000000001010000000000001111100000000101111110000000011000001100001111000001100000011000000011000000000000001100000100000000100000110000110111000001101011101000000111111000000000000000110000000000000000000000000000000000000000000000000000000
0000000000000000000000000110000000000000110000000000111111100000000111100011100001010100000100000010000000010000000100000001000000000000001110000010000101101000011001111111000000011111111000000000010100000000000000000000000000000000000000000000000000000000
0000000000000000000000000000000000000010111100000000001101111000000011100011000000010100000110000011000000111000000000000001000000100000001100001010000110100000010111110100000000101001100000000000000110000000000000000000000000000000000000000000000000000000
0000000000000000000000000010000000000001111100000000011111101000000011001011000000111000000110000011000000110000001000000001100000100000001110000001001101100000001100111100000000111111110000000000101100000000000000000000000000000000000000000000000000000000
0000000000000000000000000000000000000001110100000001111101111000000011100011100000010000000100000011000000010000001000000011000000100000001110000010000110100000001000110110000000101111100000000001100101000000000000010000000000000000000000000000000000000000
0000000000000000000000000100000000000011111100000000101010100000000011100011000000011000001110000001000000010000001000000011100000110000000100000110000101110000001001111100000000111111110000000001000110000000000000000000000000000000000000000000000000000000
0000000000000000000000000000000000000000111100000000001101111000000111000011100000011000000010000010000000011000010000000001100001100001001100000010001000110000001101111110000000101111100000000000100111000000000000000000000000000000000000000000000000000000
0000000000000000000000001100000000000001111100000000011111110000000011100011100000010000000110000001000000101000001100000011000001100001001100000010000101100000001000111100000000111111100000000000000010000000000000001000000000000000000000000000000000000000
0000000000000000000000000000000000000000111000000000011111111000000111000001100000111000001100000101000000011000000000000011100000100000100100000010001111110000001101101110000000101111110000000010000100000000000000000000000000000000000000000000000000000000
0000000000000000000000000100000000000001011000000000101111111000000011001001000000110000000110000010000000011000011000000011100000000001101100000110000110100000001100101110000000011111110000000001011100000000000000000000000000000000000000000000000000000000
0000000000000000000000000100000000000000111000000000011111110000000011100011000000011000001100000011000000001000011100000011000001000000001100000010000101010000011101111100000000111011110000000001100100000000000000000000000000000000000000000000000000000000
0000000000000000000000000100000000000001011000000000001111110000000011000011100000111010001110000000000000001000001000000011000001100000001100000010000111101000000100111110000000101111100000000001100011000000000000000000000000000000000000000000000000000000
0000000000000000000000000000000000000001111100000000001111110000000011100001000000110100001100000010000000111000011000000001100011100000001100000010000001110000011100110100000000011111000000000001100010000000000000000000000000000000000000000000000000000000
0000000000000000000000000000000000000001101000000000011111011000000010000001100000111100001110000010000000110000001000000011000000100010001110000010000001110000000011111110000001110111100000000000000110000000000000000000000000000000000000000000000000000000
0000000000000000000000000000000000000001111010000000001010110000000101100011000000010000001100000010000000111000011000000001000001100000001100000010000101110000001000011100000000111111110000000001101100000000000000000000000000000000000000000000000000000000
0000000000000000000000001000000000000001111100000000001100110000000011010001000000111000000110000010000000010000001000000011000001000001001100000110000110010000001001110110000000111101110000000000100110000000000000000000000000000000000000000000000000000000
0000000000000000000000001000000000000001111000000000011111110000000111100011000000010000000110000010000000011000001000000011100001100000000000000110000110000000001011101010000000101111110000000010100110000000000000001000000000000000000000000000000000000000
0000000000000000000000000100000000000000110000000000001111011000000011000101100000011100000100000011000000110000011000000011100001100000111100000010000100100000001101111110000000011010101000000001110110000000000000000000000000000000000000000000000000000000
0000000000000000000000000000000000000001111000000000011001110000000110000011100000001000000100000100000000011000001000000001000000100000000100000011010000100000001011111100000000111111100000000000000111000000000000010000000000000000000000000000000000000000
0000000000000000000000000000000000000001111000000000011101110000000101000000000000111000000110000010000000011000001000000011100001000000001000000010000010110000001000101110000001111101110000000000100100000000000000000000000000000000000000000000000000000000
0000000000000000000000000000000000000001111000000000011110111000000111110001100000001000000110000011000000011000001000000001000001100000000100000110000101110000011000111100000000111111100000000000000110000000000000000000000000000000000000000000000000000000
0000000000000000000000000000000000000000111000000000011111110000000010111111000000110000000010000011000000110000001100000001100001100000001100000011000101110000011001101110000000111111111000000001100111000000000000100000000000000000000000000000000000000000
0000000000000000000000000110000000000000111100000000010101110000000011110010000000011000001110000001000000010000010000000001100000100000010100000010000001100000001001111110000000011111100000000001100100000000000000000000000000000000000000000000000000000000
0000000000000000000000000000000000000001111000000000011110110000000001000001000000011000000110000011000000010000001000000001100000100001101100000110000000100000001110110110000001001111100000000000000100000000000000000000000000000000000000000000000000000000
0000000000000000000000001000000000000000111100000000001111110000000011010011100000111000000110000011000000110000001000000011100000100000000100000010001100100000001101111110000000010111110000000000100110000000000000000000000000000000000000000000000000000000
0000000000000000000000000000000000000000111000000001010110100000000011100001100000011000001110000011000000011000001000000001000001100001001100000000000011110000011100111101000000110111101000000010000110000000000000000000000000000000000000000000000000000000
0000000000000000000000000000000000000101011000000000011101110000000111010011100000011000000100000011000000010000011000000011100001100000001100000010001111110000001000110110000000011111110000000000100010000000000000010000000000000000000000000000000000000000
0000000000000000000000000000000000000000111100000000001111001000000011000011000000101110001100000110000000110000001000000011100001110000000100000000000110010000010101111110000000111111001000000001000101000000000000000000000000000000000000000000000000000000
0000000000000000000000000100000000000001111000000000011100010000000110000000000000011100000100000010000000010000010000000011000000100000001100000110001110100000011000110110000000111001100000000010001000000000000000000000000000000000000000000000000000000000
0000000000000000000000000010000000000010111000000000010110010000000001000011000000111000000110000010000000011000001000000001000001100001010100000010000111100000010101110110000000111011110000000000000110000000000000000000000000000000000000000000000000000000
0000000000000000000000000100000000000000111100000000110111111000000111101011000000110000000100000010000000011000011000000001100000100000011110000100001101110000001101110101000000111111100000000000101011000000000000000000000000000000000000000000000000000000
0000000000000000000000000001000000000000111100000000001101101000000101010001000000000000000100000110100000111000001100000001100000100000001110000110000110110000001110111100000000111111110000000001100110000000000000000000000000000000000000000000000000000000
0000000000000000000000000000000000000000110000000000111100110000000111000011100001101000001110000011000000011000001100000001000000100000001110000010000000110000001001101110000000101100100000000011100100000000000000000000000000000000000000000000000000000000
0000000000000000000000001000000000000001111000000000011111110000000111000011000000011000000110000010100000001000011000000011100000000000101100000010000101110000011111110101000000110011101000000000010010000000000000000000000000000000000000000000000000000000
0000000000000000000000000000000000000001111000000000000111110000000111000001100000111000001100000011000000011000011000000011100000100000001110000010001111100000001001101010000000011111100000000000000110000000000000010000000000000000000000000000000000000000
0000000000000000000000000000000000000011111100000000010111110000000011011011100000111000000110000111000000101000001000000001000000100000001100000000000100100000000111111011000000110101110000000000110100000000000000000000000000000000000000000000000000000000
0000000000000000000000001100000000000001111100000000101011100000000001100011000000011000001100000011000000011000011100000011000001100001000100000010000001110000011101111110000000111111100000000000100010000000000000010000000000000000000000000000000000000000
0000000000000000000000000010000000000000111000000000010101110000000010000011100000111000001100000101000000011000001000000011100001110000000100000100000000100000010101111100000000001111100000000000111000000000000000000000000000000000000000000000000000000000
0000000000000000000000000000000000000011111000000000001111110000000001000011100000110000001110000010000000111000001000000011100000100000101110000111000111110000011101110110000000111101110000000000100010000000000000000000000000000000000000000000000000000000
0000000000000000000000000000000000000010111000000000011111111000000111101001000000111000000100000011000000010000011000000001100000100000001100000011000111110000001010111101000000110001110000000001101100000000000000000000000000000000000000000000000000000000
0000000000000000000000001010000000000100010000000000011110110000000011001011100000011000001100000011000000011000000000000011000000100000001110000000001110110000001000110110000000010111110000000010000100000000000000000000000000000000000000000000000000000000
0000000000000000000000000100000000000001011000000000001110111000000011000111000000110000001110000011000000010000001000000011100001100000000110000110001011110000011010111100000000011100110000000000100110000000000000000000000000000000000000000000000000000000
0000000000000000000000000000000000000001111000000000011111100000000111000011000000011000001100000010000000010000011100000011000000100000000100000010001010110000001101111100000000101111100000000000100110000000000000000000000000000000000000000000000000000000
0000000000000000000000000000000000000001110000000000011110110000000111100011100000110000000110000000100000011000001000000010100001000000000110000110000101100000011001110101000000111111110000000000010111000000000000000000000000000000000000000000000000000000
0000000000000000000000000100000000000001111000000000001100110000000111101101000000111000000110000010000000011000001000001001000001100000001100000110000101111000001000110100000000011110110000000000100100000000000000000000000000000000000000000000000000000000
0000000000000000000000000000000000000001111000000000011110000000000011010011000000011000001100000110100000010000001000000001100001110000001100000000000011110000011101111110000000010110100000000000000110000000000000000000000000000000000000000000000000000000
0000000000000000000000000100000000000000111100000000011111101000000111100011000000111000000100000010000000011000001100000010000001100000001110000010000101110000001000011110000000011011110000000000110100000000000000000000000000000000000000000000000000000000
0000000000000000000000000000000000000001111000000000001111110000000111100011000000011000001100000001000000101000011000000011100000110000001110000011001101110000000000111100000000011111100000000000000100000000000000000000000000000000000000000000000000000000
0000000000000000000000010010000000000000111100000000011010110000000011100001000000110000000110000011000000011000000000000001100000100000000110000110000100110000001001110100000000100111110000000100110010000000000000000000000000000000000000000000000000000000
0000000000000000000000000110000000000010110100000000100111111000000111010001100000011000000000000011000000111000011000000000100001100000101100000110001111110000011100111110000000110111110000000000100010000000000000000000000000000000000000000000000000000000
0000000000000000000000000000000000000001111100000000011110111000000001000001000000011000000110000010000000010000001000000011100001000000011000000010001010110000000000111110000000111111100000000000000100000000000000000000000000000000000000000000000000000000
0000000000000000000000001000000000000001111100000001000100110000001111010111000000011100001100000001000000111000001000000011100000100000101100000000000111110000011111011010000000011110110000000000000000000000000000000000000000000000000000000000000000000000
0000000000000000000000000010000000000001111100000000001101010000000010010001100000111100000110000011000000111000011000000011100000000001001100000110001110110000000001111110000000111111110000000011001110000000000000000000000000000000000000000000000000000000
0000000000000000000000000000000000000001111000000000001110110000000111000111000000011000000110000110000000011000001000000011000000100000011100000010000111111000001000110100000000111111110000000001000110000000000000000000000000000000000000000000000000000000
0000000000000000000000000000000000000011111100000000101110110000000001101011100000110000000100000010000000010000001100000001100000100000001110000110001000100000001000011110000000100111100000000000000100000000000000000000000000000000000000000000000000000000
0000000000000000000000000100000000000001111000000000001001110000001001000000100000011000000110000011000000011000001000000001000001100000100110000110000100101000001010111111000000101011110000000000010100000000000000000000000000000000000000000000000000000000
0000000000000000000000000000000000000010111100000000001111000000000110000011000000011000001110000010000000010000010000000011100001100001001110000011001101110000001001111110100001111101101000000000101100000000000000000000000000000000000000000000000000000000
0000000000000000000000000010000000000101111100000000001101110000000111000011000000110000000110000101000000010000010000000011100001100000001110000110001110100000001100111110000000111111110000000001000010000000000000000000000000000000000000000000000000000000
0000000000000000000000000010000000000001111000000001111110110000000011110011000000111000000110000011000000111000001000000011000001100000000100000010000100110000011101100110000000001111100000000000100110000000000000000000000000000000000000000000000000000000
0000000000000000000000001000000000000011111000000000011001111000000111101011100000001000000110000111000000011000000000000001000001100000001100000010000000110000001001110000000000111101100000000001000110000000000000000000000000000000000000000000000000000000
0000000000000000000000001100000000000000111100000000011011100000000001000001100000001000000110000010000000111000000000000001000000100000001110000010001000110000001100101100000001111111100000000001101000000000000000000000000000000000000000000000000000000000
0000000000000000000000000000000000000001111100000000011011110000000011100011000000010000000110000010000000010000001000000001100001000000001110000010001100110000001000111010000000101101110000000001000110000000000000000000000000000000000000000000000000000000
0000000000000000000000001000000000000000111000000000001010110000000011010011100000110000000100000011000000010000011000000001100000100000001000000110000111110000001000100110000001011101110000000000000110000000000000000000000000000000000000000000000000000000
0000000000000000000000000000000000000000111100000000001111110000000001000001100001111100000110000110000000110000000000000001000001100000101100000010000101110000001001101100000000011011110000000001100100000000000000000000000000000000000000000000000000000000
0000000000000000000000001000000000000001110000000000011100110000000011000011000000100000001110000010000000011000001000000011000000110000000100000110001010110000011001101111000000011111100000000100000000000000000000000000000000000000000000000000000000000000
0000000000000000000000001000000000000000111100000000011111110000000101000011000000110000001100000011000000011000001000000011000000100001001000000000000111110000010001110100000000111011010000000000000100000000000000000000000000000000000000000000000000000000
0000000000000000000000000000000000000011111100000001010101100000000110110001000000010000000100000011000000111000001000000011000000100000001100000110000001110000001100111100000000111011010000000001100110000000000000000000000000000000000000000000000000000000
0000000000000000000000000000000000000000111000000000011111110000000100000001000000110000001110000000000000010000001000000011100001000000001110000110000101110000001101111100000000101111100000000001100100000000000000000000000000000000000000000000000000000000
0000000000000000000000000100000000000011110000000000101110111000000011100011100000011000001100000010000000111000001000000011000000100000100100000000001101110000001001111000000000111111100000000000100110000000000000000000000000000000000000000000000000000000
0000000000000000000000000000000000000001111100000000001101100000000011000001000000110000000110000011000000111000001000000001100001100000101110000110001000110000011101111110000000011011110000000011000110000000000000000000000000000000000000000000000000000000
0000000000000000000000000000000000000010110100000000101111110000000110100011100000011000000110000011000000111000001000000000000001010000101110000000000100010000001101111110000000111111110000000000010100000000000000000000000000000000000000000000000000000000
0000000000000000000000000010000000000001110000000000000001111000000111000011100000111000000110000011000000011000001000000001100001100000001100000010001111110000001011111010000000101101100000000000101100000000000000000000000000000000000000000000000000000000
0000000000000000000000001000000000000000111100000000011111110000000010110001000000111000000110000010000000111000001100000011000000100001001100000001001111110000011100101100000000111111111000000011110111000000000000000000000000000000000000000000000000000000
0000000000000000000000000000000000000010111000000000011110110000000011100001100000111000001010000000000000010000011000000001000000000001000100000010001101100000000100101111000000011111100000000001001100000000000000000000000000000000000000000000000000000000
0000000000000000000000001000000000000000111000000000001101110000000011101011000000110000001100000010000000010000011000000001100001100000011000000010010101100000001010111110000000001110100000000000000110000000000000000000000000000000000000000000000000000000
0000000000000000000000000000000000000000111100000000001110100000000011000011000000011000000110000011000000010000000000000011100001100001000110000110001111110000011000011111000000101111100000000001001111000000000000000000000000000000000000000000000000000000
0000000000000000000000000000000000000011111000000000010111110000000111000011100000001000000100000100000000011000001000000001000001110001011000000110000110110000011001111100000000111111010000000000101110000000000000000000000000000000000000000000000000000000
0000000000000000000000001000000000000001111000000000001011110000000011000011000000010000001110000111000000011000001000000010100001110000001100000100001100110000001010111100000000101101110000000000101010000000000000000000000000000000000000000000000000000000
0000000000000000000000000000000000000001111000000000101011110000000010100001000000110000000100000110000000010000001000000010100000100001101110000010000101100000001001110111000000111111110000000000001000000000000000000000000000000000000000000000000000000000
0000000000000000000000010110000000000001111000000000111111110000000011000011000000111100000110000010000000110000011000000001000000100001001100000010000100010000001010111100000001111111100000000000011100000000000000000000000000000000000000000000000000000000
0000000000000000000000000010000000000001111000000000010011101000000101100001100001111000000010000010000000011000011000000001100000100000101100000100000001110000001000111110000001111111110000000000001110000000000000000000000000000000000000000000000000000000
0000000000000000000000000000000000000001011100000000011111111000000011100111000000010000001110000011000000111000011000000001000000100001000000000000001100100000011001111111000000101111101000000000100100000000000000000000000000000000000000000000000000000000
0000000000000000000000000000000000000000000000000000000000000000000000000000000000000000000000000000000000000000000000000000000000000000000000000000000000000000000000000000000000000000000000000000000000000000000000000000000000000000000000000000000000000000
0000000000000000000000000000000000000000000000000000000000000000000000000000000000000000000000000000000000000000000000000000000000000000000000000000000000000000000000000000000000000000000000000000000000000000000000000000000000000000000000000000000000000000
0000000000000000000000000000000000000000000000000000000000000000000000000000000000000000000000000000000000000000000000000000000000000000000000000000000000000000000000000000000000000000000000000000000000000000000000000000000000000000000000000000000000000000
0000000000000000000000000000000000000000000000000000000000000000000000000000000000000000000000000000000000000000000000000000000000000000000000000000000000000000000000000000000000000000000000000000000000000000000000000000000000000000000000000000000000000000
0000000000000000000000000000000000000000000000000000000000000000000000000000000000000000000000000000000000000000000000000000000000000000000000000000000000000000000000000000000000000000000000000000000000000000000000000000000000000000000000000000000000000000
0000000000000000000000000000000000000000000000000000000000000000000000000000000000000000000000000000000000000000000000000000000000000000000000000000000000000000000000000000000000000000000000000000000000000000000000000000000000000000000000000000000000000000
0000000000000000000000000000000000000000000000000000000000000000000000000000000000000000000000000000000000000000000000000000000000000000000000000000000000000000000000000000000000000000000000000000000000000000000000000000000000000000000000000000000000000000
0000000000000000000000000000000000000000000000000000000000000000000000000000000000000000000000000000000000000000000000000000000000000000000000000000000000000000000000000000000000000000000000000000000000000000000000000000000000000000000000000000000000000000
0000000000000000000000000000000000000000000000000000000000000000000000000000000000000000000000000000000000000000000000000000000000000000000000000000000000000000000000000000000000000000000000000000000000000000000000000000000000000000000000000000000000000000
0000000000000000000000000000000000000000000000000000000000000000000000000000000000000000000000000000000000000000000000000000000000000000000000000000000000000000000000000000000000000000000000000000000000000000000000000000000000000000000000000000000000000000
0000000000000000000000000000000000000001110000000000000011000000000000000000000000000011100000000000000111000000000000001000000000000001100000000000001001000000000011001000000000000101100000000000001000000000000000000000000000000000000000000000000000000000
0000000000000000000000000000000000000000100000000000000100000000000000110100000000000001110000000000000110000000000000010000000000000001110000000000001001000000000000111100000000000100100000000000011000000000000000000000000000000000000000000000000000000000
0000000000000000000000000000000000000001110000000000000111000000000000010100000000000000000000000000000110000000000000010000000000000000110000000000000001010000000001101110000000000001100000000000001100000000000000000000000000000000000000000000000000000000
0000000000000000000000000000000000000000110000000000000110000000000000110100000000000000110000000000000010000000000000011000000000000010000000000000000100000000000010001100000000000010110000000000001110000000000000000000000000000000000000000000000000000000
0000000000000000000000000000000000000001010000000000000101000000000000001000000000000011000000000000000110000000000000011100000000000001100000000000000001000000000000001100000000000011100000000000001110000000000000000000000000000000000000000000000000000000
0000000000000000000000000000000000000000000000000000000010000000000000001000000000000010100000000000000110000000000000010000000000000011010000000000001101000000000000100000000000000011100000000000001010000000000000000000000000000000000000000000000000000000
0000000000000000000000000000000000000001010000000000000111000000000000000000000000000011110000000000000010000000000000111000000000000001000000000000001100100000000000100100000000000000100000000000001100000000000000100000000000000000000000000000000000000000
0000000000000000000000001000000000000001100000000000001010000000000000101100000000000011110000000000000110000000000000010000000000000000000000000000000001100000000000110000000000000100110000000000001100000000000000000000000000000000000000000000000000000000
0000000000000000000000001000000000000001100000000000000001000000000000010100000000000010000000000000000110000000000000011000000000000010110000000000001011000000000000001100000000000011000000000000011010000000000000000000000000000000000000000000000000000000
0000000000000000000000000000000000000000100000000000000110000000000000010100000000000001000000000000001111000000000000011000000000000001110000000000001001100000000001100100000000000011100000000000010100000000000000000000000000000000000000000000000000000000
0000000000000000000000001000000000000001100000000000001010000000000000000100000000000000100000000000000111000000000000011100000000000011100000000000001011100000000001100000000000000000100000000000000000000000000000000000000000000000000000000000000000000000
0000000000000000000000000000000000000001010000000000001000000000000000010100000000000001000000000000000110000000000000011000000000000001100000000000000001000000000000101100000000000100110000000000001110000000000000000000000000000000000000000000000000000000
0000000000000000000000000000000000000011110000000000001001000000000000100000000000000011010000000000000010000000000000010000000000000001010000000000001001100000000001001000000000000010100000000000001000000000000000000000000000000000000000000000000000000000
0000000000000000000000000000000000000001100000000000001110000000000000110010000000000001100000000000000110000000000000001100000000000001110000000000001011000000000001001110000000000000100000000000000100000000000000010000000000000000000000000000000000000000
0000000000000000000000000000000000000001000000000000000110000000000000110100000000000011110000000000000110000000000000011000000000000001010000000000001101000000000000100100000000000000100000000000000000000000000000100000000000000000000000000000000000000000
0000000000000000000000000000000000000000100000000000000000000000000000000100000000000000000000000000000110000000000000011000000000000001100000000000001001000000000000101110000000000100100000000000001100000000000000000000000000000000000000000000000000000000
0000000000000000000000000000000000000001110000000000000110000000000000010100000000000010000000000000000101000000000000011000000000000001010000000000001001100000000010000010000000001111000000000000101110000000000000000000000000000000000000000000000000000000
0000000000000000000000000000000000000001110000000000001101100000000000111000000000000011110000000000001110000000000000011000000000000010110000000000001100000000000000100100000000001100010000000000000100000000000000000000000000000000000000000000000000000000
0000000000000000000000001000000000000001110000000000000111000000000000111100000000000000010000000000000100000000000000011000000000000000000000000000011001000000000001101110000000000001000000000000000000000000000000000000000000000000000000000000000000000000
0000000000000000000000001000000000000001100000000000001111000000000000000100000000000000110000000000001100000000000000011000000000000001110000000000001001000000000000100100000000001011100000000000000000000000000000000000000000000000000000000000000000000000
0000000000000000000000000000000000000001110000000000000111000000000000001100000000000011100000000000000110000000000000010100000000000011110000000000001101000000000000000010000000000110000000000000000100000000000000000000000000000000000000000000000000000000
0000000000000000000000000000000000000001000000000000001101000000000000110100000000000010110000000000000100000000000000001000000000000011110000000000000101000000000001000100000000000001010000000000000010000000000000000000000000000000000000000000000000000000
0000000000000000000000001000000000000000100000000000000000000000000000000100000000000010000000000000001000000000000000011000000000000001110000000000000010000000000001001000000000000100110000000000000110000000000000000000000000000000000000000000000000000000
0000000000000000000000000000000000000001100000000000000111000000000000011100000000000001000000000000001010000000000000001000000000000011100000000000001001000000000001000100000000000011100000000000000100000000000000100000000000000000000000000000000000000000
0000000000000000000000001000000000000011100000000000001111000000000000110000000000000010110000000000000111000000000000011000000000000001110000000000001111000000000000100000000000000101100000000000000100000000000000000000000000000000000000000000000000000000
0000000000000000000000000000000000000001100000000000000101000000000000000100000000000010000000000000000000000000000000001100000000000001100000000000001001000000000001001100000000001001110000000000000010000000000000000000000000000000000000000000000000000000
0000000000000000000000000000000000000001100000000000000110000000000000110100000000000001100000000000000100000000000000011000000000000000101000000000000001100000000001100000000000001001000000000000001000000000000000000000000000000000000000000000000000000000
0000000000000000000000011000000000000001110000000000000110000000000000000100000000000010100000000000000011000000000000001000000000000001110000000000000001000000000000001100000000001100100000000000000010000000000000000000000000000000000000000000000000000000
0000000000000000000000001000000000000000100000000000000101000000000000111000000000000001000000000000000100000000000000010100000000000001000000000000001101000000000001000100000000000000100000000000000000000000000000000000000000000000000000000000000000000000
0000000000000000000000010000000000000000110000000000001010000000000000110100000000000001110000000000000100000000000000000000000000000010110000000000000000100000000001001000000000000101100000000000001100000000000000100000000000000000000000000000000000000000
0000000000000000000000001000000000000001100000000000000100000000000000100100000000000001100000000000000111000000000000011000000000000001000000000000000100100000000001000100000000000000010000000000001100000000000000000000000000000000000000000000000000000000
0000000000000000000000000000000000000001110000000000001001000000000000001000000000000010000000000000001110000000000000011000000000000011000000000000001001000000000000000010000000001010100000000000000000000000000000000000000000000000000000000000000000000000
0000000000000000000000000000000000000000100000000000001111000000000000101000000000000011010000000000000110000000000000011000000000000011000000000000001101000000000001100100000000000000110000000000001100000000000000000000000000000000000000000000000000000000
0000000000000000000000000000000000000001110000000000001100000000000000010000000000000000100000000000001111000000000000111000000000000000100000000000000101100000000000001100000000000111010000000000000000000000000000000000000000000000000000000000000000000000
0000000000000000000000000000000000000001110000000000000111000000000000011100000000000010100000000000001010000000000000011000000000000000110000000000001001000000000000100100000000000001100000000000001110000000000000000000000000000000000000000000000000000000
0000000000000000000000000000000000000001100000000000000111000000000000010100000000000010100000000000000110000000000000011100000000000001100000000000000101000000000001010110000000000000010000000000001100000000000000000000000000000000000000000000000000000000
0000000000000000000000001000000000000001110000000000000011000000000000000100000000000000110000000000000010000000000000011000000000000010110000000000001001000000000001100000000000000100100000000000011100000000000000010000000000000000000000000000000000000000
0000000000000000000000000000000000000001100000000000000100000000000000110100000000000010000000000000000011000000000000011000000000000001100000000000001001000000000001001110000000000000100000000000000100000000000000000000000000000000000000000000000000000000
0000000000000000000000000000000000000001110000000000001111000000000000111000000000000001110000000000000100000000000000011000000000000011100000000000011101000000000010000100000000001101000000000000000001000000000000000000000000000000000000000000000000000000
0000000000000000000000000000000000000001100000000000000101000000000000110100000000000001000000000000000110000000000000011000000000000001101000000000011011000000000001001100000000000010000000000000001000000000000000000000000000000000000000000000000000000000
0000000000000000000000000000000000000001100000000000001111000000000000000100000000000001000000000000000110000000000000000000000000000001100000000000001101100000000011001000000000001011000000000000000100000000000000000000000000000000000000000000000000000000
0000000000000000000000000000000000000001110000000000000110000000000000110000000000000011010000000000000110000000000000000000000000000001110000000000001000100000000000100100000000000001100000000000000100000000000000000000000000000000000000000000000000000000
0000000000000000000000000000000000000001110000000000000000000000000000101000000000000000100000000000001110000000000000101000000000000011010000000000000001000000000000100000000000000000100000000000001000000000000000010000000000000000000000000000000000000000
0000000000000000000000000000000000000001100000000000000011000000000000010000000000000010000000000000000110000000000000010000000000000001110000000000000011000000000000000000000000000100110000000000001110000000000000010000000000000000000000000000000000000000
0000000000000000000000000000000000000001100000000000001111000000000000100100000000000011000000000000000111000000000000011000000000000000100000000000001101000000000011101010000000001100100000000000001100000000000000000000000000000000000000000000000000000000
0000000000000000000000000000000000000000000000000000000111000000000000000000000000000001000000000000000110000000000000011100000000000001100000000000001101100000000001001100000000000000100000000000001000000000000000100000000000000000000000000000000000000000
0000000000000000000000000000000000000001110000000000000001000000000000011100000000000001010000000000000111000000000000011000000000000001110000000000000001100000000001000100000000000010100000000000000100000000000000010000000000000000000000000000000000000000
0000000000000000000000000000000000000001010000000000000111000000000000100100000000000001100000000000001110000000000000011000000000000001100000000000001101100000000001111000000000000011110000000000001110000000000000000000000000000000000000000000000000000000
0000000000000000000000000000000000000001110000000000000110000000000000011000000000000011100000000000000110000000000000001000000000000001110000000000001001000000000000000100000000000111010000000000001100000000000000000000000000000000000000000000000000000000
0000000000000000000000000000000000000001100000000000000100000000000000011000000000000000010000000000000111000000000000011000000000000001010000000000010001100000000001000000000000000010000000000000001110000000000000100000000000000000000000000000000000000000
0000000000000000000000000000000000000001000000000000001111000000000000001100000000000000110000000000000010000000000000011000000000000010011000000000001000000000000001000100000000000000110000000000000000000000000000100000000000000000000000000000000000000000
0000000000000000000000001000000000000000110000000000000011000000000000000110000000000000000000000000000110000000000000011000000000000001010000000000000101100000000001100000000000000010100000000000000100000000000000010000000000000000000000000000000000000000
0000000000000000000000000000000000000000100000000000000111000000000000011100000000000001000000000000001110000000000000000000000000000001100000000000001100000000000000100000000000000000100000000000000100000000000000000000000000000000000000000000000000000000
0000000000000000000000000000000000000000100000000000000101000000000000010100000000000001100000000000001110000000000000001000000000000010010000000000001001000000000000100100000000000001110000000000000110000000000000100000000000000000000000000000000000000000
0000000000000000000000000000000000000001110000000000000001000000000000001100000000000010000000000000001110000000000000011100000000000001110000000000001011100000000000101000000000000011100000000000001000000000000000000000000000000000000000000000000000000000
0000000000000000000000000000000000000001100000000000001011000000000000010100000000000010100000000000000110000000000000000000000000000010100000000000001000000000000000000100000000000100100000000000000100000000000000000000000000000000000000000000000000000000
0000000000000000000000001000000000000001100000000000001111000000000000111000000000000000110000000000000011000000000000011000000000000000010000000000001101100000000000110100000000000001110000000000001100000000000000100000000000000000000000000000000000000000
0000000000000000000000000000000000000010100000000000000111000000000000110100000000000000110000000000000110000000000000011000000000000001000000000000011001100000000000000000000000000100100000000000001000000000000000000000000000000000000000000000000000000000
0000000000000000000000000000000000000000110000000000000100000000000000000000000000000001100000000000000110000000000000011000000000000001100000000000001100000000000001000100000000001001100000000000000100000000000000000000000000000000000000000000000000000000
0000000000000000000000000000000000000001100000000000000111000000000000110000000000000001000000000000001110000000000000011000000000000000010000000000010001000000000001000100000000000110000000000000001010000000000000100000000000000000000000000000000000000000
0000000000000000000000000000000000000001100000000000001100000000000000110000000000000001000000000000000110000000000000011000000000000000100000000000001000000000000000000100000000001001000000000000001100000000000000000000000000000000000000000000000000000000
0000000000000000000000000000000000000001110000000000000110000000000000001100000000000000100000000000000110000000000000010000000000000001110000000000001001000000000001000100000000000100110000000000000000000000000000000000000000000000000000000000000000000000
0000000000000000000000000000000000000000100000000000000111000000000000001100000000000001100000000000001110000000000000110000000000000011010000000000000001000000000000011000000000000000000000000000001100000000000000000000000000000000000000000000000000000000
0000000000000000000000000000000000000001100000000000000101000000000000111100000000000001110000000000001011000000000000001000000000000011000000000000001101000000000001000000000000000110000000000000001000000000000000000000000000000000000000000000000000000000
0000000000000000000000000000000000000000110000000000000101000000000000010100000000000010110000000000000110000000000000011000000000000000110000000000001010100000000011001100000000000100000000000000000000000000000000000000000000000000000000000000000000000000
0000000000000000000000001000000000000001100000000000001001000000000000011000000000000010110000000000000100000000000000001000000000000001110000000000001101000000000000101100000000000000000000000000001010000000000000000000000000000000000000000000000000000000
0000000000000000000000001000000000000001100000000000000100000000000000101000000000000000110000000000000110000000000000011000000000000011010000000000010101100000000001101100000000000100100000000000011100000000000000100000000000000000000000000000000000000000
0000000000000000000000000000000000000000100000000000000111000000000000110100000000000010010000000000001110000000000000111000000000000011000000000000001101100000000000100100000000000100000000000000001110000000000000000000000000000000000000000000000000000000
0000000000000000000000000000000000000001110000000000001111000000000000111100000000000010100000000000001110000000000000001100000000000011110000000000001100000000000001100100000000000000000000000000000100000000000000000000000000000000000000000000000000000000
0000000000000000000000001000000000000011110000000000000111000000000000011100000000000000000000000000000101000000000000011000000000000001110000000000001001100000000001100100000000000000100000000000001000000000000000000000000000000000000000000000000000000000
0000000000000000000000000000000000000001100000000000001011000000000000011000000000000001010000000000000110000000000000011000000000000011100000000000001101000000000000000100000000001000000000000000001000000000000000000000000000000000000000000000000000000000
0000000000000000000000000000000000000000100000000000000100000000000000101100000000000000100000000000000110000000000000011000000000000001110000000000000001000000000000100000000000000000100000000000000110000000000000000000000000000000000000000000000000000000
0000000000000000000000000000000000000011110000000000001011000000000000100000000000000001100000000000000110000000000000010000000000000001100000000000001000100000000000100100000000001011100000000000001100000000000000010000000000000000000000000000000000000000
0000000000000000000000000000000000000000100000000000001010000000000000110000000000000001100000000000000111000000000000011000000000000000100000000000000000000000000000100100000000000111100000000000000100000000000000000000000000000000000000000000000000000000
0000000000000000000000000000000000000011100000000000001110000000000000100000000000000000110000000000000110000000000000000000000000000001110000000000001010000000000001000100000000000110100000000000001100000000000000000000000000000000000000000000000000000000
0000000000000000000000001000000000000000100000000000000100000000000000001100000000000011100000000000001010000000000000010000000000000000010000000000001001100000000001101100000000000000100000000000001110000000000000000000000000000000000000000000000000000000
0000000000000000000000000000000000000000100000000000000101000000000000011100000000000001100000000000000010000000000000010100000000000001100000000000001101100000000000100100000000000010100000000000001000000000000000000000000000000000000000000000000000000000
0000000000000000000000000000000000000000010000000000001011000000000000100100000000000001010000000000000000000000000000001000000000000001000000000000001111100000000000101000000000000100010000000000001000000000000000000000000000000000000000000000000000000000
0000000000000000000000000000000000000001110000000000000001000000000000110000000000000011010000000000000110000000000000111000000000000000000000000000001101000000000001100100000000000000100000000000000000000000000000010000000000000000000000000000000000000000
0000000000000000000000000000000000000001100000000000000101000000000000001000000000000011000000000000001110000000000000011000000000000010000000000000000100100000000000000100000000000101100000000000001100000000000000000000000000000000000000000000000000000000
0000000000000000000000001000000000000001110000000000000110000000000000010000000000000001010000000000000110000000000000011000000000000001111000000000001001000000000000100100000000000000100000000000001110000000000000000000000000000000000000000000000000000000
0000000000000000000000000000000000000001110000000000000100000000000000110100000000000001100000000000000110000000000000111000000000000010010000000000001001000000000000010100000000000001100000000000001100000000000000010000000000000000000000000000000000000000
0000000000000000000000000100000000000000100000000000000101000000000000000100000000000011110000000000000010000000000000001100000000000001110000000000001101000000000011100000000000000010100000000000001101000000000000010000000000000000000000000000000000000000
0000000000000000000000000000000000000001100000000000001110000000000000100000000000000010000000000000000110000000000000011000000000000001110000000000001100000000000000100100000000000100110000000000001000000000000000000000000000000000000000000000000000000000
0000000000000000000000000000000000000001000000000000000111000000000000100000000000000011100000000000001110000000000000010100000000000001110000000000001000000000000001100100000000001101000000000000001100000000000000000000000000000000000000000000000000000000
0000000000000000000000000100000000000000100000000000001110000000000000100100000000000001010000000000000110000000000000001000000000000010101000000000000000000000000000100100000000000100010000000000000010000000000000000000000000000000000000000000000000000000
0000000000000000000000000000000000000000100000000000000111000000000000110100000000000000110000000000001100000000000000011000000000000011110000000000001111100000000001101000000000000000100000000000001100000000000000000000000000000000000000000000000000000000
0000000000000000000000000000000000000000000000000000000110000000000000000100000000000011100000000000001110000000000000010000000000000001110000000000001101000000000001100000000000001011000000000000000110000000000000100000000000000000000000000000000000000000
0000000000000000000000000000000000000001110000000000000111000000000000111000000000000000000000000000001110000000000000011100000000000011010000000000001001100000000000000100000000000100000000000000001100000000000000000000000000000000000000000000000000000000
0000000000000000000000000000000000000001100000000000001111000000000000001100000000000011110000000000000110000000000000110000000000000001100000000000000110000000000001100100000000000000100000000000001000000000000000000000000000000000000000000000000000000000
0000000000000000000000000000000000000001100000000000000111000000000000011000000000000000000000000000000100000000000000011000000000000001100000000000000001000000000000001000000000000000100000000000000110000000000000000000000000000000000000000000000000000000
0000000000000000000000001000000000000001100000000000001111000000000000101100000000000000000000000000000100000000000000011100000000000001000000000000001101000000000011000000000000000000100000000000001010000000000000100000000000000000000000000000000000000000
0000000000000000000000000000000000000001110000000000001101000000000000100000000000000000110000000000000110000000000000011000000000000000110000000000001001100000000001001000000000000011110000000000000000000000000000000000000000000000000000000000000000000000
0000000000000000000000000000000000000000100000000000000001000000000000000100000000000001010000000000000110000000000000011000000000000011100000000000000001000000000010100000000000000000100000000000001100000000000000000000000000000000000000000000000000000000
0000000000000000000000000000000000000001100000000000000100000000000000111100000000000001010000000000000000000000000000001000000000000000100000000000001101100000000000010100000000000000100000000000000100000000000000010000000000000000000000000000000000000000
0000000000000000000000001000000000000000100000000000001011000000000000110000000000000001100000000000001110000000000000011000000000000001000000000000001101000000000001000000000000000010100000000000000000000000000000000000000000000000000000000000000000000000
0000000000000000000000000000000000000001100000000000001110000000000000001100000000000001010000000000000110000000000000011100000000000001110000000000000101000000000000001100000000001100100000000000001000000000000000100000000000000000000000000000000000000000
0000000000000000000000000000000000000000100000000000000101000000000000010000000000000011100000000000000100000000000000001000000000000000110000000000001001000000000000000100000000000101000000000000001100000000000000000000000000000000000000000000000000000000
0000000000000000000000000000000000000001110000000000000010000000000000011000000000000000110000000000000101000000000000011100000000000010010000000000001101100000000001001100000000001011100000000000000000000000000000000000000000000000000000000000000000000000
0000000000000000000000000000000000000000110000000000000100000000000000011100000000000001010000000000000010000000000000011000000000000001011000000000000100000000000001001100000000000100100000000000001110000000000000010000000000000000000000000000000000000000
0000000000000000000000000000000000000000000000000000000000000000000000000000000000000000000000000000000000000000000000000000000000000000000000000000000000000000000000000000000000000000000000000000000000000000000000000000000000000000000000000000000000000000
0000000000000000000000000000000000000000000000000000000000000000000000000000000000000000000000000000000000000000000000000000000000000000000000000000000000000000000000000000000000000000000000000000000000000000000000000000000000000000000000000000000000000000
0000000000000000000000000000000000000000000000000000000000000000000000000000000000000000000000000000000000000000000000000000000000000000000000000000000000000000000000000000000000000000000000000000000000000000000000000000000000000000000000000000000000000000
0000000000000000000000000000000000000000000000000000000000000000000000000000000000000000000000000000000000000000000000000000000000000000000000000000000000000000000000000000000000000000000000000000000000000000000000000000000000000000000000000000000000000000
0000000000000000000000000000000000000000000000000000000000000000000000000000000000000000000000000000000000000000000000000000000000000000000000000000000000000000000000000000000000000000000000000000000000000000000000000000000000000000000000000000000000000000
0000000000000000000000000000000000000000000000000000000000000000000000000000000000000000000000000000000000000000000000000000000000000000000000000000000000000000000000000000000000000000000000000000000000000000000000000000000000000000000000000000000000000000
0000000000000000000000000000000000000000000000000000000000000000000000000000000000000000000000000000000000000000000000000000000000000000000000000000000000000000000000000000000000000000000000000000000000000000000000000000000000000000000000000000000000000000
0000000000000000000000000000000000000000000000000000000000000000000000000000000000000000000000000000000000000000000000000000000000000000000000000000000000000000000000000000000000000000000000000000000000000000000000000000000000000000000000000000000000000000
0000000000000000000000000000000000000000000000000000000000000000000000000000000000000000000000000000000000000000000000000000000000000000000000000000000000000000000000000000000000000000000000000000000000000000000000000000000000000000000000000000000000000000
0000000000000000000000000000000000000000000000000000000000000000000000000000000000000000000000000000000000000000000000000000000000000000000000000000000000000000000000000000000000000000000000000000000000000000000000000000000000000000000000000000000000000000
0000000000000000000000000000000000000001000000000000000101000000000000010000000000000001100000000000000010000000000000011100000000000001000000000000010001000000000011001100000000001110000000000000111000000000000000000000000000000000000000000000000000000000
0000000000000000000000000000000000000001110000000000000001000000000000010100000000000000110000000000000111000000000000011100000000000001100000000000001001000000000001000100000000001011100000000000101000000000000000000000000000000000000000000000000000000000
0000000000000000000000001000000000000001011000000000000101000000000000110110000000000001010000000000001011000000000000001100000000000001110000000000001100000000000000100000000000001101100000000000111000000000000000000000000000000000000000000000000000000000
0000000000000000000000000000000000000000100000000000000101100000000000010100000000000000110000000000000110000000000000001000000000000011000000000000000100000000000000010000000000011011110000000000110000000000000001000000000000000000000000000000000000000000
0000000000000000000000000000000000000000010000000000001101000000000000000000000000000001000000000000000110000000000000011000000000000001011000000000000001000000000001010000000000001111100000000000011000000000000000000000000000000000000000000000000000000000
0000000000000000000000001000000000000000000000000000000100000000000000010100000000000011110000000000000011000000000000001100000000000011110000000000001000100000000000001000000000000100100000000000110100000000000000000000000000000000000000000000000000000000
0000000000000000000000000000000000000001110000000000000100000000000000001100000000000011010000000000000110000000000000001100000000000011011000000000001101100000000000000000000000000111000000000000111000000000000000000000000000000000000000000000000000000000
0000000000000000000000001000000000000001110000000000000100100000000000100100000000000001000000000000000110000000000000001000000000000011010000000000001101000000000001101100000000000110000000000000010010000000000000000000000000000000000000000000000000000000
0000000000000000000000001000000000000000110000000000000111000000000000010010000000000000010000000000000110000000000000011000000000000001011000000000001000000000000001111100000000000110000000000000111100000000000000100000000000000000000000000000000000000000
0000000000000000000000000000000000000001100000000000000001000000000000010100000000000001000000000000000110000000000000011100000000000011010000000000000100000000000000011000000000010101100000000001011000000000000010000000000000000000000000000000000000000000
0000000000000000000000000000000000000000110000000000000110000000000000000100000000000001100000000000000010000000000000010000000000000011110000000000000000000000000001101000000000001110100000000000111000000000000001000000000000000000000000000000000000000000
0000000000000000000000000000000000000001110000000000000100000000000000010000000000000001110000000000000111000000000000101100000000000011100000000000001000000000000001001010000000001111100000000000001000000000000000000000000000000000000000000000000000000000
0000000000000000000000000000000000000000110000000000000001000000000000010000000000000010010000000000000100000000000000001100000000000001000000000000011101000000000001101100000000001011100000000000010000000000000000100000000000000000000000000000000000000000
0000000000000000000000000000000000000001110000000000000101100000000000111100000000000001010000000000000010000000000000011100000000000011100000000000001000100000000001100010000000001100100000000001110100000000000000000000000000000000000000000000000000000000
0000000000000000000000000000000000000000010000000000000100100000000000010000000000000001000000000000000011000000000000001100000000000001100000000000001101000000000000000000000000000101100000000001110000000000000001000000000000000000000000000000000000000000
0000000000000000000000001000000000000001110000000000000000000000000000111000000000000001010000000000000110000000000000111100000000000001110000000000001000000000000001001100000000000111100000000000000100000000000000000000000000000000000000000000000000000000
0000000000000000000000001000000000000001011000000000001100100000000000100100000000000000100000000000000011000000000000011000000000000000010000000000001001000000000011000000000000001111110000000000111100000000000000000000000000000000000000000000000000000000
0000000000000000000000000000000000000001010000000000000101000000000000011110000000000000010000000000000110000000000000011100000000000001110000000000001001000000000000001000000000001100000000000000111010000000000000000000000000000000000000000000000000000000
0000000000000000000000000000000000000011110000000000000101000000000000010010000000000001000000000000000110000000000000001000000000000001111000000000001000100000000001101100000000000100000000000000111100000000000000000000000000000000000000000000000000000000
0000000000000000000000010000000000000001100000000000000001000000000000110110000000000001101000000000001010000000000000001100000000000010011000000000001100000000000000000100000000000011100000000000111000000000000000000000000000000000000000000000000000000000
0000000000000000000000000000000000000000110000000000000100100000000000010100000000000001010000000000000111000000000000001000000000000001010000000000011101000000000001001100000000010110100000000000111010000000000001000000000000000000000000000000000000000000
0000000000000000000000000000000000000001000000000000000001000000000000010000000000000001010000000000000111000000000000011100000000000011111000000000010101000000000001110100000000001000100000000000110100000000000001100000000000000000000000000000000000000000
0000000000000000000000000000000000000001100000000000001011100000000000000000000000000001110000000000000010000000000000001000000000000011010000000000001001000000000000100100000000001110000000000001110000000000000000000000000000000000000000000000000000000000
0000000000000000000000000100000000000001101000000000000001000000000000010000000000000001110000000000000110000000000000011100000000000001000000000000001000000000000000000100000000010111000000000000011000000000000000000000000000000000000000000000000000000000
0000000000000000000000001000000000000000110000000000000101100000000000110100000000000011110000000000000111000000000000011100000000000001011000000000001000100000000000101100000000001111000000000000010010000000000000010000000000000000000000000000000000000000
0000000000000000000000000100000000000001110000000000000011000000000000111100000000000010110000000000000010000000000000011000000000000000111000000000010001000000000000000100000000001101100000000000011000000000000000000000000000000000000000000000000000000000
0000000000000000000000000000000000000001100000000000000101000000000000010000000000000001110000000000000110000000000000001100000000000011001000000000001101000000000001101100000000001111100000000000111000000000000000000000000000000000000000000000000000000000
0000000000000000000000000000000000000001110000000000000101000000000000010000000000000000010000000000000011000000000000001100000000000001010000000000000101100000000001000000000000001101000000000000011110000000000000000000000000000000000000000000000000000000
0000000000000000000000000000000000000001110000000000000101000000000000010000000000000000100000000000000111000000000000011000000000000001010000000000000000100000000000010000000000000001110000000000011000000000000000000000000000000000000000000000000000000000
0000000000000000000000000000000000000001000000000000000001000000000000010100000000000001100000000000000010000000000000001000000000000011011000000000001100000000000001000100000000011110000000000000011100000000000000100000000000000000000000000000000000000000
0000000000000000000000000000000000000000100000000000000101100000000000010010000000000001000000000000000110000000000000001000000000000001010000000000001000000000000001100110000000001111100000000000000000000000000000100000000000000000000000000000000000000000
0000000000000000000000000000000000000001010000000000000101000000000000000110000000000000110000000000000100000000000000001000000000000010000000000000000100000000000000100000000000000111100000000000011000000000000000000000000000000000000000000000000000000000
0000000000000000000000001000000000000000110000000000000010000000000000010000000000000001110000000000000011000000000000001000000000000001010000000000001101000000000001001010000000001111100000000000011100000000000000000000000000000000000000000000000000000000
0000000000000000000000000000000000000000010000000000000101000000000000010110000000000001010000000000000110000000000000011000000000000001110000000000001000000000000001100010000000001111100000000000111100000000000000000000000000000000000000000000000000000000
0000000000000000000000000000000000000000111000000000001111000000000000010010000000000001000000000000000110000000000000101000000000000011110000000000001100000000000001001100000000001101010000000000011000000000000000000000000000000000000000000000000000000000
0000000000000000000000000000000000000011110000000000000110000000000000000000000000000001000000000000000010000000000000011000000000000000010000000000011100000000000001000000000000001110100000000000000000000000000000100000000000000000000000000000000000000000
0000000000000000000000000010000000000000001000000000000101000000000000101000000000000001110000000000000110000000000000011000000000000001100000000000001111100000000001011100000000001111000000000000111100000000000000000000000000000000000000000000000000000000
0000000000000000000000000000000000000000110000000000001010000000000000001000000000000001010000000000000010000000000000011000000000000001011000000000001101100000000001100000000000001111100000000000111100000000000000000000000000000000000000000000000000000000
0000000000000000000000000000000000000000110000000000000101100000000000010000000000000010011000000000000110000000000000011000000000000000000000000000000101000000000001001100000000000111100000000000011100000000000000000000000000000000000000000000000000000000
0000000000000000000000000000000000000000110000000000000110000000000000110000000000000000000000000000000110000000000000001100000000000011010000000000001000000000000001100100000000000111010000000000111000000000000000000000000000000000000000000000000000000000
0000000000000000000000000000000000000000000000000000000001000000000000110110000000000010110000000000000110000000000000010000000000000001110000000000001101100000000001001100000000001101100000000000011100000000000000000000000000000000000000000000000000000000
0000000000000000000000000000000000000001110000000000000101000000000000110100000000000001110000000000000110000000000000010000000000000011010000000000001101000000000000101000000000001011100000000000110100000000000000000000000000000000000000000000000000000000
0000000000000000000000001000000000000000010000000000000101100000000000010100000000000011110000000000000010000000000000010000000000000011110000000000000000000000000001001000000000010011000000000000011000000000000010000000000000000000000000000000000000000000
0000000000000000000000001100000000000001110000000000000100100000000000001110000000000001010000000000000011000000000000001000000000000011100000000000001101100000000001101000000000011111100000000001010110000000000000000000000000000000000000000000000000000000
0000000000000000000000000000000000000001010000000000000011000000000000111000000000000001110000000000000001000000000000001100000000000011010000000000000101000000000001001100000000001110100000000000111000000000000000000000000000000000000000000000000000000000
0000000000000000000000000000000000000001000000000000000111000000000000000000000000000000110000000000000010000000000000011100000000000011100000000000001001000000000001010100000000001110100000000000111110000000000000000000000000000000000000000000000000000000
0000000000000000000000010000000000000000101000000000000111000000000000010010000000000001010000000000001110000000000000011000000000000001010000000000010000000000000001111000000000001111010000000000011000000000000000000000000000000000000000000000000000000000
0000000000000000000000001000000000000001111000000000000001000000000000100100000000000000010000000000000110000000000000001100000000000001111000000000011000000000000001100100000000011011000000000000011000000000000000000000000000000000000000000000000000000000
0000000000000000000000000000000000000000100000000000000110000000000000000100000000000001000000000000000010000000000000011100000000000010110000000000001001000000000000101100000000001111100000000000011000000000000000000000000000000000000000000000000000000000
0000000000000000000000000000000000000000110000000000000101000000000000011000000000000001100000000000000110000000000000011000000000000011000000000000001000000000000000100100000000001101000000000000011100000000000000000000000000000000000000000000000000000000
0000000000000000000000000000000000000001110000000000000001000000000000010010000000000001010000000000000101000000000000101000000000000011011000000000001000000000000001000100000000011001110000000000111010000000000010000000000000000000000000000000000000000000
0000000000000000000000000000000000000001110000000000000101000000000000011000000000000011010000000000000111000000000000011100000000000001011000000000000010100000000001000000000000001101100000000001111000000000000001000000000000000000000000000000000000000000
0000000000000000000000001000000000000001110000000000000010100000000000010100000000000001110000000000000010000000000000011000000000000011001000000000011001000000000011100100000000000110000000000000101000000000000000000000000000000000000000000000000000000000
0000000000000000000000000000000000000011000000000000000000100000000000110000000000000011100000000000000010000000000000011100000000000001010000000000000001100000000000110000000000000111110000000000110100000000000000000000000000000000000000000000000000000000
0000000000000000000000000000000000000001110000000000000000000000000000001000000000000001010000000000000011000000000000001000000000000001110000000000001111000000000001000100000000001110100000000000011010000000000000000000000000000000000000000000000000000000
0000000000000000000000000000000000000000110000000000000101000000000000111100000000000001010000000000000011000000000000011100000000000011110000000000001100000000000000000000000000011111110000000001011100000000000000000000000000000000000000000000000000000000
0000000000000000000000000000000000000001110000000000000100100000000000010100000000000001100000000000000100000000000000011100000000000001100000000000001001100000000001001100000000001111000000000000011000000000000000000000000000000000000000000000000000000000
0000000000000000000000000000000000000001010000000000000101000000000000010010000000000001010000000000000110000000000000001100000000000001010000000000000000000000000001001100000000000011100000000000101010000000000001000000000000000000000000000000000000000000
0000000000000000000000001000000000000000001000000000000100100000000000010010000000000010010000000000000011000000000000010100000000000011010000000000001100000000000001001000000000001000100000000001110100000000000000000000000000000000000000000000000000000000
0000000000000000000000000000000000000001010000000000000000000000000000011000000000000011010000000000000110000000000000001000000000000000010000000000000000000000000000101000000000001110100000000000111100000000000000000000000000000000000000000000000000000000
0000000000000000000000000000000000000001100000000000000100000000000000010100000000000001110000000000000111000000000000011100000000000001010000000000001000000000000000101100000000001111100000000001001100000000000000000000000000000000000000000000000000000000
0000000000000000000000001000000000000001100000000000000100000000000000010000000000000000110000000000000010000000000000011000000000000001001000000000001100000000000001100000000000011011100000000000011000000000000000000000000000000000000000000000000000000000
0000000000000000000000000000000000000001110000000000000110000000000000010000000000000001011000000000000110000000000000001000000000000000101000000000000001000000000000000000000000001111100000000000111000000000000000000000000000000000000000000000000000000000
0000000000000000000000000100000000000000010000000000000001000000000000010100000000000001110000000000000010000000000000011010000000000001110000000000010001000000000001100100000000001011100000000000111100000000000000000000000000000000000000000000000000000000
0000000000000000000000000100000000000000110000000000000101000000000000011100000000000001100000000000000110000000000000001100000000000001010000000000001000000000000001110100000000000111100000000000110110000000000000100000000000000000000000000000000000000000
0000000000000000000000000100000000000001110000000000000101000000000000010000000000000001100000000000000110000000000000001000000000000000111000000000001000000000000000100100000000000111100000000000111100000000000000000000000000000000000000000000000000000000
0000000000000000000000000000000000000011101000000000000000000000000000010000000000000001110000000000000110000000000000111000000000000001010000000000011101000000000001001000000000000101100000000000011010000000000001100000000000000000000000000000000000000000
0000000000000000000000000100000000000000111000000000000100000000000000010100000000000000000000000000000100000000000000011100000000000010010000000000001100100000000001001100000000001111100000000001010110000000000000000000000000000000000000000000000000000000
0000000000000000000000000100000000000010111000000000000101100000000000000000000000000011010000000000000110000000000000011100000000000001010000000000001000000000000001000000000000010101100000000001011110000000000000000000000000000000000000000000000000000000
0000000000000000000000001100000000000001100000000000000001000000000000000100000000000001010000000000001011000000000000001100000000000001010000000000011100000000000001100000000000000110000000000000110000000000000001000000000000000000000000000000000000000000
0000000000000000000000001000000000000001110000000000001011000000000000100100000000000000010000000000001111000000000000011100000000000001000000000000001000000000000001100000000000001111100000000001111000000000000000000000000000000000000000000000000000000000
0000000000000000000000000000000000000000100000000000000010000000000000010100000000000000110000000000000010000000000000011100000000000001110000000000000000000000000001001100000000001100100000000000111100000000000001000000000000000000000000000000000000000000
0000000000000000000000000000000000000001010000000000000011000000000000110100000000000011000000000000000111000000000000010000000000000001110000000000001001100000000001000000000000001110000000000000111000000000000000000000000000000000000000000000000000000000
0000000000000000000000001100000000000001110000000000000111000000000000010110000000000001110000000000000011000000000000011000000000000001111000000000001001100000000000011110000000000100000000000000100100000000000000100000000000000000000000000000000000000000
0000000000000000000000000100000000000001101000000000000100000000000000000100000000000011110000000000000110000000000000011100000000000001110000000000001100000000000001100100000000001110000000000000011000000000000001000000000000000000000000000000000000000000
0000000000000000000000000000000000000001110000000000001101000000000000010100000000000000010000000000000111000000000000011000000000000001110000000000001000000000000000111000000000001010100000000000111000000000000001000000000000000000000000000000000000000000
0000000000000000000000001000000000000001110000000000000100000000000000000000000000000000010000000000000110000000000000001000000000000001010000000000000000000000000001000000000000001101100000000000111000000000000000000000000000000000000000000000000000000000
0000000000000000000000000000000000000001010000000000000001000000000000000100000000000001000000000000000110000000000000001000000000000000010000000000001001000000000000101000000000001111000000000000011100000000000000000000000000000000000000000000000000000000
0000000000000000000000001000000000000001110000000000000101000000000000010100000000000001110000000000000010000000000000011100000000000001010000000000001100100000000000110100000000001100000000000001010100000000000001000000000000000000000000000000000000000000
0000000000000000000000000000000000000000010000000000000110100000000000010010000000000010000000000000000010000000000000001100000000000011100000000000011001100000000000001100000000001110100000000000011000000000000000000000000000000000000000000000000000000000
0000000000000000000000000100000000000011011000000000001101000000000000011000000000000011000000000000000010000000000000001000000000000000000000000000011101000000000000000100000000011110100000000000011110000000000000000000000000000000000000000000000000000000
0000000000000000000000000000000000000001110000000000000100100000000000010000000000000001010000000000000011000000000000001100000000000001011000000000001101000000000001000100000000010111100000000000011100000000000000000000000000000000000000000000000000000000
0000000000000000000000000000000000000000110000000000000000000000000000110100000000000000010000000000000111000000000000011000000000000001011000000000001011100000000000000100000000011110000000000000110000000000000000000000000000000000000000000000000000000000
0000000000000000000000000100000000000001111000000000001111100000000000010100000000000001110000000000000011000000000000011100000000000001101000000000001001000000000000001100000000001101100000000000111100000000000000000000000000000000000000000000000000000000
0000000000000000000000010000000000000000101000000000000000100000000000110100000000000001110000000000000111000000000000011100000000000001010000000000001101000000000000110110000000001101100000000000111100000000000000100000000000000000000000000000000000000000
0000000000000000000000000000000000000001110000000000000100000000000000000100000000000001010000000000000010000000000000001000000000000001110000000000000001000000000001000000000000001111110000000000101000000000000011000000000000000000000000000000000000000000
0000000000000000000000001000000000000000100000000000000100000000000000010100000000000000010000000000000110000000000000001100000000000010010000000000000100000000000001001000000000011110100000000000111000000000000000000000000000000000000000000000000000000000
0000000000000000000000000100000000000000010000000000000101000000000000010100000000000001100000000000000000000000000000011000000000000011010000000000010101000000000001000110000000000011000000000000111000000000000000000000000000000000000000000000000000000000
0000000000000000000000000000000000000001010000000000000001000000000000010100000000000001110000000000000110000000000000011100000000000001111000000000001000000000000011101000000000000001100000000001100000000000000001000000000000000000000000000000000000000000
0000000000000000000000000100000000000001110000000000001100000000000000000010000000000011000000000000000111000000000000011000000000000010001000000000000000000000000001100100000000001110000000000000011100000000000000100000000000000000000000000000000000000000
0000000000000000000000000000000000000001000000000000000101000000000000010100000000000001000000000000000010000000000000011000000000000001110000000000001101000000000000100000000000000011100000000000011100000000000000000000000000000000000000000000000000000000
0000000000000000000000000000000000000001110000000000000001000000000000010110000000000000110000000000000111000000000000011100000000000001010000000000000111000000000001011000000000000111000000000000011000000000000000000000000000000000000000000000000000000000
0000000000000000000000001000000000000000101000000000000100000000000000010010000000000001110000000000000101000000000000011000000000000011010000000000000001100000000001000100000000011101100000000000010000000000000000000000000000000000000000000000000000000000
0000000000000000000000001000000000000001110000000000000100000000000000011000000000000001100000000000000010000000000000011100000000000010110000000000001100000000000000100100000000000110000000000000011100000000000000000000000000000000000000000000000000000000
0000000000000000000000000000000000000001100000000000000100000000000000010100000000000001010000000000000111000000000000001000000000000000010000000000010000000000000001100000000000010110100000000000001000000000000000000000000000000000000000000000000000000000
0000000000000000000000000000000000000000010000000000001011000000000000000000000000000001010000000000000110000000000000001100000000000000000000000000001000000000000010110100000000001111110000000000111100000000000000100000000000000000000000000000000000000000
0000000000000000000000000100000000000001100000000000000101000000000000111100000000000001100000000000000011000000000000001000000000000011010000000000000110100000000001100100000000001101010000000000011010000000000000000000000000000000000000000000000000000000
0000000000000000000000000100000000000001100000000000000110000000000000110110000000000001110000000000000110000000000000011100000000000011010000000000001100000000000001001100000000001110100000000000011100000000000000000000000000000000000000000000000000000000
0000000000000000000000001100000000000001010000000000000001000000000000010100000000000000100000000000000110000000000000011100000000000000000000000000001110000000000001100000000000001111000000000000000010000000000001000000000000000000000000000000000000000000
0000000000000000000000000100000000000000100000000000001111000000000000010100000000000011110000000000000111000000000000011000000000000001110000000000000001100000000001010000000000001011100000000000111000000000000000000000000000000000000000000000000000000000
0000000000000000000000000000000000000000000000000000000000000000000000000000000000000000000000000000000000000000000000000000000000000000000000000000000000000000000000000000000000000000000000000000000000000000000000000000000000000000000000000000000000000000
0000000000000000000000000000000000000000000000000000000000000000000000000000000000000000000000000000000000000000000000000000000000000000000000000000000000000000000000000000000000000000000000000000000000000000000000000000000000000000000000000000000000000000
0000000000000000000000000000000000000000000000000000000000000000000000000000000000000000000000000000000000000000000000000000000000000000000000000000000000000000000000000000000000000000000000000000000000000000000000000000000000000000000000000000000000000000
0000000000000000000000000000000000000000000000000000000000000000000000000000000000000000000000000000000000000000000000000000000000000000000000000000000000000000000000000000000000000000000000000000000000000000000000000000000000000000000000000000000000000000
0000000000000000000000000000000000000000000000000000000000000000000000000000000000000000000000000000000000000000000000000000000000000000000000000000000000000000000000000000000000000000000000000000000000000000000000000000000000000000000000000000000000000000
0000000000000000000000000000000000000000000000000000000000000000000000000000000000000000000000000000000000000000000000000000000000000000000000000000000000000000000000000000000000000000000000000000000000000000000000000000000000000000000000000000000000000000
0000000000000000000000000000000000000000000000000000000000000000000000000000000000000000000000000000000000000000000000000000000000000000000000000000000000000000000000000000000000000000000000000000000000000000000000000000000000000000000000000000000000000000
0000000000000000000000000000000000000000000000000000000000000000000000000000000000000000000000000000000000000000000000000000000000000000000000000000000000000000000000000000000000000000000000000000000000000000000000000000000000000000000000000000000000000000
0000000000000000000000000000000000000000000000000000000000000000000000000000000000000000000000000000000000000000000000000000000000000000000000000000000000000000000000000000000000000000000000000000000000000000000000000000000000000000000000000000000000000000
0000000000000000000000000000000000000000000000000000000000000000000000000000000000000000000000000000000000000000000000000000000000000000000000000000000000000000000000000000000000000000000000000000000000000000000000000000000000000000000000000000000000000000
0000000000000000000000000000000000000111110111000000110100010000001100000000000000100000000000000011000000000000000001001011000000000011111000000000011100000000000011000100100000011000111110000000101111111000000000000000000000000000000000000000000000000000
0000000000000000000000000100100000000101100111000000111010000000000110000000000000010000000000000011000000010000001110010001100000010001111100000000011110000000000111100011110000000000011110000000011101000000000000000000000000000000000000000000000000000000
0000000000000000000000000000000000000001110111000000101000000000001110000000000000100000000000000001000000000000000101010001100000000111111100000000011010000000000000000000000000001000011100000000101111100000000000100000000000000000000000000000000000000000
0000000000000000000000010100000000001010101100000000001000000000000111000000000000110000000000000010000000010000001011101011010000000110111000000000011000000000000010000001000000001100011110000000111110100000000000000000000000000000000000000000000000000000
0000000000000000000000000000100000000001110101000001011001000000001100000000000000110000000000000000100000001000000011000011100000010111111000000000011000000000000100000010000000000100111111000000001010100000000000000000000000000000000000000000000000000000
0000000000000000000000010100110000000000111111000000000000000000000101000000000000110000000000000011100000000000000011010111100000000111100100000000011000000000000011000010000000001100111110000000011100000000000000000000000000000000000000000000000000000000
0000000000000000000000010100000000000001101111000000111100000000000100100000000000110000000000000011000000010000000110101110010000000011010000000000011000000000000001000100100000011000101100000000111111010000000000000000000000000000000000000000000000000000
0000000000000000000000000110000000000101111111000000100100000000000100000000000000100000000000000011000000010000000110111011000000000011101000000000001100000000000001000001000000001100111100000000101110100000000000000000000000000000000000000000000000000000
0000000000000000000000010000010000000101111110000001011100000000001100000000000000010000000000000000000000000000000000101111100000000111111100000000011000000000000011000110100000001000011100000000001011100000000000110000000000000000000000000000000000000000
0000000000000000000000000101010000000101101110000001111000001100001000000000000000100000000000000011000000000000000010001001000000000111111100000000011000000000000000000000000000001010111100000000001011100000000000000000000000000000000000000000000000000000
0000000000000000000000001010000000001011101101000000110100000000001100000000000000100000000000000010000000000000000101010111100000001011101010000000111000000000000011000101000000001001011111000000011110010000000000001000000000000000000000000000000000000000
0000000000000000000000010000100000000111111110000001110100000000001100000000000000010000000000000011000000000000000001001011010000000111110100000000011100000000000011000001000000000000011101000000011110001000000001010000000000000000000000000000000000000000
0000000000000000000000000110000000000111111111000001110100001100000100000000000000010000000000000001000000000000000010000010110000000011000100000000011000000000000011000001000000011000011110000000000111101000000000000000000000000000000000000000000000000000
0000000000000000000000000000000000000101111111000001101100001000000100000000000000000000000000000010000000000000000010000010100000001101111000000000011011000000000001000000000000011100011110000000011110000000000000000000000000000000000000000000000000000000
0000000000000000000000000010000000000010110100000000101100001000000010000000000000100000000000000010000000001000000100100011100000000111111000000000011000000000000011100010000000001000111110000000111111000000000000000000000000000000000000000000000000000000
0000000000000000000000000000000000000010110111000001011100000000001100000000000000111000000000000010000000000000001110010001000000001011110100000000011000000000000011000011000000001100110100000000011011100000000000000000000000000000000000000000000000000000
0000000000000000000000010100000000000111101010000010110100001000000100000000000000000000000000000000000000000000000001100111100000100001111100000000011100000000000011000101100000001100011100000000100100011000000000000000000000000000000000000000000000000000
0000000000000000000000000000000000000101110110000010111000000000001100000000000000110000000000000010000000000000001111100111100000000111110110000000011000000000000000000011100000001011001010000000101111100000000000000000000000000000000000000000000000000000
0000000000000000000000001101100000000010111110000011110100000100001110000000000000100000000000000011000000000000000000010011100000000111100110000000111100000000000011000000000000001100011110000000101111100000000000000000000000000000000000000000000000000000
0000000000000000000000001001100000000001011111000001110010101000000100000000000000100000000000000001000000000000000100100110100000000100101000000000001000000000000101000001000000001001011110000000111100000000000000000000000000000000000000000000000000000000
0000000000000000000000001000000000000011111111000000100101000000001110000000000000000000000000000011000000010000000110101011100000000111101000000000011100000000000011000001000000001100111100000000011111010000000000000000000000000000000000000000000000000000
0000000000000000000000000100000000001000111011000000110000001000001110000000000000000000000000000001000000000000000111000010100000001011110100000000011100000000000011100000000000010001011101000000111001010000000001011000000000000000000000000000000000000000
0000000000000000000000000100000000000111111101000000010010000000001100000000000000100000000000000010000000101000000110011101100000001111111110000000011100000000000011000101000000010010111110000000111100100000000000000000000000000000000000000000000000000000
0000000000000000000000000000000000000011111111000000110000000000001100000000000000110000000000000001000000100000000010111001100000000011100000000000111110000000000001100010000000011111001100000000001000110000000000000000000000000000000000000000000000000000
0000000000000000000000001011100000000011111001000000111100000000001100000000000000000000000000000010000000100000001010000111100000001011111000000000110000000000000001000000100000001100111110000000011001111000000000100000000000000000000000000000000000000000
0000000000000000000000011001110000000111111111000010110010001100001101000000000000110000000000000001000000000000000110000101000000000111000000000000011100000000000010000001100000001000111110000000011111110000000000000000000000000000000000000000000000000000
0000000000000000000000001010000000000111111110000001101000000000001000000000000000110000000000000010000000000000000110011011000000000111111010000000011000000000000011100010000000001100111110000000111111000000000000100000000000000000000000000000000000000000
0000000000000000000000000100100000000011111111000000010000000100000100000000000000110000000000000000000000000000001001100011100000000111100010000000001100000000000011000000000000001101011100000000011011100000000000000000000000000000000000000000000000000000
0000000000000000000000000001000000000111111110000001111100000100001100000000000000100000000000000011000000000000000011010111000000010111100010000000111110000000000011000000000000001100111110000000100001010000000000000000000000000000000000000000000000000000
0000000000000000000000001000000000010011110110000000110000000000001100000000000000010000000000000010000000101000001110001110000000001011111100000000010000000000000010000001100000001000111110000000001111100000000000010000000000000000000000000000000000000000
0000000000000000000000000000000000000101111110000000110101000000001000000000000000100000000000000011000000000000001010010111000000000011101101000000001000000000000011000011000000001110011100000000011110000000000000100000000000000000000000000000000000000000
0000000000000000000000001010000000000111111111000001100000000000001100000000000000110000000000000011000000000000001100101011100000001111111100000000111100000000000010000000100000001010101010000000100101110000000000101000000000000000000000000000000000000000
0000000000000000000000001000000000000111111101000000110000100000000110000000000000100000000000000010000000000000000100010001100000000011111000000000111100000000000000000000000000011100011110000000011111101000000000000100000000000000000000000000000000000000
0000000000000000000000000001000000000001011110000001111000000000000110000000000000111000000000000011000000000000001101000011100000000111111010000000010000000000000011100011000000000100011110000000101111000000000000010000000000000000000000000000000000000000
0000000000000000000000001100100000000101101100000000001000110000000100000000000000010000000000000010000000000000001100001110100000000111111000000000011000000000000011000001100000001100011110000001100111001000000000000000000000000000000000000000000000000000
0000000000000000000000000000000000000011111110000001111100000000000100000000000000010000000000000010000000000000000111000111000000000111110000000000011000000000000001100001100000001001011110000000111100010000000000100000000000000000000000000000000000000000
0000000000000000000000000000000000000011110100000001110000000000000100000000000000110000000000000011000000000000000001010011010000000111101110000000010100000000000111001010000000001000011110000000011010000000000001011000000000000000000000000000000000000000
0000000000000000000000000000010000000010111110000000111001000000001110000000000000010000000000000000000000001000000101001011100000010011010110000000011100000000000010000111100000001000011110000000011001101000000000110000000000000000000000000000000000000000
0000000000000000000000000000000000000010111011000001101001000000001110000000000000010000000000000011100000000000000110100111100000000110111100000000101100000000000011000001100000010100111110000000101101110000000000000000000000000000000000000000000000000000
0000000000000000000000000000000000000001011100000001011110010000000110000000000000010000000000000010000000001000000011000011100000000011101111000000011111000000000011000111000000011000111110000000101100110000000000000000000000000000000000000000000000000000
0000000000000000000000001001000000000010110110000001110110000100000110100000000000110000000000000001000000000000000110000011100000001111100010000000011010000000000010000001000000001001101100000000001100100000000000000000000000000000000000000000000000000000
0000000000000000000000010111000000000101111101000001011110000000001100000000000000110000000000000000000000000000001101001001000000000111111010000000001101000000000001100011100000001100011100000000101101100000000000100000000000000000000000000000000000000000
0000000000000000000000000000100000000011101111000010000010001000000100000000000000110000000000000011000000000000000111100011100000010111110100000000011000000000000011000100000000011100111100000000011100000000000001000000000000000000000000000000000000000000
0000000000000000000000010000100000000001111110000000101000100100001110000000000000100000000000000001000000010000001000010111000000000011011010000000001100000000000010000001000000001000111111000000111011100000000000000000000000000000000000000000000000000000
0000000000000000000000001010000000000011111101000001011000110000000100000000000000110000000000000010000000000000001111100111000000000001110000000000011001000000000011000101100000001100110011000000101011111000000000010000000000000000000000000000000000000000
0000000000000000000000000000000000000011111111000001010100011000000000100000000000110000000000000001100000000000000010000001100000010111111010000001111101000000000101000001000000001100010110000000001110000000000000000000000000000000000000000000000000000000
0000000000000000000000000110000000000111001111000011000000000100000110000000000000110000000000000011100000001000000101010011000000000011100000000001000100000000000011100010100000000100101110000000111011001000000000100000000000000000000000000000000000000000
0000000000000000000000000010000000000101101111000001001000000100000000000000000000110000000000000001000000000000000100100011100000000011101110000000000100000000000010000100100000001100111110000000011111001000000000000000000000000000000000000000000000000000
0000000000000000000000001011000000000111111010000010110100000000000100100000000000010000000000000001000000011000000111100101100000001111110000000000011000000000000010000011000000001110011100000000011111100000000000000000000000000000000000000000000000000000
0000000000000000000000000001100000001000101011000001010000100100001111000000000000000000000000000001000000000000000011000111100000000011110000000000111100000000000011000010100000001100011110000000001110110000000010000000000000000000000000000000000000000000
0000000000000000000000001100000000000101101111000000100000010100001110000000000000110000000000000011000000000000000110001111010000000111111010000000011000000000000011000001100000001001011110000000010100100000000000000000000000000000000000000000000000000000
0000000000000000000000000000110000000111111110000000110000111000000100000000000000100000000000000001000000000000000111000101100000001111101010000000011000000000000001000000000000001100011100000000001001010000000000000000000000000000000000000000000000000000
0000000000000000000000010011000000000011001111000000010010000000000100000000000000110000000000000010000000001000001110000011100000010111111010000000011101000000000111001001000000001001111100000001111010101000000000000000000000000000000000000000000000000000
0000000000000000000000000011000000000010111110000001110000001000001000000000000000100000000000000001000000000000000110001101100000000011110110000000011100000000000111000010100000001000011110000000101111100000000000000000000000000000000000000000000000000000
0000000000000000000000010110000000000000011111000011111100000000000100000000000000110000000000000011000000100000000111010001100000000101111110000000011100000000000011000010000000000001011110000000111110000000000000000000000000000000000000000000000000000000
0000000000000000000000011100000000000101111111000000001110000100000100000000000000010000000000000001000000000000001110000010100000000011010100000000011000000000000011000110000000001001111010000000010111001000000000001000000000000000000000000000000000000000
0000000000000000000000000000000000001001011011000000110000000000001010000000000000000000000000000011000000000000001101101110100000000111111010000000001100000000000001000000000000001100111100000000001111100000000000000000000000000000000000000000000000000000
0000000000000000000000000000000000001111111011000001011000000000001000000000000000110000000000000010000000000000001100011110000000000111111000000000111000000000000011100011100000001100111100000000110101000000000000000000000000000000000000000000000000000000
0000000000000000000000000100100000000011111111000000000000100100000110000000000000110000000000000010000000100000000101010101100000000111100000000000011100000000000010001000000000001100011100000000111111110000000000010000000000000000000000000000000000000000
0000000000000000000000000000000000000011110111000001111000000100000100000000000000110000000000000011000000110000000111100010100000001011110100000000000101000000000010000001000000001000011100000000001111110000000000000000000000000000000000000000000000000000
0000000000000000000000011001010000000101111110000010110000000000000110000000000000010000000000000011000000000000000101110010000000011010101100000000001100000000000011000011000000011000111101000000010101000000000000000000000000000000000000000000000000000000
0000000000000000000000011001000000000011110100000000110000000000000100000000000000100000000000000000000000000000000110010011000000001111101100000000011100000000000111000000000000001000011110000000011110000000000000010000000000000000000000000000000000000000
0000000000000000000000010011000000000101111110000010111000000000001110000000000000100000000000000010000000000000000110001101100000000111111110000000101110000000000011000000000000001000011110000000011111111000000000000000000000000000000000000000000000000000
0000000000000000000000000110010000000010110110000000110000001000001110000000000000100000000000000001000000000000000010000110000000001110110010000000011000000000000011000001000000001110011111000001000110100000000000000000000000000000000000000000000000000000
0000000000000000000000010110000000001101001110000001111000011100000010000000000000100000000000000010000000000000000011000010100000010111111100000000011101000000000001000000100000000100111110000000101100000000000000100000000000000000000000000000000000000000
0000000000000000000000001010000000000110100010000000100100000100000110000000000000000000000000000011000000000000000100111011000000010111010010000000001110000000000011000010000000001001011110000000001110100000000000000000000000000000000000000000000000000000
0000000000000000000000001100000000000101111111000001011000000000000110100000000000010000000000000011000000000000000110000011100000000111111000000000000000000000000011000000110000001000011110000000101110010000000000000000000000000000000000000000000000000000
0000000000000000000000000000000000000011101011000001011000000000001100000000000000000000000000000001000000000000000000100011100000000101111110000000001000000000000001000001100000001001111110000000001110101000000000000000000000000000000000000000000000000000
0000000000000000000000000000010000000101111011000001010000001100000110000000000000100000000000000010000000010000001101010011010000001111111100000000101101000000000000000001100000001100001100000000101111100000000000000000000000000000000000000000000000000000
0000000000000000000000000000000000001101101110000001101000000000000110000000000000100000000000000001000000010000001110000011000000000011100100000000001110000000000011000010100000000100111110000000011101010000000000101000000000000000000000000000000000000000
0000000000000000000000000000000000000010111010000000111001000000000100000000000000111000000000000011000000010000000111110011100000001010111100000000000100000000000011000000000000011000111100000000100100111000000000001000000000000000000000000000000000000000
0000000000000000000000001100100000000011111110000000111100000000001101000000000000110000000000000001000000000000000100101100000000000011110110000000010010000000000100000001000000000001111100000000011011001000000000000000000000000000000000000000000000000000
0000000000000000000000000010010000000011010011000000010000000000000100000000000000110000000000000011000000000000000111101111100000010011011000000000101100000000000010000001100000011000111110000000011011000000000001000000000000000000000000000000000000000000
0000000000000000000000000100010000000001111111000001111000010000001101000000000000100000000000000001000000000000000101000001000000001011101110000000001110000000000101000000000000001001011110000000111100000000000000000000000000000000000000000000000000000000
0000000000000000000000000000000000000111111111000001100000011000000110000000000000110000000000000000000000001000000010100111100000000111101000000000011100000000000011000100000000001010110110000000101011100000000000011000000000000000000000000000000000000000
0000000000000000000000000100000000000111011111000000111010000000000100000000000000110000000000000010000000001000000111001111100000000011111100000000011000000000000001100011000000001100011110000000000010100000000000010000000000000000000000000000000000000000
0000000000000000000000000010000000000111111111000001100000000000000110000000000000010000000000000001100000000000000110011001100000000011111100000000111100000000000011100010000000001001111110000000011101100000000001100000000000000000000000000000000000000000
0000000000000000000000000010000000000111011010000000010000100000001100000000000000100000000000000010000000000000001010001011100000000101111000000000001100000000000011100001100000001100011111000000011110101000000001001000000000000000000000000000000000000000
0000000000000000000000001000000000001011111110000000010100000100000110000000000000110000000000000011000000000000000110000111110000010011111000000000001000000000000011000110100000001010011111000000101110011000000000111000000000000000000000000000000000000000
0000000000000000000000000001000000000101111010000001110000011000001100000000000000100000000000000000000000000000000101000001100000001011110010000000000100000000000111100011110000000000101100000000011110000000000010000000000000000000000000000000000000000000
0000000000000000000000000100000000000111011111000001111000000100000100000000000000100000000000000011000000000000000110000100000000000110110110000000001000000000000011000001000000001011011001000000111110110000000000000000000000000000000000000000000000000000
0000000000000000000000000010000000000001100110000001110000010000001100000000000000010000000000000010000000010000001101000101000000000111111110000000111110000000000011000100000000000100001100000000010110000000000000000000000000000000000000000000000000000000
0000000000000000000000110000000000001101010011000001110110100100000000000000000000100000000000000010000000010000000110110111110000000111101000000000010110000000000011000001100000000010011110000000001010000000000000000000000000000000000000000000000000000000
0000000000000000000000100100010000000011111111000000100100000000001101000000000000100000000000000000000000000000001011101111100000010111110110000000010110000000000011000010000000001000011100000000110111011000000000001000000000000000000000000000000000000000
0000000000000000000000000100100000000110101110000001010000100000001100000000000000100000000000000000000000000000000010100010000000001001111000000000001000000000000011000011100000001000111110000000111011001000000000100000000000000000000000000000000000000000
0000000000000000000000000100000000000011101111000000101000000000001110000000000000010000000000000011000000010000000100101101000000000111110010000000001010000000000001000000000000011000001000000000011101000000000000000000000000000000000000000000000000000000
0000000000000000000000000111010000000110010101000001110000000000001100000000000000010000000000000010000000000000001111001101100000000111111100000000011110000000000010000010000000001000111110000000011110010000000000100000000000000000000000000000000000000000
0000000000000000000000000001000000000111111001000001010000000000000110100000000000110000000000000001000000000000001001000001100000010111110000000000111000000000000100100010000000001001111100000000011110000000000000010000000000000000000000000000000000000000
0000000000000000000000001011000000000111111111000000011100000100000110000000000000100000000000000010000000000000000100010101000000000111111110000000011010000000000010000000000000011100011110000000010111100000000000110000000000000000000000000000000000000000
0000000000000000000000101000000000001010110101000001010100000000001100000000000000110000000000000011000000000000001001001001000000000110111110000000011110000000000001100110000000001111111110000000100111000000000000000000000000000000000000000000000000000000
0000000000000000000000010100000000001011011110000001100000000000000110000000000000000000000000000010000000001000000101000111100000001111110010000000011100000000000001000010000000000000010110000000011101010000000000000000000000000000000000000000000000000000
0000000000000000000000001101100000000101011011000001110000001000000110000000000000110000000000000010000000000000000101000111100000001111100010000000111000000000000010000000000000000100011110000000011101100000000000000000000000000000000000000000000000000000
0000000000000000000000001101000000000011111010000001000000000000000100000000000000100000000000000011000000001000000101000011000000000000111010000000001100000000000010000111000000001000111110000000111110100000000000010000000000000000000000000000000000000000
0000000000000000000000001010110000000001111111000001100010000000000110000000000000000000000000000000000000001000000110000010000000001111011010000000001000000000000011000001000000011000101100000000111101101000000010000000000000000000000000000000000000000000
0000000000000000000000001000000000000011101110000000010000001000001100000000000000100000000000000011000000000000001110011111100000010111110000000000011110000000000011100010000000001000111100000000010111100000000000000000000000000000000000000000000000000000
0000000000000000000000000001100000000011111111000000101000000000001110000000000000010000000000000010000000000000000100000000100000000001111010000000011010000000000011000000000000001001111100000000001010100000000000100000000000000000000000000000000000000000
0000000000000000000000000010100000000001111011000000000100000000001110000000000000010000000000000011000000000000000010101001100000000011000010000000111000000000000001000011000000001000011100000000011110000000000000000000000000000000000000000000000000000000
0000000000000000000000000100100000000000111001000011110000000000001010000000000000100000000000000011000000010000000110010111100000001111111100000000001100000000000001000011100000001000001110000000011100000000000000000000000000000000000000000000000000000000
0000000000000000000000000101100000000111101111000000100000000000000110000000000000100000000000000011000000010000000111001001100000001001011000000000011110000000000011000010000000001000111110000000101101000000000000010000000000000000000000000000000000000000
0000000000000000000000000000100000000111111010000000111000000000000110000000000000010000000000000010000000000000000110101001110000000111111000000000010000000000000001000010000000001100011110000000100101111000000000000000000000000000000000000000000000000000
0000000000000000000000000000000000000000000000000000000000000000000000000000000000000000000000000000000000000000000000000000000000000000000000000000000000000000000000000000000000000000000000000000000000000000000000000000000000000000000000000000000000000000
0000000000000000000000000000000000000000000000000000000000000000000000000000000000000000000000000000000000000000000000000000000000000000000000000000000000000000000000000000000000000000000000000000000000000000000000000000000000000000000000000000000000000000
0000000000000000000000000000000000000000000000000000000000000000000000000000000000000000000000000000000000000000000000000000000000000000000000000000000000000000000000000000000000000000000000000000000000000000000000000000000000000000000000000000000000000000
0000000000000000000000000000000000000000000000000000000000000000000000000000000000000000000000000000000000000000000000000000000000000000000000000000000000000000000000000000000000000000000000000000000000000000000000000000000000000000000000000000000000000000
0000000000000000000000000000000000000000000000000000000000000000000000000000000000000000000000000000000000000000000000000000000000000000000000000000000000000000000000000000000000000000000000000000000000000000000000000000000000000000000000000000000000000000
0000000000000000000000000000000000000000000000000000000000000000000000000000000000000000000000000000000000000000000000000000000000000000000000000000000000000000000000000000000000000000000000000000000000000000000000000000000000000000000000000000000000000000
0000000000000000000000000000000000000000000000000000000000000000000000000000000000000000000000000000000000000000000000000000000000000000000000000000000000000000000000000000000000000000000000000000000000000000000000000000000000000000000000000000000000000000
0000000000000000000000000000000000000000000000000000000000000000000000000000000000000000000000000000000000000000000000000000000000000000000000000000000000000000000000000000000000000000000000000000000000000000000000000000000000000000000000000000000000000000
0000000000000000000000000000000000000000000000000000000000000000000000000000000000000000000000000000000000000000000000000000000000000000000000000000000000000000000000000000000000000000000000000000000000000000000000000000000000000000000000000000000000000000
0000000000000000000000000000000000000000000000000000000000000000000000000000000000000000000000000000000000000000000000000000000000000000000000000000000000000000000000000000000000000000000000000000000000000000000000000000000000000000000000000000000000000000
0000000000000000000000101000000000000010110000000000011101000000000011000000000000000100000000000000010000000000000000101111000000000011111000000000000101110000000010010010000000011110110000000000100000000000000000000000000000000000000000000000000000000000
0000000000000000000000101000000000000011100000000000001100000000000001000000000000000100000000000000010000000000000001111011000000000111111100000000000001110000000010101111000000011101001000000000000100000000000000000000000000000000000000000000000000000000
0000000000000000000000010000000000000011100000000000011010000000000000100000000000001100000000000000011000000000000011110110000000000011101000000000001110110000000011001110000000011111011000000001011000000000000000000000000000000000000000000000000000000000
0000000000000000000000001100000000000001000000000000011001000000000001100000000000000110000000000000010010000000000011101111000000001111111000000000000010110000000011000110000000001111010000000000001000000000000000000000000000000000000000000000000000000000
0000000000000000000000010100000000000011101000000000001000000000000001000000000000000000000000000000010000000000000001101111000000000111111100000000001110110000000000111111000000001111101000000001100100000000000000000000000000000000000000000000000000000000
0000000100000000000000011100000000000111110000000000011100000000000001100000000000000100000000000000011000000000000011100111000000001101001100000000000101100000000110010110000000011111111000000000100000000000000000000000000000000000000000000000000000000000
0000000100000000000000111100000000000010010000000000001000000000000000100000000000000100000000000000110000100000000001100110000000000011111000000000001001110000000010001110000000011111100000000000110000000000000000000000000000000000000000000000000000000000
0000000100000000000000001000000000000011010000000000000000000000000001000000000000001110000000000000010000100000000011001110000000000011111000000000001111110000000000001110000000001111000000000000111100000000000000000000000000000000000000000000000000000000
0000000000000000000000100100000000000010111000000000000100000000000001100000000000001100000000000000011000010000000001101111000000000011111000000000000010100000000000100110000000011110100000000000000000000000000000000000000000000000000000000000000000000000
0000000000000000000000011000000000000010010000000000000000000000000001000000000000000110000000000000110000000000000001100111000000000111111100000000000011110000000010010110000000001111001000000000110000000000000000000000000000000000000000000000000000000000
0000000000000000000000011110000000000111110000000000011000000000000000100000000000000100000000000000110000000000000001101111000000000011111000000000000000100000000111001110000000001111101000000000000000000000000000000000000000000000000000000000000000000000
0000000000000000000000011100000000000001000000000000001100000000000001100000000000000100000000000000111000000000000001100110000000001111111000000000001110100000000111101110000000001111111000000000101000000000000000000000000000000000000000000000000000000000
0000000000000000000000110100000000000011100000000000011000000000000011100000000000000110000000000000111001000000000000101100000000000001011100000000000010100000000000011110000000001110100000000000001000000000000000000000000000000000000000000000000000000000
0000000000000000000000010000000000000111100000000000001100000000000001000000000000000010000000000000011000100000000001111110000000000111111100000000000101100000000001101110000000011100111000000001100100000000000000000000000000000000000000000000000000000000
0000000000000000000000001100000000000001000000000000011100000000000010000000000000001110000000000000111000000000000011010011000000000011111000000000000111100000000010011110000000011111000000000000110100000000000000000000000000000000000000000000000000000000
0000000000000000000000010000000000000011010000000000001000000000000000000000000000000100000000000000010000000000000001101110000000000001111100000000000001100000000111001110000000001111110000000001111000100000000000000000000000000000000000000000000000000000
0000000000000000000000101100000000000011110000000000001000000000000001110000000000001110000000000000110000000000000001110111000000000011111000000000001001110000000010100111000000011100100000000001000000000000000000000000000000000000000000000000000000000000
0000000000000000000000010100000000000011100000000000011000000000000000110000000000000100000000000000111000100000000001101110000000000111011000000000001100100000000000010110000000011111101000000000010100000000000000000000000000000000000000000000000000000000
0000000000000000000000111000000000000011101000000000010000000000000001000000000000000110000000000000110000000000000000101110000000000111111100000000000000100000000000111100000000011011111000000000011000000000000000000000000000000000000000000000000000000000
0000000010000000000000111100000000000111000000000000011001000000000011100000000000001100000000000000011000000000000001110011000000000111111100000000000001110000000010000110000000001110010000000000110000100000000000000000000000000000000000000000000000000000
0000000000000000000000100000000000000111110000000000010100000000000001000000000000000100000000000000110000000000000001101110000000000011101100000000000001110000000100011111000000011110111000000000010100000000000000000000000000000000000000000000000000000000
0000000000000000000000010100000000000001000000000000011000000000000000000000000000000100000000000000010000000000000001010010000000000011111100000000000000110000000000110111000000011111111000000000101000000000000000000000000000000000000000000000000000000000
0000000000000000000000101000000000000011011000000000011001000000000001000000000000000100000000000000110000000000000001110111000000000011111100000000000100110000000010011110000000001111011000000000000000000000000000000000000000000000000000000000000000000000
0000000000000000000000010100000000000111100000000000011000000000000001100000000000001010000000000000010000110000000011101111000000000011111000000000000001110000000011111110000000011111000000000000110000000000000000000000000000000000000000000000000000000000
0000000000000000000000001000000000000001011000000000010001000000000001100000000000001110000000000000001000000000000000111111000000000011011100000000000001100000000010000110000000011111100000000000110000000000000000000000000000000000000000000000000000000000
0000000000000000000000011000000000000011010000000000011000000000000001000000000000000110000000000000011000100000000001111111000000000011011000000000001011100000000001001110000000011111011000000000110100000000000000000000000000000000000000000000000000000000
0000000000000000000000001010000000000011110000000000011000000000000001100000000000000100000000000000010001000000000001001110000000000011111100000000000011100000000010001110000000001110110000000001000000000000000000000000000000000000000000000000000000000000
0000000000000000000000100100000000000011000000000000011000000000000001100000000000001110000000000000110000000000000001101111000000000011101000000000001001100000000101011110000000011111110000000000110000000000000000000000000000000000000000000000000000000000
0000000000000000000000001000000000000011000000000000011100000000000011010000000000000000000000000000010000100000000001110011000000000111111100000000000100110000000000111110000000011111110000000001110100000000000000000000000000000000000000000000000000000000
0000000001000000000000010000000000000011111000000000011000000000000011000000000000001110000000000000011000010000000001111111000000000011111100000000010100100000000110111110000000011110100000000001001000000000000000000000000000000000000000000000000000000000
0000000000000000000000011000000000000010100000000000000100000000000000100000000000001110000000000000110000000000000011111110000000000011111100000000001010010000000000111110000000011101000000000001010100000000000000000000000000000000000000000000000000000000
0000000000000000000000111100000000000011111000000000011000000000000001000000000000000100000000000000010000000000000011001011000000000001110100000000010000110000000010011110000000011111000000000000100100000000000000000000000000000000000000000000000000000000
0000000000000000000000011100000000000111110000000000010101000000000001000000000000001100000000000000110000000000000011101110000000000111111000000000000001100000000100101110000000011111111000000001011000000000000000000000000000000000000000000000000000000000
0000000000000000000000010000000000000010100000000000011000000000000011100000000000000100000000000000110000100000000000011110000000000111101000000000001001100000000000110110000000001111111000000001010000000000000000000000000000000000000000000000000000000000
0000000000000000000000111000000000000011110000000000011000000000000001100000000000001100000000000000111000000000000001111110000000000111001000000000011000100000000000010110000000011111111000000000111100000000000000000000000000000000000000000000000000000000
0000000000000000000000011100000000000011100000000000001000000000000001100000000000000100000000000000011001000000000011011111000000000011111000000000101000100000000110110110000000001111110100000001111000000000000000000000000000000000000000000000000000000000
0000000000000000000000001100000000000111010000000000011100000000000011000000000000001110000000000000110010000000000001101010000000000011111100000000000001100000000000011111000000011111001000000000110000000000000000000000000000000000000000000000000000000000
0000000000000000000000110000000000000011000000000000011000000000000001010000000000001100000000000000110000100000000011111110000000001111101000000000000001100000000010011110000000011111110000000001101000000000000000000000000000000000000000000000000000000000
0000000000000000000000001100000000000011010000000000001100000000000001000000000000000100000000000000010000100000000001101011000000000111111100000000000011000000000111011110000000011111000000000001000000000000000000000000000000000000000000000000000000000000
0000000000000000000000010000000000000111100000000000001000000000000001100000000000000100000000000000111000000000000001111111000000000111111000000000000000110000000110011110000000011111100000000001001000000000000000000000000000000000000000000000000000000000
0000000000000000000000011000000000000011110000000000001000000000000001000000000000001110000000000000000000100000000001110010000000000111011100000000001001000000000010011110000000011111100000000001001000000000000000000000000000000000000000000000000000000000
0000000000000000000000011100000000000111010000000000001100000000000010100000000000000100000000000000011000100000000001101010000000000011101000000000010011110000000010111111000000001011111000000000000000000000000000000000000000000000000000000000000000000000
0000000000000000000000011100000000000111110000000000001000000000000001100000000000001110000000000000000000000000000011110111000000000011111100000000000011110000000010110100000000011111101000000000000000000000000000000000000000000000000000000000000000000000
0000000000000000000000110100000000000011100000000000001000000000000001100000000000001100000000000000110000000000000001011111000000000010111000000000000001110000000010000110000000011111001000000001011010000000000000000000000000000000000000000000000000000000
0000000000000000000000110000000000000011110000000000011100000000000001100000000000001110000000000000011000000000000011101110000000000011100010000000000011100000000010111110000000001010010000000000100000000000000000000000000000000000000000000000000000000000
0000000000000000000000011100000000000011011000000000000000000000000001100000000000001100000000000000011001100000000010110111000000000111111000000000000011100000000000011110000000011111000000000001110000000000000000000000000000000000000000000000000000000000
0000000010000000000000100000000000000010100000000000011110000000000001100000000000001100000000000000011001000000000001001111000000001011111000000000011000100000001010011110000000001111110000000000100010000000000000000000000000000000000000000000000000000000
0000000000000000000000110000000000000010100000000000001100000000000010000000000000000110000000000000011000100000000011111110000000000111011100000000000000100000000001001110000000011111100000000000100010000000000000000000000000000000000000000000000000000000
0000000000000000000000101000000000000111100000000000011010000000000001000000000000001100000000000000010000100000000001100110000000000011111100000000001001100000000010001110000000011111111000000001101000000000000000000000000000000000000000000000000000000000
0000000000000000000000001000000000000011110000000000001000000000000001000000000000000100000000000000111000000000000001100010000000000011111100000000001000100000000110101110000000001110000000000000101100000000000000000000000000000000000000000000000000000000
0000000000000000000000010000000000000010110000000000011010000000000001100000000000000100000000000000010000000000000001110010000000001011111100000000000000100000000110111110000000011111110000000000110000000000000000000000000000000000000000000000000000000000
0000000000000000000000111000000000000011001000000000011000000000000001100000000000001100000000000000110000100000000001111111000000000011111000000000001100110000000010011110000000011101011000000000100000000000000000000000000000000000000000000000000000000000
0000000000000000000000100000000000000011010000000000011100000000000010100000000000000100000000000000010001000000000001101111100000000111111100000000000000110000000100110110000000011111110000000000110000000000000000000000000000000000000000000000000000000000
0000000001000000000000011110000000000011011000000000000001000000000001100000000000000100000000000000010000000000000001101111000000000011111000000000001000100000000111001110000000001111011000000000010100000000000000000000000000000000000000000000000000000000
0000000000000000000000000000000000000010110000000000010000000000000001100000000000001111000000000000111000000000000000100111000000000011101000000000000000100000000000001110000000000110011000000001111000000000000000000000000000000000000000000000000000000000
0000000000000000000000010000000000000001100000000000001010000000000001100000000000000100000000000000111000000000000001101110000000000011111000000000000000110000000010110110000000011110010000000001001110000000000000000000000000000000000000000000000000000000
0000000001000000000000010100000000000001110000000000001000000000000001100000000000000100000000000000110000100000000001101111000000000111111100000000000100100000000100001110000000011111110000000001110000000000000000000000000000000000000000000000000000000000
0000000000000000000000110100000000000011110000000000011000000000000000100000000000000100000000000000110000010000000001111111000000000111001000000000001011100000000010011100000000011111110000000001001010000000000000000000000000000000000000000000000000000000
0000000001000000000000011100000000000101010000000000011000000000000001100000000000000100000000000000010000110000000001111010000000001111101100000000000011100000000000000100000000111010110000000001111100000000000000000000000000000000000000000000000000000000
0000000000000000000000010000000000000011000000000000011100000000000001100000000000000110000000000000010000100000000000001010000000000011111100000001001010100000000111011110000000011110100000000000010001000000000000000000000000000000000000000000000000000000
0000000000000000000000001000000000000000111000000000001100000000000000000000000000000100000000000000011010000000000001001111000000000101111000000000001001110000000011111110000000001111101000000000101000000000000000000000000000000000000000000000000000000000
0000000000000000000000011100000000000001100000000000101000000000000001100000000000000100000000000000010000100000000001000011000000000011111000000000000001110000000110011110000000011101100000000000111000000000000000000000000000000000000000000000000000000000
0000000000000000000000011100000000000001111000000000011100000000000001000000000000001110000000000000010000110000000001101011000000000011111000000000001001100000000100100110000000011111100000000000100101000000000000000000000000000000000000000000000000000000
0000000000000000000000111000000000000010100000000000010000000000000001100000000000000100000000000000010000000000000001111101000000000001111000000000000001100000000101101111000000011110110000000000110000000000000000000000000000000000000000000000000000000000
0000000000000000000000010100000000000110010000000000001000000000000001000000000000000100000000000000100001000000000001111111000000000011101100000000101001110000000101011110000000001111101000000000111000000000000000000000000000000000000000000000000000000000
0000000100000000000000001100000000000001010000000000010001000000000000100000000000000110000000000000010000100000000001111111000000000110101100000000000101100000000001101110000000011010110000000000010100000000000000000000000000000000000000000000000000000000
0000000000000000000000011100000000000010010000000000001000000000000001000000000000000110000000000000110000000000000001111111000000000111011100000000001000110000000010011110000000001111010000000000000000000000000000000000000000000000000000000000000000000000
0000000000000000000000011100000000000011010000000000001100000000000000000000000000000110000000000000110000000000000011010111000000000111101100000000001000100000000000111100000000001111101000000000011100000000000000000000000000000000000000000000000000000000
0000000000000000000000101000000000000011100000000000001100000000000000000000000000001100000000000000100001000000000001110110000000000011111000000000001001000000000000111101000000011110011000000001110100000000000000000000000000000000000000000000000000000000
0000000001000000000000011000000000000111111000000000001000000000000011100000000000000110000000000000011000000000000011000111000000000111111000000000001000100000000111001110000000111110111000000001100000000000000000000000000000000000000000000000000000000000
0000000000000000000000011000000000000110110000000000011100000000000001000000000000000100000000000000100000000000000011110111000000001010101100000000000111110000000100100110000000010111001000000000110100000000000000000000000000000000000000000000000000000000
0000000100000000000000001100000000000011100000000000011100000000000001100000000000001010000000000000010000000000000011100011000000000011111100000000000001100000000011011110000000011111110000000000111110000000000000000000000000000000000000000000000000000000
0000000010000000000000011100000000000011010000000000001100000000000001000000000000000100000000000000110000000000000000111101000000000111111100000000001011100000000011011111000000011110000000000001111000000000000000000000000000000000000000000000000000000000
0000000000000000000000011000000000000011010000000000011000000000000001000000000000000100000000000000010000100000000001111111000000000011111000000000000011110000000010011110000000011111100000000000000000000000000000000000000000000000000000000000000000000000
0000000000000000000000011100000000000010000000000000001000000000000001000000000000000110000000000000110000000000000011100110000000000111111100000000000001100000000010001110000000011111111000000000001000000000000000000000000000000000000000000000000000000000
0000000000000000000000010000000000000101011000000000001000000000000001000000000000000100000000000000010000000000000001010010000000000011101000000000000100100000000011111110000000011111110000000000000000000000000000000000000000000000000000000000000000000000
0000000000000000000000001100000000000011010000000000001100000000000001000000000000000100000000000000011000000000000011011110000000000011111110000000000001000000000100100110000000001101100000000000100000000000000000000000000000000000000000000000000000000000
0000000000000000000000110000000000000011110000000000011000000000000001100000000000001110000000000000010000000000000001011110000000000011111000000000001000100000000010111110000000001111100100000000000001000000000000000000000000000000000000000000000000000000
0000000100000000000000011100000000000001110000000000011000000000000001000000000000000100000000000000111000100000000001101011000000000111111000000000000000000000000000101110000000011111110000000001111100000000000000000000000000000000000000000000000000000000
0000000000000000000000101000000000000011100000000000010000000000000010100000000000001100000000000000111000000000000001011110000000000111111100000000000101110000000111101100000000011101001000000000101000000000000000000000000000000000000000000000000000000000
0000000000000000000000011000000000000111110000000000011000000000000000100000000000001100000000000000011000000000000011100111000000000011111100000000001001100000000001101110000000011111110000000000111000000000000000000000000000000000000000000000000000000000
0000000000000000000000011000000000000011111000000000010100000000000000000000000000000100000000000000111000010000000011111111000000001111101100000000000001110000000010001110000000001111000000000001110000000000000000000000000000000000000000000000000000000000
0000000000000000000000011000000000000001010000000000011100000000000000000000000000000100000000000000000000000000000001111110000000001011111000000000001010100000000000001111000000011111010000000000100000000000000000000000000000000000000000000000000000000000
0000000010000000000000001100000000000011100000000000001000000000000000100000000000000110000000000000010000000000000001100111000000000101111000000000000101110000000010001111000000001111000000000000101100000000000000000000000000000000000000000000000000000000
0000000000000000000000111100000000000001111000000000011000000000000011000000000000000110000000000000010000000000000001000111000000000111101100000000000011100000000010011110000000001111101000000000010001000000000000000000000000000000000000000000000000000000
0000000000000000000000011000000000000011110000000000001100000000000001000000000000000010000000000000110000000000000001101011000000000111111100000000000100100000000110001111000000001111011000000001011100000000000000000000000000000000000000000000000000000000
0000000000000000000000010000000000000011110000000000011000000000000001100000000000001100000000000000011000100000000001101110000000000011011100000000000011100000000011010111000000001111010000000000010010000000000000000000000000000000000000000000000000000000
0000000000000000000000110000000000000011110000000000001100000000000001000000000000000100000000000000010000000000000001100011000000000011111100000000000101100000000110011110000000001111111000000001000000000000000000000000000000000000000000000000000000000000
0000000000000000000000010000000000000001111000000000011100000000000011000000000000000100000000000000110010110000000000111111000000000111111100000000010011110000000000100111000000011111111000000000100000000000000000000000000000000000000000000000000000000000
0000000010000000000000001100000000000011110000000000011000000000000001000000000000001000000000000000010000000000000001011100000000000011111100000000001000100000000000011110000000001110000000000000001000000000000000000000000000000000000000000000000000000000
0000000000000000000000010100000000000011100000000000001000000000000011100000000000000100000000000000110000000000000011111111000000000101111100000000100001010000000001000110000000011110011000000001000000000000000000000000000000000000000000000000000000000000
0000000000000000000000011100000000000011100000000000010000000000000011000000000000001110000000000000011000000000000001001111000000000111111000000000000101100000000010011100000000001111001000000000110000000000000000000000000000000000000000000000000000000000
0000000000000000000000001100000000000011111000000000001100000000000001000000000000000100000000000000010000100000000000111110000000000010111000000000001100110000000111101110000000011111001000000001011000000000000000000000000000000000000000000000000000000000
0000000000000000000000001100000000000011110000000000001000000000000001100000000000001110000000000000110010000000000011011111000000000011011100000000000001110000000001101110000000001000101000000001110000000000000000000000000000000000000000000000000000000000
0000000000000000000000111000000000000000110000000000100100000000000001100000000000000100000000000000010000100000000011101110000000000110111000000000001000100000000010001100000000011111100000000000111000000000000000000000000000000000000000000000000000000000
0000000100000000000000000100000000000011011000000000011000000000000000000000000000001110000000000000000000000000000001001011000000000111111000000000000011110000000100011110000000001110010000000001110001000000000000000000000000000000000000000000000000000000
0000000000000000000000011100000000000101000000000000001000000000000001100000000000001100000000000000111000100000000011101111000000000011111100000000000000110000000010100010000000011101100100000001100000000000000000000000000000000000000000000000000000000000
0000000000000000000000001000000000000011110000000000110101000000000001100000000000000100000000000000010000100000000011110111000000000111111000000000000011100000000001101100000000001101011000000000100000000000000000000000000000000000000000000000000000000000
0000000000000000000000011100000000000010110000000000010101000000000000000000000000000110000000000000010000100000000011000111000000000011111100000000001101100000000111001111000000001111100000000000000000000000000000000000000000000000000000000000000000000000
0000000000000000000000010000000000000011000000000000001000000000000011010000000000001100000000000000111000000000000011101010000000000011111000000000000101110000000100011111000000011111110000000000101100000000000000000000000000000000000000000000000000000000
0000000000000000000000000000000000000000000000000000000000000000000000000000000000000000000000000000000000000000000000000000000000000000000000000000000000000000000000000000000000000000000000000000000000000000000000000000000000000000000000000000000000000000
0000000000000000000000000000000000000000000000000000000000000000000000000000000000000000000000000000000000000000000000000000000000000000000000000000000000000000000000000000000000000000000000000000000000000000000000000000000000000000000000000000000000000000
0000000000000000000000000000000000000000000000000000000000000000000000000000000000000000000000000000000000000000000000000000000000000000000000000000000000000000000000000000000000000000000000000000000000000000000000000000000000000000000000000000000000000000
0000000000000000000000000000000000000000000000000000000000000000000000000000000000000000000000000000000000000000000000000000000000000000000000000000000000000000000000000000000000000000000000000000000000000000000000000000000000000000000000000000000000000000
0000000000000000000000000000000000000000000000000000000000000000000000000000000000000000000000000000000000000000000000000000000000000000000000000000000000000000000000000000000000000000000000000000000000000000000000000000000000000000000000000000000000000000
0000000000000000000000000000000000000000000000000000000000000000000000000000000000000000000000000000000000000000000000000000000000000000000000000000000000000000000000000000000000000000000000000000000000000000000000000000000000000000000000000000000000000000
0000000000000000000000000000000000000000000000000000000000000000000000000000000000000000000000000000000000000000000000000000000000000000000000000000000000000000000000000000000000000000000000000000000000000000000000000000000000000000000000000000000000000000
0000000000000000000000000000000000000000000000000000000000000000000000000000000000000000000000000000000000000000000000000000000000000000000000000000000000000000000000000000000000000000000000000000000000000000000000000000000000000000000000000000000000000000
0000000000000000000000000000000000000000000000000000000000000000000000000000000000000000000000000000000000000000000000000000000000000000000000000000000000000000000000000000000000000000000000000000000000000000000000000000000000000000000000000000000000000000
0000000000000000000000000000000000000000000000000000000000000000000000000000000000000000000000000000000000000000000000000000000000000000000000000000000000000000000000000000000000000000000000000000000000000000000000000000000000000000000000000000000000000000
0000000000000000000000000000000000000000001100000000001110110000000000011101000000000010101100000000111000100000000011110000000000001100100000000000110010000000000010111100000000000111000000000000001100000000000001100000000000000000000000000000000000000000
0000000000000000000000000000000000000000000100000000000011110000000000011000000000000010011000000000011001100000000011101000000000000100000000000000011010000000000011111000000000000111000000000001111100000000000001100000000000000000000000000000000000000000
0000000000000000000000000000000000000000001000000000000010010000000000001010100000000111111100000000011111110000000011101100000000001110000000000000000011000000000011011100000000001111000000000000011000000000000001110000000000000000000000000000000000000000
0000000000000000000000000000000000000000000000000000000011100000000000011001100000000011011110000001011101110000000111111000000000001100000000000000100010000000000011011100000000011110000000000000001000000000000010100000000000000000000000000000000000000000
0000000000000000000000000000000000000000100000000000000011010000000000011011000000000111001000000000111110110000000111110100000000001100000000000000010000000000000101111100000000001111100000000000111100000000000001100000000000000000000000000000000000000000
0000000000000000000000000000000000000000011100000000000001110000000000111001000000000010001010000000111001100000000011001000000000000111000000000000100010000000000011011000000000000111010000000000010100000000000000100000000000000000000000000000000000000000
0000000000000000000000000000000000000000001000000000000010101000000001111000100000000000001100000000111111100000000001111000000000000100000000000000001010000000000001111100000000001111110000000000110100000000000000000000000000000000000000000000000000000000
0000000000000000000000000000000000000000011100000000000011110000000000011101100000000011000100000000111001010000000111101100000000000100000000000000010000000000000011011000000000001111000000000000111000000000000001100000000000000000000000000000000000000000
0000000000000000000000000000000000000000001000000000000011101000000000001001000000000001001100000000111001010000001011110000000000001100000000000000110100000000000011111100000000001111100000000000001100000000000000100000000000000000000000000000000000000000
0000000000000000000000000000000000000000000100000000000000001000000000011001100000000011001100000001111111100000000011011100000000001110000000000000110000000000000011011000000000001111100000000001101100000000000001000000000000000000000000000000000000000000
0000000000000000000000000000000000000000011000000000000001011000000000111000000000000100001000000000011111100000000011110100000000000100000000000000001111000000000001111100000000000111100000000000111100000000000000010000000000000000000000000000000000000000
0000000000000000000000000000000000000000010000000000000111110000000000011001100000000010001100000001111111100000000101000000000000001100000000000000110001000000000001011100000000001111000000000000111100000000000000000000000000000000000000000000000000000000
0000000000000000000000000000000000000000001010000000000011110000000000101001000000000111001100000001110011000000001011000100000000001100000000000000110000000000000010111100000000010111100000000000011110000000000000100000000000000000000000000000000000000000
0000000000000000000000000000000000000000000100000000000001011000000000011011100000000010000110000001110010100000000001100010000000000100000000000000110010000000000011101100000000000111100000000000011000000000000000110000000000000000000000000000000000000000
0000000000000000000000000000000000000000010100000000000010011000000000101001000000000011001000000000111100100000000011110000000000001110000000000000010110000000000001111100000000001110100000000000011000000000000000100000000000000000000000000000000000000000
0000000000000000000000000000000000000000011010000000000011011000000000011001000000000000011100000000111101000000000101100010000000000110000000000000111111000000000011111100000000000111100000000000011000000000000000100000000000000000000000000000000000000000
0000000000000000000000000000000000000000011000000000000001011000000000100101000000000011001110000001111111100000000011111110000000000110000000000000110100000000000011011100000000011111100000000000011000000000000000100000000000000000000000000000000000000000
0000000000000000000000000000000000000000001100000000000001100000000000011001100000000001001100000000111111100000000101000010000000000110100000000000010011000000000011011100000000001111100000000000111110000000000000000000000000000000000000000000000000000000
0000000000000000000000000000000000000000001100000000000011011000000000111011100000000110001100000000111111100000000111110100000000000100000000000000110100000000000011111100000000011111100000000000011100000000000001100000000000000000000000000000000000000000
0000000000000000000000000000000000000000001000000000000011110000000000110001100000000001001000000001111011110000000011100100000000001110000000000000100011000000000011111100000000001111000000000000011010000000000000100000000000000000000000000000000000000000
0000000000000000000000000000000000000000101000000000000101100000000000011001000000000001101100000000111111000000000111111000000000000100000000000000000100000000000011011100000000001111100000000000011000000000000000100000000000000000000000000000000000000000
0000000000000000000000000000000000000000001000000000000110111000000000111011000000000110001100000001111001100000000111110000000000001100000000000000111011000000000011111100000000001111100000000000011010000000000000100000000000000000000000000000000000000000
0000000000000000000000000000000000000000000100000000000011010000000000110111100000000011000110000000011111000000001011110100000000001000000000000000010100000000000011111100000000001111100000000000111000000000000000000000000000000000000000000000000000000000
0000000000000000000000000000000000000000011000000000000011111000000000011011100000000011001000000001111101000000000111010100000000000100000000000000110010000000000111011100000000001111100000000000011100000000000000000000000000000000000000000000000000000000
0000000000000000000000000000000000000000010110000000000010110000000000100101100000000001001000000001111111100000001011110000000000000100000000000000010000000000000011111100000000001110100000000000001000000000000000000000000000000000000000000000000000000000
0000000000000000000000000000000000000000000000000000000101110000000000011001000000000011000100000000011111000000001111010100000000000100000000000000010110000000000010011000000000001111100000000000111000000000000000000000000000000000000000000000000000000000
0000000000000000000000000000000000000000000000000000000111110000000000001011000000000010001000000000011011110000000011111110000000000110000000000000111100000000000010111000000000001111100000000000101100000000000000100000000000000000000000000000000000000000
0000000000000000000000000000000000000000001010000000000010111000000000100101100000000011011100000001111101110000000111100000000000000100000000000000000000000000000011111100000000000101100000000000011110000000000000110000000000000000000000000000000000000000
0000000000000000000000000000000000000000000000000000001001010000000000011001100000000100100100000001111001000000001010011000000000000100000000000000100000000000000011011000000000010111100000000000111000000000000000000000000000000000000000000000000000000000
0000000000000000000000000000000000000000111000000000000011110000000000011001000000000110111000000000011101100000000011110000000000001111010000000000100100000000000111111000000000001111100000000000011100000000000000100000000000000000000000000000000000000000
0000000000000000000000000000000000000000001100000000000001011000000000010001100000000111111110000000011111110000000011000000000000000100000000000000010100000000000000111100000000001111100000000000111100000000000000100000000000000000000000000000000000000000
0000000000000000000000000000000000000000110100000000000001101000000000011001100000000111000010000001111111100000000011100000000000000110000000000000100010000000000011011100000000001111100000000000010000000000000000100000000000000000000000000000000000000000
0000000000000000000000000000000000000000101100000000000101010000000000011001000000000001001100000000001001110000000111111100000000000100000000000000100110000000000011110100000000001111000000000000011000000000000000000000000000000000000000000000000000000000
0000000000000000000000000000000000000000110000000000000111101000000000110101000000000110001100000001011010100000000111110000000000001100000000000000010010000000000011011100000000011111100000000000011110000000000000010000000000000000000000000000000000000000
0000000000000000000000000000000000000000011000000000000001101000000000111001100000000010001000000000111101100000000011100100000000001110100000000000110110000000000011011100000000001110100000000000101100000000000000000000000000000000000000000000000000000000
0000000000000000000000000000000000000000010000000000000010111000000000110101100000000011011100000000111111100000001111110110000000000100000000000000110000000000000001111000000000000111100000000000101010000000000000000000000000000000000000000000000000000000
0000000000000000000000000000000000000000001100000000000011110000000000101101100000001010011000000000111011100000001111011010000000011100000000000000110011000000000001101100000000001110000000000000011100000000000000100000000000000000000000000000000000000000
0000000000000000000000000000000000000000001100000000000010110000000000111001100000000000101000000001011010010000000011111010000000000100000000000000110010000000000011101100000000001111000000000000111000000000000001000000000000000000000000000000000000000000
0000000000000000000000000000000000000000011000000000000111000000000000111001100000000011001110000000011011110000001011001000000000010100000000000000110000000000000011111100000000001111100000000000001100000000000000010000000000000000000000000000000000000000
0000000000000000000000000000000000000000000100000000000011110000000000011001000000000010010100000000111111100000000101001100000000000100100000000000110001000000000011111000000000000111100000000000011100000000000000000000000000000000000000000000000000000000
0000000000000000000000000000000000000000001110000000000001010000000000011001000000000011001100000000111110110000000011101100000000001100000000000000110000000000000111010000000000000111110000000000111110000000000010000000000000000000000000000000000000000000
0000000000000000000000000000000000000000011010000000000010111000000000001001100000000110001100000000111000100000000111111110000000000100000000000000010001000000000001111100000000001111010000000000111100000000000000100000000000000000000000000000000000000000
0000000000000000000000000000000000000000000000000000000011110000000000010100100000000111001100000000111011000000000111111100000000000100000000000000010010000000000001111100000000001111100000000000111100000000000000100000000000000000000000000000000000000000
0000000000000000000000000000000000000000011000000000000001111000000000010001000000000011011010000000010111010000000111110110000000001100000000000000000010000000000010111000000000000110000000000000101100000000000000000000000000000000000000000000000000000000
0000000000000000000000000000000000000000001000000000000011110000000000111001000000000001000000000000111101110000001011010100000000001100000000000000110110000000000011010100000000000111000000000000111000000000000000000000000000000000000000000000000000000000
0000000000000000000000000000000000000000000100000000000000111000000000101101000000000010001110000000011011000000001001100010000000001110000000000000110000000000000000011100000000001111100000000000111100000000000000000000000000000000000000000000000000000000
0000000000000000000000000000000000000000001100000000000101110000000000110101000000000110010100000001011101100000000011000000000000000100000000000000100101000000000111111000000000001111000000000000011100000000000001000000000000000000000000000000000000000000
0000000000000000000000000000000000000000011110000000000001110000000000010000000000000000011000000001011101100000001000111000000000001110000000000000010010000000000001111100000000001111100000000001111100000000000000100000000000000000000000000000000000000000
0000000000000000000000000000000000000000001100000000000011110000000000011001000000000011001100000000101101000000000111010000000000001100000000000000000100000000000010111000000000001111110000000000001100000000000000100000000000000000000000000000000000000000
0000000000000000000000000000000000000000000000000000000011111000000000111011100000000000101110000001111011100000001111100110000000011110000000000000000000000000000011011100000000001111110000000000111000000000000000010000000000000000000000000000000000000000
0000000000000000000000000000000000000000000000000000000011110000000000010101100000000011000100000001011001110000000111111100000000000100000000000000100010100000000011111100000000001111100000000000011000000000000000000000000000000000000000000000000000000000
0000000000000000000000000000000000000000001110000000000010011000000000010001000000000001000100000001011111000000000011111110000000001100000000000000110101000000000011111100000000000011100000000000011110000000000000010000000000000000000000000000000000000000
0000000000000000000000000000000000000000000000000000000010111000000000000101100000000011001100000000111111100000000111101000000000000100000000000000111001000000000001011100000000001111100000000000001100000000000000000000000000000000000000000000000000000000
0000000000000000000000000000000000000000000100000000000011110000000000111001100000000010001100000000011110110000000101111000000000000100000000000000000000000000000001111100000000000111100000000000111110000000000001000000000000000000000000000000000000000000
0000000000000000000000000000000000000000001100000000000001110000000000011101100000000011001000000010011101100000001011011100000000001100100000000000110110000000000000111000000000010011100000000001110000000000000001000000000000000000000000000000000000000000
0000000000000000000000000000000000000000011100000000000010110000000000011001100000000010001010000001111001100000000001111100000000001110000000000000100110000000000011011000000000001111100000000000111100000000000000100000000000000000000000000000000000000000
0000000000000000000000000000000000000000000000000000000110000000000000101001100000000111001100000000111111000000000101010100000000001100000000000000111101000000000011111000000000001111100000000000011100000000000001000000000000000000000000000000000000000000
0000000000000000000000000000000000000000010100000000000111100000000000011101000000000011001000000000011101100000001001100110000000000010000000000000000101000000000010011100000000000111000000000000011000000000000000000000000000000000000000000000000000000000
0000000000000000000000000000000000000000001100000000000011111000000000010011100000000010001100000000111001010000001111100000000000000100100000000000101011000000000011111000000000000111000000000000111010000000000001000000000000000000000000000000000000000000
0000000000000000000000000000000000000000011000000000000111110000000000011101100000000001000100000001111010000000001011010000000000001010000000000000000100000000000011011100000000001111000000000000001100000000000000100000000000000000000000000000000000000000
0000000000000000000000000000000000000000000100000000000001110000000000111011000000000110001100000000110111000000000011111000000000000110000000000000110101000000000011011100000000011111000000000000111100000000000001000000000000000000000000000000000000000000
0000000000000000000000000000000000000000010000000000000001100000000000011011000000000011001100000010101001110000000111111100000000001000100000000001000011000000000011000000000000011111000000000000101000000000000000100000000000000000000000000000000000000000
0000000000000000000000000000000000000000111100000000000011110000000000011011100000000011101000000001111111100000000111000100000000100110100000000000010010000000000011011100000000001111000000000000111100000000000000000000000000000000000000000000000000000000
0000000000000000000000000000000000000000001100000000000010010000000000011001000000001110001100000001111110100000000111110100000000000100000000000000110110000000000111111100000000001111100000000000111100000000000000000000000000000000000000000000000000000000
0000000000000000000000000000000000000000110000000000000111110000000000011100000000000011001100000001111011100000000101111000000000000000000000000000110100000000000001111000000000001111000000000000111100000000000000100000000000000000000000000000000000000000
0000000000000000000000000000000000000000001000000000000011011000000000010011000000000011011100000000111101100000000011010000000000001110000000000000010000000000000011111100000000001111000000000000011000000000000001100000000000000000000000000000000000000000
0000000000000000000000000000000000000000001010000000000001110000000000011010100000000010001000000001110001100000000101100010000000000110000000000000110010000000000011111100000000001111100000000000111000000000000001100000000000000000000000000000000000000000
0000000000000000000000000000000000000000000100000000000111010000000000101001100000000011001010000000111111100000001011111010000000001100000000000000100001000000000010111100000000001111100000000000011000000000000000000000000000000000000000000000000000000000
0000000000000000000000000000000000000001010000000000000001111000000000011011100000000010001100000000011101100000000111100000000000000000000000000000010000000000000010011000000000000111010000000000011000000000000000100000000000000000000000000000000000000000
0000000000000000000000000000000000000000001000000000000000000000000000011011000000000011001110000000111111100000001101110000000000000111000000000000111110000000000001011000000000001111100000000000011100000000000000100000000000000000000000000000000000000000
0000000000000000000000000000000000000000011000000000000001110000000000011011100000000010001000000000111111100000000011011010000000001101000000000000010001000000000011111100000000001011110000000000111100000000000000100000000000000000000000000000000000000000
0000000000000000000000000000000000000000010100000000000001111000000000010101100000000010010100000000111011110000000111011010000000001100000000000000110110000000000011111100000000001111100000000000011110000000000000110000000000000000000000000000000000000000
0000000000000000000000000000000000000000001000000000000011011000000000011001100000000001100110000000111011100000000111100000000000000110000000000000110011000000000011111100000000001111000000000000011000000000000000000000000000000000000000000000000000000000
0000000000000000000000000000000000000000010100000000000010110000000000000001000000000011001010000000110101000000000011001000000000000100100000000000011000000000000011111100000000001111100000000000011100000000000000000000000000000000000000000000000000000000
0000000000000000000000000000000000000000001100000000000011110000000000011001100000000011001000000010111101100000000011010000000000001100000000000000001011000000000011011100000000001111100000000000011100000000000000100000000000000000000000000000000000000000
0000000000000000000000000000000000000000010100000000000001001000000000001101000000000111010010000000111111100000000101100000000000000100100000000000110110000000000011111100000000001111110000000000111100000000000000100000000000000000000000000000000000000000
0000000000000000000000000000000000000000100100000000000101111000000001001001100000000111001100000000011100010000000111101100000000000110000000000000010110000000000101110100000000001111000000000000011100000000000000000000000000000000000000000000000000000000
0000000000000000000000000000000000000000001000000000000011110000000000010011100000000011000100000000101111110000000011000110000000001100000000000000000010000000000001111110000000000111100000000000010000000000000000100000000000000000000000000000000000000000
0000000000000000000000000000000000000000001100000000000111011000000000001001100000000011001100000001111011110000000111110000000000000100000000000000010011000000000011111100000000001111000000000000011100000000000000100000000000000000000000000000000000000000
0000000000000000000000000000000000000000000100000000000001100000000000011011000000000111001110000000011111110000000111101000000000000000000000000000111100000000000010111000000000000111110000000000011000000000000000000000000000000000000000000000000000000000
0000000000000000000000000000000000000000000100000000000111110000000000111101000000000010010100000000111111000000001111010000000000001100000000000000010010000000000111111000000000001111000000000000011100000000000010100000000000000000000000000000000000000000
0000000000000000000000000000000000000000111100000000000011001000000000010001000000000011000010000000011101100000000111011100000000000100000000000000110000000000000011111100000000000111000000000000011000000000000000000000000000000000000000000000000000000000
0000000000000000000000000000000000000000001100000000000001001000000000010101000000000010000100000011111111100000000101101100000000000100000000000000110001000000000011111000000000000111110000000000011100000000000010100000000000000000000000000000000000000000
0000000000000000000000000000000000000000010000000000000010110000000000010001100000000011001010000000011111110000000111111001000000000100000000000000010110000000000011111000000000000111100000000000011100000000000001000000000000000000000000000000000000000000
0000000000000000000000000000000000000000000100000000000011110000000000011100000000000101001100000001111111110000000111100000000000000111000000000000110010000000000001111100000000001111110000000000011100000000000000000000000000000000000000000000000000000000
0000000000000000000000000000000000000000000100000000000110010000000000011001000000000011001110000000111011110000000011011000000000000100000000000000010001000000000011011000000000001111000000000000011100000000000000100000000000000000000000000000000000000000
0000000000000000000000000000000000000000000000000000000001110000000000010001100000000011000100000001111100100000000101000110000000001100000000000000011000000000000011111100000000001111110000000000011100000000000000100000000000000000000000000000000000000000
0000000000000000000000000000000000000000011100000000000011011000000000101101100000000010001100000000111111000000001111110100000000010111000000000000011001000000000010011000000000001111000000000000110100000000000000100000000000000000000000000000000000000000
0000000000000000000000000000000000000000011100000000000001010000000000010101100000000011000100000000011111010000000111010000000000001100000000000000110101000000000010111000000000001111000000000000011100000000000000000000000000000000000000000000000000000000
0000000000000000000000000000000000000000011100000000000011000000000000010000100000000011010100000000011111100000000101100010000000001110000000000000010110000000000011011100000000001111110000000000111100000000000000000000000000000000000000000000000000000000
0000000000000000000000000000000000000000000000000000000011010000000000010101000000000001001100000001111111110000000001100000000000011100000000000000100000000000000001111100000000001111000000000000111100000000000000000000000000000000000000000000000000000000
0000000000000000000000000000000000000000010000000000000111110000000000010001100000000010011100000000111111110000001111101000000000000100000000000000010011000000000001111000000000001111000000000000011100000000000001000000000000000000000000000000000000000000
0000000000000000000000000000000000000000001000000000000001011000000000011111000000000000001000000001011000110000000001011000000000000100000000000000110101000000000001111000000000001111100000000001111100000000000000000000000000000000000000000000000000000000
0000000000000000000000000000000000000000010000000000000001111000000000010001100000000110011100000000111111110000001111010000000000000100000000000000110100000000000101011100000000000111000000000000001000000000000000000000000000000000000000000000000000000000
0000000000000000000000000000000000000000010100000000000101010000000000111011000000000010011000000000111111000000000111011110000000000110000000000000010111000000000110111100000000001111000000000000011000000000000001100000000000000000000000000000000000000000
0000000000000000000000000000000000000000001100000000000011110000000000110011000000000011001010000000011010100000000011001100000000100100000000000000110000000000000011111100000000001111000000000000111000000000000001000000000000000000000000000000000000000000
0000000000000000000000000000000000000000000000000000000011010000000000011101000000000001000000000000111001110000001111110100000000001100000000000000010000000000000011111100000000001111000000000000011000000000000000000000000000000000000000000000000000000000
0000000000000000000000000000000000000000001000000000000011011000000000011011000000001010001110000000111111100000001011101000000000000100000000000000100110000000000011111100000000001111000000000000011100000000000000000000000000000000000000000000000000000000
0000000000000000000000000000000000000000001100000000000011110000000000110001100000000100000100000001011101110000001011111000000000000110010000000000100010000000000001011100000000000111010000000000010110000000000000000000000000000000000000000000000000000000
0000000000000000000000000000000000000000011100000000000001110000000000011101000000000000001100000000111011100000001101100000000000001100000000000000101000000000000011011000000000001111010000000000111100000000000000100000000000000000000000000000000000000000
0000000000000000000000000000000000000000000000000000000000000000000000000000000000000000000000000000000000000000000000000000000000000000000000000000000000000000000000000000000000000000000000000000000000000000000000000000000000000000000000000000000000000000
0000000000000000000000000000000000000000000000000000000000000000000000000000000000000000000000000000000000000000000000000000000000000000000000000000000000000000000000000000000000000000000000000000000000000000000000000000000000000000000000000000000000000000
0000000000000000000000000000000000000000000000000000000000000000000000000000000000000000000000000000000000000000000000000000000000000000000000000000000000000000000000000000000000000000000000000000000000000000000000000000000000000000000000000000000000000000
0000000000000000000000000000000000000000000000000000000000000000000000000000000000000000000000000000000000000000000000000000000000000000000000000000000000000000000000000000000000000000000000000000000000000000000000000000000000000000000000000000000000000000
0000000000000000000000000000000000000000000000000000000000000000000000000000000000000000000000000000000000000000000000000000000000000000000000000000000000000000000000000000000000000000000000000000000000000000000000000000000000000000000000000000000000000000
0000000000000000000000000000000000000000000000000000000000000000000000000000000000000000000000000000000000000000000000000000000000000000000000000000000000000000000000000000000000000000000000000000000000000000000000000000000000000000000000000000000000000000
0000000000000000000000000000000000000000000000000000000000000000000000000000000000000000000000000000000000000000000000000000000000000000000000000000000000000000000000000000000000000000000000000000000000000000000000000000000000000000000000000000000000000000
0000000000000000000000000000000000000000000000000000000000000000000000000000000000000000000000000000000000000000000000000000000000000000000000000000000000000000000000000000000000000000000000000000000000000000000000000000000000000000000000000000000000000000
0000000000000000000000000000000000000000000000000000000000000000000000000000000000000000000000000000000000000000000000000000000000000000000000000000000000000000000000000000000000000000000000000000000000000000000000000000000000000000000000000000000000000000
0000000000000000000000000000000000000000000000000000000000000000000000000000000000000000000000000000000000000000000000000000000000000000000000000000000000000000000000000000000000000000000000000000000000000000000000000000000000000000000000000000000000000000
0000000000000000000000100000000000000010000000000000010000000000000001100000000000000110000000000000010010000000000001100011000000000101011000000000000100000000000001100110000000000001111000000000000010000000000000000000000000000000000000000000000000000000
0000000000000000000001000000000000000010000000000000001000000000000001100000000000000110000000000000010001000000000011101010000000001111000100000000011000100000000000110001000000000001010000000000000111000000000000000000000000000000000000000000000000000000
0000000000000000000000100000000000000010000000000000001000000000000000000000000000000110000000000000000100000000000000101111000000000011011100000000011000100000000000110010000000000001011000000000000000000000000000000000000000000000000000000000000000000000
0000000000000000000000000000000000000110000000000000011000000000000000100000000000000010000000000000011000000000000001101110000000000110001000000000111000010000000000010101000000000001110000000000000010000000000000000000000000000000000000000000000000000000
0000000000000000000000000000000000000010000000000000010000000000000000100000000000000010000000000000010001000000000001111011000000000100011100000000010001100000000000000100000000000001101000000000000111000000000000000000000000000000000000000000000000000000
0000000000000000000000000000000000000110000000000000001000000000000000100000000000000110000000000000011010000000000011111100000000001111011100000000011000110000000000110011000000000111110000000000000111000000000000000000000000000000000000000000000000000000
0000000000000000000001000000000000000010000000000000001000000000000000100000000000000110000000000000010011000000000000110110000000000100001000000000000100110000000000000110000000000001110100000000000001000000000000000000000000000000000000000000000000000000
0000000000000000000000100000000000000110000000000000011100000000000001100000000000000110000000000000010011000000000001001010000000001110100000000000111000000000000000100011000000000001110000000000000110000000000000000000000000000000000000000000000000000000
0000000000000000000001100000000000000010000000000000001000000000000000110000000000000110000000000000001001000000000001101000000000001011011000000000001000100000000000110001000000000011010000000000000010000000000000000000000000000000000000000000000000000000
0000000000000000000000010000000000000010000000000000001000000000000001100000000000000110000000000000011011100000000001111100000000000111001000000000011001100000000000101010000000000011111000000000000101000000000000000000000000000000000000000000000000000000
0000000000000000000000100000000000000010000000000000001000000000000001100000000000000100000000000000001001000000000001111110000000000111011000000000001001100000000000100000000000000001010000000000000010000000000000000000000000000000000000000000000000000000
0000000000000000000001000000000000000110000000000000001000000000000001100000000000000010000000000000011100000000000011010100000000000011001000000000011001110000000000111010000000000011110000000000000100000000000000000000000000000000000000000000000000000000
0000000000000000000001010000000000000110000000000000001000000000000000100000000000000100000000000000011001000000000000011000000000000010001000000000011000100000000000110011000000000001111000000000000100000000000000000000000000000000000000000000000000000000
0000000000000000000001000000000000000010000000000000001000000000000010000000000000000110000000000000001010000000000001111010000000000110011000000000111000100000000000110110000000000011100000000000000000000000000000000000000000000000000000000000000000000000
0000000000000000000000000000000000000110000000000000011000000000000001100000000000000110000000000000001000000000000001110110000000000110001000000000011000100000000000111110000000000011110000000000000001000000000000000000000000000000000000000000000000000000
0000000000000000000000000000000000000110000000000000001000000000000001100000000000000000000000000000001010000000000011011110000000000001011000000000011001100000000000100110000000000011110000000000000000000000000000000000000000000000000000000000000000000000
0000000000000000000000100000000000000110000000000000001100000000000000100000000000000010000000000000010011000000000001110000000000000011001000000000101000000000000001100000000000000001111000000000000111000000000000000000000000000000000000000000000000000000
0000000000000000000001100000000000000010000000000000000000000000000001100000000000000000000000000000011100100000000000010000000000000111011100000000010001100000000001100111000000000001100000000000000000000000000000000000000000000000000000000000000000000000
0000000000000000000001100000000000000110000000000000011000000000000000000000000000000110000000000000010010000000000011110100000000000010011010000000011000000000000000100010000000000001011000000000000111000000000000000000000000000000000000000000000000000000
0000000000000000000000000000000000000010000000000000011000000000000001100000000000000110000000000000001010100000000001101100000000000110001000000000110100110000000000100010000000000001000000000000000000000000000000000000000000000000000000000000000000000000
0000000000000000000000000000000000000110000000000000011100000000000001100000000000000010000000000000011010000000000001011110000000000110000100000000000000110000000000101010000000000000110000000000000110000000000000000000000000000000000000000000000000000000
0000000000000000000000110000000000000110000000000000011000000000000001100000000000000010000000000000000001000000000001111110000000000100001000000000111001100000000001100110000000000000110000000000000011000000000000000000000000000000000000000000000000000000
0000000000000000000000000000000000000000000000000000010000000000000001100000000000000100000000000000111100000000000000101010000000000111101000000000010000110000000001100010000000000001110000000000000000000000000000000000000000000000000000000000000000000000
0000000000000000000000100000000000000110000000000000011000000000000000100000000000000100000000000000011010000000000010000110000000000111010000000000000000110000000001100111000000000111111000000000000001100000000000000000000000000000000000000000000000000000
0000000000000000000001000000000000000010000000000000001000000000000001100000000000000100000000000000000101000000000000111110000000001111001000000000011000000000000001101010000000000001111000000000000010000000000000000000000000000000000000000000000000000000
0000000000000000000001100000000000000100000000000000011000000000000000000000000000000110000000000000001000000000000000001111000000000101001000000000011000110000000001010011000000000011100000000000000010000000000000000000000000000000000000000000000000000000
0000000000000000000000100000000000000010000000000000000000000000000000100000000000000110000000000000011000000000000000111110000000000111001100000000011000100000000001100010000000000011100000000000000000000000000000000000000000000000000000000000000000000000
0000010000000000000000010000000000000010000000000000011000000000000000000000000000000000000000000000010000000000000000111110000000000111001000000000011000100000000000101011000000000011110000000000000001000000000000000000000000000000000000000000000000000000
0000000000000000000000100000000000000010000000000000001000000000000001100000000000000100000000000000010010000000000001110110000000000110001100000000011000000000000001110010000000000011011000000000000111000000000000000000000000000000000000000000000000000000
0000000000000000000000000000000000000010000000000000011000000000000000100000000000000110000000000000001011000000000001111111000000000010001000000000000000100000000001111010000000000000110000000000000110000000000000000000000000000000000000000000000000000000
0000000000000000000001100000000000000110000000000000011000000000000000100000000000000110000000000000011100000000000001001110000000000110000000000000011000000000000001000010000000000001110000000000000000000000000000000000000000000000000000000000000000000000
0000000000000000000001000000000000000000000000000000011000000000000000100000000000000110000000000000010011100000000011111010000000001011011000000000010000110000000001000111000000000011111100000000000101000000000000000000000000000000000000000000000000000000
0000000000000000000000000000000000000000000000000000011000000000000000000000000000000101000000000000001011000000000001111100000000000011001000000000011000100000000000110010000000000001010000000000000000000000000000000000000000000000000000000000000000000000
0000000000000000000000100000000000000110000000000000001000000000000000100000000000000010000000000000011000100000000001000110000000001110011000000000010001010000000000100110000000000011111000000000000010000000000000000000000000000000000000000000000000000000
0000000000000000000000000000000000000010000000000000011000000000000000100000000000001100000000000000011001100000000001111011000000000010001000000000011000100000000000010010000000000001100000000000000110000000000000000000000000000000000000000000000000000000
0000000000000000000000100000000000000010000000000000011000000000000000110000000000000010000000000000011010000000000001110111000000000011001000000000111001110000000001111010000000000011110000000000000000000000000000000000000000000000000000000000000000000000
0000000000000000000001100000000000000100000000000000001000000000000000000000000000000000000000000000010111000000000001101111000000000011000000000000001000100000000011101010000000000001110100000000000010000000000000000000000000000000000000000000000000000000
0000001000000000000000000000000000000010000000000000011000000000000000100000000000000110000000000000010011000000000000001100000000000111011000000000011000110000000000100111000000000011001000000000000100000000000000000000000000000000000000000000000000000000
0000000000000000000001000000000000000000000000000000001000000000000001000000000000000110000000000000001000000000000001111000000000001111001000000000011000010000000001100000000000000001011000000000000010000000000000000000000000000000000000000000000000000000
0000000000000000000001100000000000000010000000000000001000000000000001000000000000000110000000000000010000100000000001111110000000000111001100000000011000100000000010100110000000000001111000000000000001000000000000000000000000000000000000000000000000000000
0000000000000000000000100000000000000110000000000000001000000000000000000000000000000110000000000000011010100000000001111010000000000110000000000000011000110000000000000110000000000001100000000000000110000000000000000000000000000000000000000000000000000000
0000001000000000000001100000000000000110000000000000001000000000000001100000000000000110000000000000010010000000000001100110000000000111000000000000011000110000000000110111000000000011110000000000000010000000000000000000000000000000000000000000000000000000
0000000000000000000000100000000000000100000000000000011000000000000000100000000000000010000000000000001001100000000001101110000000000110001000000000010000100000000000100100000000000011110000000000000010000000000000000000000000000000000000000000000000000000
0000000000000000000001100000000000000110000000000000011000000000000001100000000000000110000000000000010000000000000001010110000000000110011000000000000000110000000000100011000000000001110000000000000001000000000000000000000000000000000000000000000000000000
0000000000000000000000100000000000000010000000000000011000000000000001100000000000000110000000000000000000000000000001101111000000000111001100000000011000100000000000111110000000000001111000000000000100000000000000000000000000000000000000000000000000000000
0000000000000000000000000000000000000000000000000000001000000000000000100000000000000110000000000000011000000000000011001111000000000111011100000000010000100000000001000011000000000000110000000000000011000000000000000000000000000000000000000000000000000000
0000000000000000000001100000000000000000000000000000101000000000000000100000000000000000000000000000001001100000000001011110000000000111011000000000011100100000000000111100000000000000110000000000000010000000000000000000000000000000000000000000000000000000
0000000000000000000000000000000000000010000000000000001000000000000001100000000000000100000000000000011001000000000001000111000000001110001000000000011000110000000000100010000000000001110000000000000010000000000000000000000000000000000000000000000000000000
0000000000000000000001100000000000000110000000000000001000000000000000100000000000000110000000000000010000000000000001011100000000000110001000000000110000110000000000001010000000000001110000000000000000000000000000000000000000000000000000000000000000000000
0000000000000000000000000000000000000000000000000000001000000000000000110000000000000110000000000000011011000000000001010110000000000011001000000000011000110000000001100010000000000000110000000000000010000000000000000000000000000000000000000000000000000000
0000000000000000000000010000000000000110000000000000001000000000000001100000000000000111000000000000010001000000000011100100000000001111001000000000011000100000000001101011000000000001101000000000000110000000000000000000000000000000000000000000000000000000
0000001000000000000000100000000000000110000000000000000000000000000001100000000000000010000000000000011001000000000001111100000000000110001000000000011000100000000001110010000000000011111000000000000101000000000000000000000000000000000000000000000000000000
0000000000000000000000100000000000000110000000000000001000000000000000100000000000000010000000000000000000000000000001100100000000000110101000000000011000100000000001110110000000000011110000000000000010000000000000000000000000000000000000000000000000000000
0000000000000000000001100000000000000110000000000000001000000000000001100000000000000110000000000000011010000000000001100110000000000110001100000000011000100000000001001010000000000011110000000000000010000000000000000000000000000000000000000000000000000000
0000000000000000000001100000000000000000000000000000010000000000000001110000000000000011000000000000001000000000000001000000000000000100011000000000011000100000000000010010000000000011100000000000000010000000000000000000000000000000000000000000000000000000
0000000000000000000000100000000000000100000000000000001000000000000000100000000000000110000000000000011001000000000001111110000000000111101000000000011000110000000001110110000000000001000000000000000010000000000000000000000000000000000000000000000000000000
0000000000000000000000000000000000000110000000000000001000000000000000100000000000000110000000000000010000000000000001101100000000000111001000000000011000100000000000111010000000000000111000000000000000000000000000000000000000000000000000000000000000000000
0000000000000000000000100000000000000110000000000000001000000000000000100000000000000010000000000000011000100000000001111010000000000110001000000000011001010000000001100010000000000001111000000000000100000000000000000000000000000000000000000000000000000000
0000000000000000000001100000000000000010000000000000001000000000000000100000000000000110000000000000010101000000000001010110000000000111001100000000011000100000000000010000000000000001010000000000000001000000000000000000000000000000000000000000000000000000
0000000000000000000001000000000000000010000000000000011000000000000000000000000000000010000000000000001001000000000011111110000000000110001100000000010000100000000000001110000000000011010000000000000111000000000000000000000000000000000000000000000000000000
0000000000000000000001100000000000000110000000000000010000000000000000100000000000000111000000000000011010000000000001101010000000000011011000000000011000110000000000110110000000000001110000000000000100100000000000000000000000000000000000000000000000000000
0000000000000000000000000000000000000111000000000000011000000000000000100000000000000000000000000000011010000000000001100100000000000111001000000000011000110000000000100010000000000001111000000000000011000000000000000000000000000000000000000000000000000000
0000000000000000000000100000000000000000000000000000001000000000000000000000000000000111000000000000000010000000000001101011000000000111010100000000010000000000000000110010000000000001000000000000000001000000000000000000000000000000000000000000000000000000
0000000000000000000001100000000000000110000000000000000000000000000000000000000000000110000000000000011011000000000001111110000000000110011000000000010000100000000000110010000000000011111000000000000111000000000000000000000000000000000000000000000000000000
0000000000000000000011000000000000000010000000000000001000000000000001100000000000000010000000000000001001000000000000101110000000001110001000000000011000110000000000110010000000000001010000000000000011000000000000000000000000000000000000000000000000000000
0000010000000000000001000000000000000010000000000000011000000000000000000000000000000111000000000000001010000000000011111110000000000000011000000000011000110000000001100010000000000001110000000000000010000000000000000000000000000000000000000000000000000000
0000000000000000000000000000000000000000000000000000001000000000000001100000000000000010000000000000000111000000000001111110000000000111011000000000010000110000000000010110000000000001101000000000000001000000000000000000000000000000000000000000000000000000
0000010000000000000000000000000000000110000000000000010000000000000001000000000000000100000000000000010001000000000001011010000000000110001000000000110000110000000001110110000000000000100000000000000000000000000000000000000000000000000000000000000000000000
0000000000000000000000000000000000000010000000000000001000000000000001100000000000000110000000000000011101000000000001000110000000000011000000000000011000000000000001100000000000000011111000000000000110100000000000000000000000000000000000000000000000000000
0000000000000000000000100000000000000010000000000000011000000000000000100000000000000010000000000000011011000000000001100110000000000110001100000000111000100000000000010010000000000011110000000000000010000000000000000000000000000000000000000000000000000000
0000010000000000000000100000000000000110000000000000000000000000000000000000000000000110000000000000011010000000000001100111000000001110001100000000010000100000000000010110000000000001110000000000000000000000000000000000000000000000000000000000000000000000
0000000000000000000001000000000000000010000000000000011000000000000000100000000000000110000000000000011000100000000001001110000000000111101100000000010000000000000001110110000000000011010000000000000101000000000000000000000000000000000000000000000000000000
0000000000000000000001100000000000000100000000000000011000000000000001100000000000000000000000000000111001000000000000111110000000000111001000000000011000110000000001110011000000000011110000000000000010000000000000000000000000000000000000000000000000000000
0000000000000000000000100000000000000110000000000000001000000000000000110000000000001010000000000000001000000000000001101110000000001111011000000000011000100000000001110010000000000010101000000000000011000000000000000000000000000000000000000000000000000000
0000000000000000000000000000000000000110000000000000000000000000000000100000000000000110000000000000011010000000000001011110000000000011001100000000011000100000000001110110000000000001111000000000001010000000000000000000000000000000000000000000000000000000
0000000000000000000001000000000000000110000000000000000000000000000000010000000000000110000000000000011001000000000001111111000000001111001000000000011000100000000001100011000000000001110000000000000000000000000000000000000000000000000000000000000000000000
0000000000000000000001000000000000000010000000000000001000000000000001100000000000000100000000000000010000000000000001101010000000000110001000000000011000100000000000100100000000000011110000000000000000000000000000000000000000000000000000000000000000000000
0000000000000000000001000000000000000010000000000000001000000000000000100000000000000100000000000000010000000000000000011111000000000110101000000000101001110000000000110011000000000011100000000000000110000000000000000000000000000000000000000000000000000000
0000000000000000000001100000000000000100000000000000011000000000000001100000000000000010000000000000010000000000000001110111000000000111110000000000011000100000000001110011000000000001010000000000000001000000000000000000000000000000000000000000000000000000
0000000000000000000000100000000000000110000000000000011000000000000000110000000000000100000000000000011000000000000001110010000000000101001000000000011000010000000001010010000000000001110000000000000010100000000000000000000000000000000000000000000000000000
0000000000000000000000100000000000000011000000000000001000000000000000100000000000000000000000000000011001000000000001110100000000000110001000000000011000010000000000010001000000000011010000000000000111000000000000000000000000000000000000000000000000000000
0000000000000000000000000000000000000010000000000000001000000000000000100000000000000010000000000000011011000000000001110000000000000111001100000000000001010000000001010110000000000001111100000000000011000000000000000000000000000000000000000000000000000000
0000000000000000000000100000000000000010000000000000011000000000000000100000000000000010000000000000010011000000000000010101000000000111001000000000011000100000000001110010000000000001100000000000000000000000000000000000000000000000000000000000000000000000
0000000000000000000000100000000000000100000000000000110100000000000000100000000000000100000000000000001101100000000001011010000000000110001100000000010000100000000001100010000000000011110000000000000000000000000000000000000000000000000000000000000000000000
0000000000000000000000000000000000000100000000000000011000000000000001100000000000000010000000000000011010000000000001110100000000000111011100000000111000110000000001110001000000000001110000000000001000000000000000000000000000000000000000000000000000000000
0000000000000000000001000000000000000110000000000000001000000000000000100000000000000110000000000000010010000000000001101000000000000110011000000000011000100000000001001011000000000011110000000000000000000000000000000000000000000000000000000000000000000000
0000001000000000000000000000000000000000000000000000011100000000000000100000000000000101000000000000001001000000000001010111000000000010101000000000110001110000000000110011000000000001110000000000000111000000000000000000000000000000000000000000000000000000
0000000000000000000001000000000000000110000000000000011000000000000000100000000000000100000000000000011010000000000001001110000000000110011000000000011000100000000001110100000000000001111000000000000010000000000000000000000000000000000000000000000000000000
0000000000000000000001100000000000000110000000000000011000000000000001100000000000000000000000000000011010000000000001001110000000000111001000000000000000100000000001100111000000000011111000000000000101000000000000000000000000000000000000000000000000000000
0000000000000000000000000000000000000100000000000000001000000000000000100000000000000110000000000000010001000000000001111110000000000000001000000000011000010000000000110011000000000001110000000000000000000000000000000000000000000000000000000000000000000000
0000000000000000000000100000000000000110000000000000010000000000000001100000000000000000000000000000111000000000000000111110000000000010011100000000010000100000000000010110000000000011110000000000000010000000000000000000000000000000000000000000000000000000
0000001000000000000000000000000000000000000000000000000000000000000001100000000000000110000000000000001000000000000000110110000000000010011000000000011000100000000000101100000000000011110000000000000101000000000000000000000000000000000000000000000000000000
0000000000000000000000100000000000000011000000000000001000000000000000100000000000000110000000000000010001100000000001111110000000000110001000000000101000100000000001100110000000000000110000000000000010000000000000000000000000000000000000000000000000000000
0000000000000000000001000000000000000110000000000000011000000000000000000000000000000110000000000000001001100000000001111110000000001110000100000000011000000000000000110010000000000011110000000000000001000000000000000000000000000000000000000000000000000000
0000000000000000000000100000000000000110000000000000001000000000000000100000000000000100000000000000011101000000000001101010000000000110001000000000011000110000000000100110000000000000010000000000000111000000000000000000000000000000000000000000000000000000
0000000000000000000000000000000000000010000000000000011000000000000001100000000000000010000000000000011000000000000001100010000000000110011000000000010100110000000000100011000000000011111000000000000010000000000000000000000000000000000000000000000000000000
0000000000000000000000000000000000000110000000000000011000000000000000100000000000000010000000000000010010100000000001001100000000000111011000000000000000100000000001111010000000000011110000000000000000000000000000000000000000000000000000000000000000000000
0000000000000000000000100000000000000110000000000000000000000000000001100000000000000101000000000000110001100000000000011100000000000111001000000000011000110000000000100111000000000001010000000000000011100000000000000000000000000000000000000000000000000000
0000000000000000000000100000000000000110000000000000011000000000000001100000000000000110000000000000010010000000000001100110000000001110110100000000011000110000000000100010000000000011111000000000000111000000000000000000000000000000000000000000000000000000
0000000000000000000000000000000000000111000000000000001000000000000001000000000000000010000000000000011010000000000001010010000000001111011000000000011000100000000000111000000000000011010000000000000010000000000000000000000000000000000000000000000000000000
0000000000000000000000000000000000000000000000000000000000000000000000000000000000000000000000000000000000000000000000000000000000000000000000000000000000000000000000000000000000000000000000000000000000000000000000000000000000000000000000000000000000000000
0000000000000000000000000000000000000000000000000000000000000000000000000000000000000000000000000000000000000000000000000000000000000000000000000000000000000000000000000000000000000000000000000000000000000000000000000000000000000000000000000000000000000000
0000000000000000000000000000000000000000000000000000000000000000000000000000000000000000000000000000000000000000000000000000000000000000000000000000000000000000000000000000000000000000000000000000000000000000000000000000000000000000000000000000000000000000
0000000000000000000000000000000000000000000000000000000000000000000000000000000000000000000000000000000000000000000000000000000000000000000000000000000000000000000000000000000000000000000000000000000000000000000000000000000000000000000000000000000000000000
0000000000000000000000000000000000000000000000000000000000000000000000000000000000000000000000000000000000000000000000000000000000000000000000000000000000000000000000000000000000000000000000000000000000000000000000000000000000000000000000000000000000000000
0000000000000000000000000000000000000000000000000000000000000000000000000000000000000000000000000000000000000000000000000000000000000000000000000000000000000000000000000000000000000000000000000000000000000000000000000000000000000000000000000000000000000000
0000000000000000000000000000000000000000000000000000000000000000000000000000000000000000000000000000000000000000000000000000000000000000000000000000000000000000000000000000000000000000000000000000000000000000000000000000000000000000000000000000000000000000
0000000000000000000000000000000000000000000000000000000000000000000000000000000000000000000000000000000000000000000000000000000000000000000000000000000000000000000000000000000000000000000000000000000000000000000000000000000000000000000000000000000000000000
0000000000000000000000000000000000000000000000000000000000000000000000000000000000000000000000000000000000000000000000000000000000000000000000000000000000000000000000000000000000000000000000000000000000000000000000000000000000000000000000000000000000000000
0000000000000000000000000000000000000000000000000000000000000000000000000000000000000000000000000000000000000000000000000000000000000000000000000000000000000000000000000000000000000000000000000000000000000000000000000000000000000000000000000000000000000000
0000000000000000000000000000000000000000010100000000001110001000000001100011000000001000000000000000010000000000000001011000000000000011100000000000011000000000000001100000000000000101010000000000010011100000000000000000000000000000000000000000000000000000
0000000000000000000000000100000000000010111000000000001010010000000001000000000000000100000000000000110000000000000001001100000000000011110000000000011100000000000000000000000000000110000100000000001011100000000000000000000000000000000000000000000000000000
0000000000000000000000000000000000000010111000000000001100010000000001000000100000001000000000000000110000000000000001010100000000000111110000000000001100000000000010000000000000000000000000000000010111000000000000010000000000000000000000000000000000000000
0000000000000000000000000000000000000011111000000000001100011000000011100000000000000000000000000000110000000000000000010100000000000111100000000000001000000000000001000000000000000100001000000000010110110000000000000000000000000000000000000000000000000000
0000000000000000000000001000000000000001111000000000011000100000000000000001100000001100000000000000100000000000000001100000000000000011100000000000011100000000000011100000000000001110000110000000000111100000000000001000000000000000000000000000000000000000
0000000000000000000000001000000000000001111110000000011100000000000001000000000000000000000000000000000000000000000001111100000000000011100000000000011100000000000001000000000000000001001100000000001100000000000000001000000000000000000000000000000000000000
0000000000000000000000000010000000000011101000000000001100001000000001100000000000000000000000000000010000000000000011010100000000000011110000000000001000000000000001000000000000001000000110000000100101100000000000001000000000000000000000000000000000000000
0000000000000000000000000000000000000011111000000000001100001000000001000000000000000100000000000000110000000000000001101100000000000000110000000000011100000000000001000000000000000110101000000000001011110000000000000000000000000000000000000000000000000000
0000000000000000000000000100000000000001111100000000011100011000000001100000100000000100000000000000000000000000000001101100000000000001110000000000001000000000000000000000000000010000001000000000011101100000000000000100000000000000000000000000000000000000
0000000000000000000000000000000000000001101000000000001110110100000001000001100000001100000000000000010000000000000001111100000000000111110000000000000100000000000001100000100000001000001110000000100110000000000000100000000000000000000000000000000000000000
0000000000000000000000000000000000000011111100000000001001011000000011000000010000001100000000000000100000000000000001001100000000000011110000000000011100000000000001100000000000001111010000000000111101100000000001100100000000000000000000000000000000000000
0000000000000000000000000000000000000010101000000000010000000000000000100010100000001000000000000000000000000000000001111100000000000110100000000000011000000000000011100000000000001000001000000000011001100000000000000000000000000000000000000000000000000000
0000000000000000000000000010000000000000111000000000011100010000000010010000000000000100000000000000110000000000000001001100000000000011000000000000011000000000000111100000000000000100101100000000001111100000000000000100000000000000000000000000000000000000
0000000000000000000000001000000000000001001000000000001110011000000011000000000000000100000000000000110000000000000010111100000000000011100000000000010000000000000001100000000000001000001100000000011111100000000000000000000000000000000000000000000000000000
0000000000000000000000000000000000000001100100000000001000010000000011000000100000000100000000000000110010000000000000001000000000000101010000000000000100000000000001100000000000001000110010000000101111000000000000001000000000000000000000000000000000000000
0000000000000000000000001000000000000010110000000000001110011000000000100000100000000000000000000000100000000000000011111000000000000011110000000000000000000000000001100000000000001100000000000000001111101000000000000000000000000000000000000000000000000000
0000000000000000000000001000000000000011101100000000001100001000000000000000100000001000000000000000100000000000000001011000000000000011010000000000011000000000000011000000000000001110001000000001001111100000000000000000000000000000000000000000000000000000
0000000000000000000000000000000000000000101010000000001000001000000001010000000000001000000000000000000000000000000001001100000000000011100000000000000100000000000001000000000000000100101000000000011010100000000000100100000000000000000000000000000000000000
0000000000000000000000000000000000000001110100000000001000101000000011000000100000000100000000000001000000000000000010001100000000000011101000000000000000000000000001110000000000000000011100000000010011100000000000000000000000000000000000000000000000000000
0000000000000000000000000010000000000011111000000000011010100000000000000000010000000000000000000000010001000000000011110100000000000101110000000000001000000000000001000001000000000010101000000000011101100000000000000100000000000000000000000000000000000000
0000000000000000000000000100000000000001111100000000001100000000000001000000000000000100000000000000100000000000000001011100000000000011100000000000110000000000000000100000000000001110001110000000011011110000000000000000000000000000000000000000000000000000
0000000000000000000000000000000000000001001000000000011100011000000011100000000000001100000000000000110000000000000011100000000000000111110000000000010100000000000011000000000000000100000010000000010111010000000000000000000000000000000000000000000000000000
0000000000000000000000000000000000000000111000000000011100000000000011000000000000000100000000000000100000000000000010010000000000000011110000000000001000000000000001000000000000001101000000000000101011100000000000000000000000000000000000000000000000000000
0000000000000000000000000000000000000101011000000000001100110000000010000000000000000100000000000000000000000000000000111100000000000111100000000000001100000000000000000000000000000100000000000000000101100000000000000100000000000000000000000000000000000000
0000000000000000000000000000000000000001111100000000000100011100000011000000000000001000000000000000100000000000000001001100000000000011110000000000001000000000000011000000000000000100010100000000010111010000000000001100000000000000000000000000000000000000
0000000000000000000000000000000000000001110000000000001100000000000001100000100000001100000000000000010000000000000000111000000000000011110000000000001000000000000001000000000000010110000100000000011011000000000000000000000000000000000000000000000000000000
0000000000000000000000001010000000000010101000000000000100001000000001000000100000001000000000000000010000000000000011001000000000000011110000000000001100000000000001100000000000000110000010000000010111100000000000001100000000000000000000000000000000000000
0000000000000000000000001110000000000001111100000000010000010000000001000000100000000100000000000001110000000000000000111000000000000011100000000000001000000000000011100000000000001100000000000000000111010000000000001000000000000000000000000000000000000000
0000000000000000000000000000000000000001110100000000001110000000000001100000000000001100000000000000110000000000000001110100000000000001000000000000001100000000000001000000000000001100000100000000011011110000000000100100000000000000000000000000000000000000
0000000000000000000000000000000000000001011000000000001000011000000000100000000000000010000000000000000010000000000001011000000000000001110000000000011100000000000011000000000000001100000100000000010110110000000000001000000000000000000000000000000000000000
0000000000000000000000000000000000000000110000000000011100101000000001100000000000000000000000000000010000000000000001001000000000000111110000000000011100000000000001000000000000001100001100000000010001001000000000100000000000000000000000000000000000000000
0000000000000000000000000010000000000001111100000000001100010000000011000000100000000100000000000000000000000000000010100000000000000011000000000000000000000000000011110000000000000000000100000000001111100000000001000000000000000000000000000000000000000000
0000000000000000000000001000000000000011011100000000001110001000000000000000100000000100000010000000100000000000000001100100000000000011100000000000001000000000000001000000000000001100000000000000101011010000000000010000000000000000000000000000000000000000
0000000000000000000000000100000000000000111110000000001000001000000001100000100000001000000000000000000000000000000011001100000000000011010000000000001010000000000001000000000000000000011110000000110011100000000000010000000000000000000000000000000000000000
0000000000000000000000001000000000000001111000000000001110011000000001000000100000001100000000000000110000000000000000110100000000000111110000000000001100000000000001000000000000000100001100000000000011010000000000000000000000000000000000000000000000000000
0000000000000000000000000000000000000000101000000000001010010000000001000000110000001100000000000000000000000000000000001000000000001111100000000000011000000000000001000000000000000110001000000000000101110000000000000000000000000000000000000000000000000000
0000000000000000000000000100000000000011111000000000001110000000000001100000000000001100000000000000100010000000000000100100000000000111000000000000001000000000000001000000000000000000000100000000111111110000000000000001000000000000000000000000000000000000
0000000000000000000000000010000000000011111100000000000000000000000001000000000000001100000000000000010000000000000001010000000000000011110000000000011100000000000001000000000000000100010000000000110011010000000000000000000000000000000000000000000000000000
0000000000000000000000010000000000000001110000000000001100011000000001100000100000000000000000000000010000000000000000011100000000000001100000000000001000000000000001000000000000000110010000000000100101100000000000000000000000000000000000000000000000000000
0000000000000000000000000000000000000010011100000000010100000000000001000001000000000000000000000000110000000000000001011100000000000001000000000000001000000000000011000000000000000100000100000000001111100000000000000000000000000000000000000000000000000000
0000000000000000000000001110000000000010110100000000001000010000000011000000010000001100000000000000010000000000000001111000000000000011100000000000000100000000000000000000000000000000000100000000011010100000000000111000000000000000000000000000000000000000
0000000000000000000000000000000000000000011000000000001001110000000001100000100000001100000000000000100000000000000000000100000000000001110000000000001100000000000000100000000000001101101000000000011111110000000000000100000000000000000000000000000000000000
0000000000000000000000000000000000000011110100000000001100011000000011100000100000001100000000000000010000000000000001011100000000000011110000000000001000000000000011100000000000001100000000000000110111110000000000000000000000000000000000000000000000000000
0000000000000000000000000000000000000011010100000000010110010000000001000001100000001100000000000000110000000000000000100100000000000111000000000000001000000000000001000000000000000100001000000000011101100000000000000000000000000000000000000000000000000000
0000000000000000000000000010000000000001110000000000011001001100000001100000100000000000000000000000010000000000000011011100000000000001100000000000001100000000000011100000000000000000001100000000001100100000000000001000000000000000000000000000000000000000
0000000000000000000000000000000000000001111000000000011110000000000000000000010000001000000000000000010000000000000001001000000000000111110000000000001100000000000001100000000000001100011100000000111011000000000000001000000000000000000000000000000000000000
0000000000000000000000000000000000000000001000000000001000010000000001100000100000000100000000000000110000000000000001110110000000000011010000000000001100000000000010000000000000001100000100000000010101111000000000001000000000000000000000000000000000000000
0000000000000000000000000000000000000000111010000000011110010000000001000000000000000100000000000000010000000000000001000010000000000010100000000000011000000000000001010000000000001101000000000000011110110000000000000000000000000000000000000000000000000000
0000000000000000000000000100000000000001111010000000011100001000000001000000010000000000000000000000000000000000000000110100000000000011100000000000011100000000000011000000000000000100000100000000101111110000000000000000000000000000000000000000000000000000
0000000000000000000000001000000000000000010000000000010001001000000000000000100000000000000010000000000000000000000000111000000000000011110000000000011100000000000001000000000000001100001100000000101011110000000000000000000000000000000000000000000000000000
0000000000000000000000000000000000000001111100000000001101010000000010000000000000000000000000000000010000000000000000111000000000000111100000000000011100000000000011100000000000000100000000000000001111100000000001000100000000000000000000000000000000000000
0000000000000000000000000000000000000001010000000000011000001000000000000000010000000100000000000000000000000000000011011100000000000011110000000000001110000000000001000010000000001100000100000000000011110000000000010010000000000000000000000000000000000000
0000000000000000000000001000000000000010111000000000000100110000000001100000000000000000000000000000010000000000000001100110000000001011100000000000001100000000000001000001000000000000001100000000111111000000000000000000000000000000000000000000000000000000
0000000000000000000000000000000000000001111100000000011001011000000000000001100000001000000000000000110000000000000011011000000000000011100000000000011000000000000000100000000000001101001000000000010011000000000000000000000000000000000000000000000000000000
0000000000000000000000000010000000000001111000000000001100001000000011000000100000000000000000000000000000000000000001101000000000000011100000000000011100000000000101000000000000000100001100000000011111100000000000011100000000000000000000000000000000000000
0000000000000000000000000100000000000001111110000000001000101000000010000000100000011100000000000000110000000000000001100100000000000011100000000000001000000000000001000000000000001000111000000000011110110000000000000110000000000000000000000000000000000000
0000000000000000000000000010000000000000011000000000011011001000000011000001000000000100000000000001000000000000000001001100000000000001000000000000011000000000000001100000000000000100000000000000010111110000000000000000000000000000000000000000000000000000
0000000000000000000000000010000000000011011100000000001110010000000000000000010000000000000000000000010000000000000001111000000000000011100000000000001000000000000011000000000000001000001000000000001010100000000001000000000000000000000000000000000000000000
0000000000000000000000000000000000000001101100000000000100010000000011000000110000000100000000000000010000000000000011001100000000000011110000000000001000000000000000000000000000001011001100000000110111110000000000100000000000000000000000000000000000000000
0000000000000000000000000000000000000010111100000000011100010000000010000000000000001100000000000000110000000000000001001100000000000001110000000000011000000000000011000000000000001100100000000000010000100000000000000000000000000000000000000000000000000000
0000000000000000000000001000000000000001111000000000001001010000000001100000000000000000000000000000110000000000000001100000000000000011100000000000011100000000000001000000000000000010000100000000011101111000000000000010000000000000000000000000000000000000
0000000000000000000000000100000000000000011010000000011000011000000001000000100000000100000000000000110000000000000000010100000000000011110000000000000000000000000001100000000000000100000100000000010110010000000000000000000000000000000000000000000000000000
0000000000000000000000000110000000000011100100000000001111000000000011000000100000001000000000000000100000000000000000111000000000000110100000000000001000000000000000100000000000001100001100000000011111000000000000000100000000000000000000000000000000000000
0000000000000000000000000000000000000001110000000000011000001000000001000000000000000100000000000000000000000000000001000100000000000001110000000000001100000000000001100000000000000100010100000000001111110000000000010000000000000000000000000000000000000000
0000000000000000000000000000000000000011111100000000001100000000000011000000100000000000000000000000010000000000000001101000000000000011000000000000001010000000000001000000000000000000000000000000011110010000000000000100000000000000000000000000000000000000
0000000000000000000000000000000000000010011000000000001010011000000001100000100000001100000000000000110000000000000000001100000000000011110000000000001100000000000101000000000000001100001100000000011110000000000000001000000000000000000000000000000000000000
0000000000000000000000000110000000000001110010000000011000010000000011000000010000000000000000000000100001000000000001010010000000000011110000000000001100000000000011000000000000001000010000000000101100000000000001000000000000000000000000000000000000000000
0000000000000000000000000000000000000011101100000000000000000000000000000000100000001100000000000000010000000000000000010000000000000011000000000000001100000000000001100000000000001000000100000000111101100000000000000000000000000000000000000000000000000000
0000000000000000000000000010000000000001101000000000001000001000000011000000110000000100000010000000000000000000000011101100000000001011000000000000001100000000000001000000000000000101001100000000111001100000000000000100000000000000000000000000000000000000
0000000000000000000000000000000000000000111000000000011000011000000011000000100000000000000000000000110000000000000011010100000000000011100000000000010000000000000001000001000000000100000100000000111111110000000000001100000000000000000000000000000000000000
0000000000000000000000000100000000000000111000000000001001001000000010100000100000001000000000000000110000000000000001111100000000000111000000000000011000000000000000000000000000001100001100000000011101110000000000000000000000000000000000000000000000000000
0000000000000000000000000000000000000001110000000000001100000000000001000000000000000100000000000000110000000000000000000000000000000011100000000000000100000000000010000000000000001100000100000000000111000000000000000100000000000000000000000000000000000000
0000000000000000000000000000000000000011111100000000011000011000000001100000000000001100000000000000000000000000000010110000000000000111000000000000011110000000000011100000000000000100010100000000011000110000000000000000000000000000000000000000000000000000
0000000000000000000000001010000000000001111100000000000100000000000001000000000000001100000000000000110000000000000000011100000000000011100000000000101100000000000010100000100000000000010100000000011101110000000000100000000000000000000000000000000000000000
0000000000000000000000000010000000000001111000000000001110011000000001100000000000000000000000000000110000000000000001001100000000000011110000000000001100000000000000100000000000001100000100000000010111100000000000001100000000000000000000000000000000000000
0000000000000000000000000000000000000001110100000000001010111000000000000000010000001100000010000000100000000000000001001100000000000011110000000000011000000000000001100000000000000100001100000000011011110000000000000000000000000000000000000000000000000000
0000000000000000000000001000000000000001110100000000001110000100000001100000000000000100000000000000010000000000000001111100000000000111110000000000010000000000000011000000000000001100001100000000001111110000000000000000000000000000000000000000000000000000
0000000000000000000000000010000000000001111100000000000100101000000011100000000000001100000000000000010000000000000000001000000000000101110000000000011000000000000011000000000000001100000000000000010011000000000000001000000000000000000000000000000000000000
0000000000000000000000000000000000000011111000000000011100101000000000100000000000000100000000000000100000100000000011011000000000000011110000000000101100000000000000100000000000000000001000000000011011100000000000000000000000000000000000000000000000000000
0000000000000000000000000000000000000001111000000000101100011000000000100001000000000000000000000000010000000000000001111100000000000111100000000000001110000000000001000000000000001100001100000000000100000000000000000000000000000000000000000000000000000000
0000000000000000000000000000000000000001101110000000001000011000000001100000000000000100000000000000100000000000000001000100000000000011100000000000001100000000000001000000000000000010000100000000001111000000000000000000000000000000000000000000000000000000
0000000000000000000000000000000000000001111100000000000000000000000001100000100000001100000000000001110001000000000000001000000000000111100000000000011100000000000011000000000000000000011000000000001110110000000000100000000000000000000000000000000000000000
0000000000000000000000001110000000000000111100000000011010010000000010100000100000001100000000000000110000000000000001011100000000000011110000000000001100000000000001100000000000000010001000000000000110110000000000101010000000000000000000000000000000000000
0000000000000000000000000000000000000011011000000000001100011000000001000000000000000100000000000000100000000000000010111010000000000011100000000000110000000000000001000000000000000100001100000000010101110000000000100000000000000000000000000000000000000000
0000000000000000000000001000000000000001011000000000001000001000000001000000110000000000000000000000000000000000000001011100000000000011110000000000000000000000000001100000000000001100100000000000011110110000000000001000000000000000000000000000000000000000
0000000000000000000000000000000000000001111100000000001100101000000000000000100000001100000000000000100000000000000001101100000000000101100000000000011100000000000011000001000000001100010100000000010101110000000000000000000000000000000000000000000000000000
0000000000000000000000001100000000000001111100000000001010010000000001100000100000010100000000000000100000000000000011001000000000000111111000000000000000000000000011000000000000000000100100000000011011100000000000000000000000000000000000000000000000000000
0000000000000000000000001000000000000001111000000000000110101000000001100000010000001000000000000000110000000000000001010100000000000111100000000000001000000000000001100000000000001100001100000000011011110000000000001000000000000000000000000000000000000000
0000000000000000000000010000000000000000111010000000010000011000000001100000000000001000000000000000100000000000000010010000000000000011110000000000011000000000000011000000000000001110110100000000010111100000000000010100000000000000000000000000000000000000
0000000000000000000000000100000000000001110100000000001100100000000100000000000000000100000000000000110000000000000011000100000000000011100000000000001100000000000000100000000000001100000100000000110111100000000000000010000000000000000000000000000000000000
0000000000000000000000000100000000000000110000000000001100001000000000000000100000010000000000000000010000000000000001100000000000000011000000000000001000000000000011100000000000001100001100000000101111110000000000000000000000000000000000000000000000000000
0000000000000000000000000000000000000000111100000000000010111000000001000000000000000000000000000001101000000000000001000000000000000011011000000000011110000000000011000000000000001101001100000000010001000000000000010000000000000000000000000000000000000000
0000000000000000000000000010000000000001110100000000001100011000000000000000010000001100000000000000110000000000000001010100000000000011100000000000011100000000000001000000000000000101001110000000011011110000000000000000000000000000000000000000000000000000
0000000000000000000000000000000000000010011000000000001100000000000001010000010000000000000000000000010000000000000011001100000000000001100000000000001100000000000011000000000000000100000000000000001111100000000000010000000000000000000000000000000000000000
0000000000000000000000000010000000000010101000000000001010110000000001000000000000001000000000000000110000000000000001101000000000000011000000000000001000000000000001000000000000001100000000000000011001100000000000100000000000000000000000000000000000000000
0000000000000000000000000000000000000001111000000000010000001100000001100000000000001100000000000000110000000000000001000100000000000011100000000000011010000000000010000000000000000000010100000000001101100000000000000000000000000000000000000000000000000000
0000000000000000000000010000000000000000101100000000001100101000000001000000100000001100000000000000010000000000000011001000000000000011101000000000001100000000000001000000000000000100000110000000011011010000000000001010000000000000000000000000000000000000
0000000000000000000000000000000000000011111000000000001000010000000001000000000000000000000000000000010000000000000011001100000000000011100000000000011000000000000001000000000000000001000000000000010001100000000000000000000000000000000000000000000000000000
0000000000000000000000000000000000000001101000000000011101110000000001000000000000000100000000000000010000000000000000111000000000000011110000000000001100000000000011100000000000001100001000000000000101000000000000000001000000000000000000000000000000000000
0000000000000000000000000000000000000011101000000000010000010000000011000000000000001000000000000000110000000000000011111100000000000011000000000000001000000000000011000000000000000100010100000000101100100000000001000100000000000000000000000000000000000000
0000000000000000000000000000000000000000000000000000000000000000000000000000000000000000000000000000000000000000000000000000000000000000000000000000000000000000000000000000000000000000000000000000000000000000000000000000000000000000000000000000000000000000
0000000000000000000000000000000000000000000000000000000000000000000000000000000000000000000000000000000000000000000000000000000000000000000000000000000000000000000000000000000000000000000000000000000000000000000000000000000000000000000000000000000000000000
0000000000000000000000000000000000000000000000000000000000000000000000000000000000000000000000000000000000000000000000000000000000000000000000000000000000000000000000000000000000000000000000000000000000000000000000000000000000000000000000000000000000000000
0000000000000000000000000000000000000000000000000000000000000000000000000000000000000000000000000000000000000000000000000000000000000000000000000000000000000000000000000000000000000000000000000000000000000000000000000000000000000000000000000000000000000000
0000000000000000000000000000000000000000000000000000000000000000000000000000000000000000000000000000000000000000000000000000000000000000000000000000000000000000000000000000000000000000000000000000000000000000000000000000000000000000000000000000000000000000
0000000000000000000000000000000000000000000000000000000000000000000000000000000000000000000000000000000000000000000000000000000000000000000000000000000000000000000000000000000000000000000000000000000000000000000000000000000000000000000000000000000000000000
0000000000000000000000000000000000000000000000000000000000000000000000000000000000000000000000000000000000000000000000000000000000000000000000000000000000000000000000000000000000000000000000000000000000000000000000000000000000000000000000000000000000000000
0000000000000000000000000000000000000000000000000000000000000000000000000000000000000000000000000000000000000000000000000000000000000000000000000000000000000000000000000000000000000000000000000000000000000000000000000000000000000000000000000000000000000000
0000000000000000000000000000000000000000000000000000000000000000000000000000000000000000000000000000000000000000000000000000000000000000000000000000000000000000000000000000000000000000000000000000000000000000000000000000000000000000000000000000000000000000
0000000000000000000000000000000000000000000000000000000000000000000000000000000000000000000000000000000000000000000000000000000000000000000000000000000000000000000000000000000000000000000000000000000000000000000000000000000000000000000000000000000000000000
0000000000000000000000000000000000000000100000000000011001100000000011100011000000011000000100000000000000010000000100000001100000010000000010000000010000010000000001000001000000000110011000000000010011000000000000001000000000000000000000000000000000000000
0000000000000000000000000000000000000000100000000000011101100000000010000011000000001000001110000000000000010000000000000000000000001000000100000000110000011000000001000001000000001100001100000000000111000000000000000000000000000000000000000000000000000000
0000000000000000000000000000000000000011101000000000011101100000000010000001000000011000000100000001000000010000000100000001100000000100000110000000000000010000000001000011000000000100011000000000010011100000000000001000000000000000000000000000000000000000
0000000000000000000000000000000000000000000000000000011111010000000011000000000000010000000100000011000000010000000100000001100000011000000100000000000000110000000011000011000000000100001000000000000101100000000000000000000000000000000000000000000000000000
0000000000000000000000000000000000000001100000000000110111100000000111000000000000011000001010000000000000010000000100000001100000011000000100000000110000010000000010000011000000000100001000000000010011000000000000010000000000000000000000000000000000000000
0000000000000000000000000000000000000001000000000000100001010000000010000011000000011000000110000011000000010000000100000000100000011000000000000001010000011000000001000011000000000010010100000000000011000000000000010000000000000000000000000000000000000000
0000000000000000000000000000000000000001100000000000011100100000000100000011000000110000001100000001000000000000000100000001100000010000000010000000000000011000000001000001000000000100001000000000010101100000000000001000000000000000000000000000000000000000
0000000000000000000000000000000000000001010000000000011111100000001111000010000000010000000100000011000000011000000100000001100000001000000000000000010000001000000011000111000000000100001000000000111011100000000000001000000000000000000000000000000000000000
0000000000000000000000000000000000000001100000000000010101100000000111000011000000001000000100000011000000010000000100000000000000011000000100000000100000010000000011100010000000000110010000000000000101100000000000010000000000000000000000000000000000000000
0000000000000000000000000000000000000011100000000000111110100000000110100010000000110000000110000001000000010000000100000001100000011000000000000000101000110000000001000001000000000000101000000000011011000000000000001100000000000000000000000000000000000000
0000000000000000000000000000000000000001010000000000110011100000000111000110000000010000001100000001000000010000000000000001000000001000000110000000110000010000000011100011000000000100011000000000000010100000000001010100000000000000000000000000000000000000
0000000000000000000000000000000000000001000000000000101111100000000000101011000000000000000100000011000000010000000000000001000000000000000110000000110000010000000011000011100000000100011000000000000011000000000001000000000000000000000000000000000000000000
0000000000000000000000000000000000000101010000000000111111110000000100100101000000011000001100000001000000010000000110000011000000001000000110000000100000000000000011000011000000000100010000000000001011100000000000000000000000000000000000000000000000000000
0000000000000000000000000000000000001001111000000000111111110000000010000011000000011000000100000011000000011000000000000011000000001000000000000000010000010000000001000011000000000100111000000000010010000000000000000000000000000000000000000000000000000000
0000000000000000000000000000000000000010100000000001110011100000000000100101000000010000000000000011000000001000000100000001000000011000000110000000000000111000000011100001000000000100001000000000010011100000000000111000000000000000000000000000000000000000
0000000000000000000000000000000000000000100000000000011001110000000000000011000000011000000100000001000000010000000100000001000000011000000110000000110000010000000001000010000000000110001000000000000001000000000000010000000000000000000000000000000000000000
0000000000000000000000000000000000000101110000000000000000110000000010001011000000010000001100000000000000110000000000000001100000010000001100000001100000100000000001000011000000000100001100000000000001000000000000001100000000000000000000000000000000000000
0000000000000000000000000000000000000011100000000000000111000000000011000010000000111000000100000000000000011000000100000001100000111000000100000000110000101000000011100001000000000000001100000000010011000000000000001100000000000000000000000000000000000000
0000000000000000000000000000000000000011000000000000011011100000000100100111000000011000000100000011000000010000000000000001000000011000000010000000000000011000000001000010000000000100001100000000010000000000000000001000000000000000000000000000000000000000
0000000000000000000000000000000000000011110000000000011101000000000110000010000000011000000100000010000000010000000110000001100000110000000110000000010000111000000001000011000000000100011000000000011011100000000000010000000000000000000000000000000000000000
0000000000000000000000000000000000000011110000000000011111100000000000000011000000010000000100000011000000010000000100000000100000011000000100000000100000010000000001100001000000000100011000000000010011000000000000010000000000000000000000000000000000000000
0000000000000000000000000000000000000011000000000000101011100000000011000110000000010000000100000001000000011000000100000001100000101000000110000000110000010000000011100011000000000100001000000000000001000000000000000000000000000000000000000000000000000000
0000000000000000000000000000000000000000100000000000011110100000000011000011000000010000000000000011000000010000001100000011000000000000000100000000010000000000000000000010000000000100000000000000011001000000000001000000000000000000000000000000000000000000
0000000000000000000000000000000000000001110000000001011011000000000111000001000000100000000110000011000000110000000100000011000000011100000010000000100000100000000001000011000000000100011000000000001011000000000000001000000000000000000000000000000000000000
0000000000000000000000000000000000000001001000000000011110000000000100000001000000010000000100000000000000010000001100000000000000011000001100000000110000010000000001100010000000000100011100000000001011000000000010011100000000000000000000000000000000000000
0000000000000000000000000000000000000001110000000000110111100000000010000011000000010000000100000001000000111000000100000000000000001100000110000000000000000000000011000000000000001000011000000000010001100000000001000000000000000000000000000000000000000000
0000000000000000000000000000000000000010000000000000110110100000000011100011000000000000000000000011000000010000000110000001100000011000000100000000110000010000000001000001000000000100011000000000011010000000000001001100000000000000000000000000000000000000
0000000000000000000000000000000000000000000000000000100101110000000111000011000000000000001100000001000000110000000100000001100000000000000110000000111000010000000001000010000000000100001000000000100011000000000000000000000000000000000000000000000000000000
0000000000000000000000000000000000001111100000000000011101100000000010000011000000010000000100000001000000000000000000000001100000011000000110000000110000010000000001000011000000000110010100000000001010000000000001101000000000000000000000000000000000000000
0000000000000000000000000000000000000100100000000000111100110000000010000001000000011000001100000001000000010000001100000001000000011000000100000000100000011000000000000101000000000000111000000000010111100000000000111000000000000000000000000000000000000000
0000000000000000000000000000000000000001110000000000011111110000000011000010000000010000000110000001000000110000000010000001000000001000000100000000100000100000000001000001100000000100011000000000000011000000000000010000000000000000000000000000000000000000
0000000000000000000000000000000000000010110000000000111111110000000011000000000000010000000100000011000000010000000100000001000000000000000110000000110000011000000001000011000000000100011000000000000110000000000000001000000000000000000000000000000000000000
0000000000000000000000000000000000000001010000000000011111100000000000000011000000100100000100000001000000011000000000000001100000011100000000000000010000010000000001000000000000001100001000000000001111000000000001001000000000000000000000000000000000000000
0000000000000000000000000000000000000000000000000000011100100000000010000011000000110000000000000001000000010000000000000001000000001000000100000000110000011000000011000011000000000110011000000000001001000000000001000000000000000000000000000000000000000000
0000000000000000000000000000000000000010100000000000101011010000000010000011000000110000001100000001000000011000000110000001100000001000000100000000010000001000000011100010000000000100011000000000010011000000000000001000000000000000000000000000000000000000
0000000000000000000000000000000000000011110000000000101011101000000010100010000000110000001100000001000000010000000100000001000000000000000110000000110000011000000001000010000000000000001000000000011011000000000000101100000000000000000000000000000000000000
0000000000000000000000000000000000000001100000000000110001100000000011000011000000010000001100000001000000010000000100000001100000001100000100000000110000101000000010000011000000000100011000000000011110000000000000011100000000000000000000000000000000000000
0000000000000000000000000000000000000000000000000000111100100000000000001000000000011000000100000000000000000000000000000010100000011000000100000000100000010000000011000011000000000100011100000000010010000000000001111000000000000000000000000000000000000000
0000000000000000000000000000000000000101010000000000111111000000000110000011100000010000000100000001100000111000001100000001000000011000000000000000100000001000000001000001000000000110011100000000010101000000000000100000000000000000000000000000000000000000
0000000000000000000000000000000000000101000000000000011011100000000011000111000000010000001100000001100000110000000100000001000000011000000110000000110000011000000011000010000000000110001000000000000011000000000000000000000000000000000000000000000000000000
0000000000000000000000000000000000000000000000000000001001100000000010000000000000111000000100000000000000010000000110000001000000011100000010000000110000000000000011000000000000000110011100000000010011000000000000011000000000000000000000000000000000000000
0000000000000000000000000000000000000100100000000000101000000000000011000011000000011000001110000001000000011000000100000011000000010100000000000000110000010000000001000011100000000100000100000000000011000000000000001100000000000000000000000000000000000000
0000000000000000000000000000000000000001100000000001111011100000000100000011000000011000001100000010000000011000000100000000100000011000000110000000000000011000000001000011000000000000110000000000010011000000000000010000000000000000000000000000000000000000
0000000000000000000000000000000000000001110000000000111101110000000010000011000000001000000100000001000000010000000100000001000000010000000110000000010000010000000001000001000000001100100000000000010010000000000000011000000000000000000000000000000000000000
0000000000000000000000000000000000000000100000000000111101110000000010100011000000011000000000000011000000011000000100000001100000011100000100000000010000010000000001000000000000000110111000000000011010000000000000101100000000000000000000000000000000000000
0000000000000000000000000000000000000011100000000000111111000000000011000010000000000000001100000011000000010000001100000001100000000000000110000001110000010000000011100011000000000100101100000000000010000000000001011000000000000000000000000000000000000000
0000000000000000000000000000000000000011010000000000101001100000000001000001000000000000000000000000000000011000000100000011000000011000001100000000110000010000000001000010000000000100011000000000010011000000000000001000000000000000000000000000000000000000
0000000000000000000000000000000000000000000000000000011011100000000001010011000000010000000100000011100000101000001100000001000000011100000010000000000000010000000011000011000000000100110100000000010011000000000001100000000000000000000000000000000000000000
0000000000000000000000000000000000000001110000000000011111100000000011000001000000001000000100000010100000010000001100000001100000001100000110000000110000011000000011000111100000000100001000000000010001000000000001011000000000000000000000000000000000000000
0000000000000000000000000000000000000010110000000000011110100000000011100010000000010000000100000000000000010000000100000001000000001000000110000000100000010000000000000001000000000010010000000000000010000000000000000000000000000000000000000000000000000000
0000000000000000000000000000000000001000110000000000011001100000000000000001000000001000000100000001000000110000000110000011100000001100000100000000100000001000000001000011000000000010001100000000001011100000000000011100000000000000000000000000000000000000
0000000000000000000000000000000000000101110000000000111011100000000000100001000000010000000110000001100000011000000100000001000000010100000010000000110000011000000001000011000000000100010000000000010111000000000001011000000000000000000000000000000000000000
0000000000000000000000000000000000000000110000000001111101000000000111001011000000011000000100000001100000111000000100000011000000001000001100000000110000011000000011000010000000000100001100000000011011000000000000000000000000000000000000000000000000000000
0000000000000000000000000000000000000000110000000000010001100000000011000001000000010000000000000011000000010000000100000001000000010000000100000000010000110000000001000011000000000100010000000000000100100000000000100000000000000000000000000000000000000000
0000000000000000000000000000000000000001100000000000011111100000000010000010000000011000001100000001000000110000000010000001100000001000000100000001110000010000000001000001000000000100011000000000010010000000000000100000000000000000000000000000000000000000
0000000000000000000000000000000000000011110000000000110110100000001010100011000000000100000100000010000000011000000100000001100000011000000000000000110000011000000001100011000000000110001100000000000101100000000000010000000000000000000000000000000000000000
0000000000000000000000000000000000000100100000000000111111100000000110000111000000110000001000000001000000010000000100000001000000001000000100000000010000001000000001000110000000000110001000000000010011000000000000011000000000000000000000000000000000000000
0000000000000000000000000000000000000001110000000000111000110000000010100011000000000000000100000011000000011000000100000001100000001000000010000000100000011000000000000010000000000100011000000000000011100000000001001000000000000000000000000000000000000000
0000000000000000000000000000000000000000100000000000111101100000000111000101000000011000001100000001000000000000000010000011100000001000000110000000000000010000000001000011000000001100001100000000010011000000000000011000000000000000000000000000000000000000
0000000000000000000000000000000000000011110000000000011101100000000110000110000000011000000100000010000000011000000110000001000000011000001000000000110000111000000000000011100000000010011000000000010011000000000000011000000000000000000000000000000000000000
0000000000000000000000000000000000000010000000000000111011100000000110000011000000000000001000000001100000010000000110000000000000010000000000000000110000110000000011000011000000000100011000000000010011000000000001000000000000000000000000000000000000000000
0000000000000000000000000000000000000010110000000000010111100000000111000011000000110000001100000000100000010000000100000011000000000100000110000000011000010000000001000001000000000100001100000000010001000000000001010000000000000000000000000000000000000000
0000000000000000000000000000000000000111111000000000011011100000000011000000000000010000000110000001000000010000001100000001100000011000000100000001110000001000000001000000000000000110011100000000010000000000000000000000000000000000000000000000000000000000
0000000000000000000000000000000000000001101000000000101111100000000110100010100000001000000000000001000000110000000010000001100000001000000110000000000000011000000010000001000000000110011000000000001011000000000010001000000000000000000000000000000000000000
0000000000000000000000000000000000000001111000000000011011000000001001000001000000011000000100000011000000010000000100000000000000010100000000000000100000011000000000000011000000001100011100000000010011000000000001000000000000000000000000000000000000000000
0000000000000000000000000000000000000001111000000000101101100000000111000010000000010000001100000011000000010000001110000001000000000000001110000000100000100000000011000010000000000100000000000000000011100000000000010000000000000000000000000000000000000000
0000000000000000000000000000000000000000100000000000010010110000001000100101000000000000001000000010000000010000000100000001100000000000000110000000110000010000000000000011000000000100011000000000011011000000000000010000000000000000000000000000000000000000
0000000000000000000000000000000000000000100000000000011011100000000011000001000000100000001000000011100000010000000010000001100000010000001110000000111000110000000011000010000000000100010000000000010010100000000000000000000000000000000000000000000000000000
0000000000000000000000000000000000000001110000000000111111100000000000000011000000010000000100000000000000000000001000000001100000001000000110000000110000010000000011000011000000000100010000000000000001000000000000011100000000000000000000000000000000000000
0000000000000000000000000000000000000011100000000000111111010000000000000011000000010100000100000000000000010000001000000001000000001000000110000000110000001000000001000011000000000010001000000000010011000000000001000100000000000000000000000000000000000000
0000000000000000000000000000000000000111011000000000011111000000000011000000000000001000000100000011000000011000000100000001000000000100000110000000010000011000000001000001000000000100001100000000001001100000000000001000000000000000000000000000000000000000
0000000000000000000000000000000000000000110000000001110111100000000010000010000000011000001100000001000000010000001100000001000000011000000110000000110000010000000001000010000000000000001000000000000011000000000001000000000000000000000000000000000000000000
0000000000000000000000000000000000000001100000000000001111001000000110000001000000010000000100000001000000011000001100000011100000011000000100000001100000000000000001000011000000000100010000000000010010000000000001001000000000000000000000000000000000000000
0000000000000000000000000000000000000010110000000000111101100000000011100101000000010000000000000000000000011000000100000011000000001000000110000000100000011000000011000011000000000100011000000000010010000000000000010100000000000000000000000000000000000000
0000000000000000000000000000000000000101110000000000110111100000000010000001000000010000000000000001000000110000000000000000100000001000000110000000100000010000000001000001000000000100011000000000010011000000000001000000000000000000000000000000000000000000
0000000000000000000000000000000000000001111000000000011000100000000110100010000000010000001100000010000000010000000100000001100000001000000010000000100000111000000000000011100000001000011000000000001001000000000000001000000000000000000000000000000000000000
0000000000000000000000000000000000000111001000000000001101100000000111000011000000011000001100000011000000110000000100000001100000011000000110000000000000001000000000000011000000000100001000000000011011000000000001001000000000000000000000000000000000000000
0000000000000000000000000000000000000010110000000000111111000000000111000011000000001100001100000001000000010000000100000001100000011000000110000000110000010000000010000011000000000000001000000000001000100000000000011100000000000000000000000000000000000000
0000000000000000000000000000000000000001011000000000101101100000000011010001000000000000000000000001000000110000000110000001100000011000000110000000100000100000000001000011000000000000011000000000010111000000000000011000000000000000000000000000000000000000
0000000000000000000000000000000000000000101000000000110010110000000001000111000000111000001100000000000000010000001100000001100000011000000110000001100000010000000001000011000000000100111100000000001010100000000000010000000000000000000000000000000000000000
0000000000000000000000000000000000000000100000000000111001000000000010000101000000001000000100000011000000011000000000000001000000001000000000000000110000000000000001100010000000000100001000000000000011000000000000001000000000000000000000000000000000000000
0000000000000000000000000000000000000001110000000000011011000000000000000001000000110000000100000011000000010000000100000001000000001000000100000000110000110000000011000011000000000000011100000000010011000000000000011000000000000000000000000000000000000000
0000000000000000000000000000000000000101010000000000011001100000000110000011000000001000000100000001000000011000000111000001100000001000000010000000110000000000000001000011000000001110011000000000010111000000000001010000000000000000000000000000000000000000
0000000000000000000000000000000000000101100000000000011010100000000000001000000000000000001000000000000000010000001110000001100000011000000110000000000000010000000001000011000000000100110000000000010010100000000000011000000000000000000000000000000000000000
0000000000000000000000000000000000000011100000000000001111100000000011000011000000010000001100000001000000010000001110000001000000011000000110000000110000011000000011000010000000000100011100000000000001000000000001000000000000000000000000000000000000000000
0000000000000000000000000000000000000101011000000000111111010000000111000010000000010000001000000001000000010000000100000001100000000000001110000000100000011000000011000011000000000100101000000000010011000000000000000000000000000000000000000000000000000000
0000000000000000000000000000000000000000111000000000011111000000000110000011000000010000000100000011000000010000000100000001100000111000000100000001110000010000000011000010000000000110011000000000010010000000000000011000000000000000000000000000000000000000
0000000000000000000000000000000000000101110000000000111001110000000001000001000000010000000100000001000000010000000100000011000000011000000100000000000000010000000001000011000000001110001000000000011001100000000001000000000000000000000000000000000000000000
0000000000000000000000000000000000000001111000000000010101000000000111000011000000010000000100000011100000010000000010000001000000000000000100000000110000010000000001000010000000000000010000000000010011000000000000011000000000000000000000000000000000000000
0000000000000000000000000000000000000101000000000000111111110000000011000111000000011000000100000001000000010000000110000001100000001000000010000000100000011000000011000011100000000110001000000000010011000000000000000000000000000000000000000000000000000000
0000000000000000000000000000000000000011010000000000001111100000000110000110000000011000000100000011000000010000000010000001100000011000000010000000110000000000000011000011000000001100001000000000011011000000000001001000000000000000000000000000000000000000
0000000000000000000000000000000000000101100000000000111011100000000010000111000000011000000100000000000000010000001100000001100000100000000110000000100000010000000011100011000000000100011000000000010000000000000000010000000000000000000000000000000000000000
0000000000000000000000000000000000000011010000000000110111000000000011100001000000001000000100000001000000011000000110000001100000001000000100000000110000010000000000000011000000000100001000000000100001000000000001001000000000000000000000000000000000000000
0000000000000000000000000000000000000001011000000001011111110000000011000011000000001000000110000001000000010000000100000011100000001000000110000000100000010000000011000001100000000110011000000000011101000000000001001000000000000000000000000000000000000000
0000000000000000000000000000000000000011010000000000001010000000000010010101000000000000000000000001000000110000000110000001100000011000000110000000110000010000000001000011000000000100010000000000010011000000000001000000000000000000000000000000000000000000
0000000000000000000000000000000000000011110000000000010111100000000111100000000000110000000100000011000000011000000110000001100000000000000110000000110000001000000011000000000000000100001000000000010011100000000000011000000000000000000000000000000000000000
0000000000000000000000000000000000000101100000000000010101110000000010000001000000000000001100000001000000010000000100000000000000010000000100000000110000011000000001000001000000000000101000000000010011000000000001010000000000000000000000000000000000000000
0000000000000000000000000000000000000010100000000000011111100000000110000000000000010000000100000001000000110000000110000000100000001100000110000000110000011000000001000001000000000000010000000000011010000000000000000000000000000000000000000000000000000000
0000000000000000000000000000000000000001010000000000111001001000000011000010000000000000000100000001000000011000000000000001100000001000000010000000110000110000000001100111000000000100001000000000010011000000000000000000000000000000000000000000000000000000
0000000000000000000000000000000000000001101000000000010101100000000100000011000000010000001110000000000000110000000110000001000000001100000110000000000000001000000001000011000000000100000100000000010111100000000000010000000000000000000000000000000000000000
0000000000000000000000000000000000000000000000000000000000000000000000000000000000000000000000000000000000000000000000000000000000000000000000000000000000000000000000000000000000000000000000000000000000000000000000000000000000000000000000000000000000000000
0000000000000000000000000000000000000000000000000000000000000000000000000000000000000000000000000000000000000000000000000000000000000000000000000000000000000000000000000000000000000000000000000000000000000000000000000000000000000000000000000000000000000000
0000000000000000000000000000000000000000000000000000000000000000000000000000000000000000000000000000000000000000000000000000000000000000000000000000000000000000000000000000000000000000000000000000000000000000000000000000000000000000000000000000000000000000
0000000000000000000000000000000000000000000000000000000000000000000000000000000000000000000000000000000000000000000000000000000000000000000000000000000000000000000000000000000000000000000000000000000000000000000000000000000000000000000000000000000000000000
0000000000000000000000000000000000000000000000000000000000000000000000000000000000000000000000000000000000000000000000000000000000000000000000000000000000000000000000000000000000000000000000000000000000000000000000000000000000000000000000000000000000000000
0000000000000000000000000000000000000000000000000000000000000000000000000000000000000000000000000000000000000000000000000000000000000000000000000000000000000000000000000000000000000000000000000000000000000000000000000000000000000000000000000000000000000000
0000000000000000000000000000000000000000000000000000000000000000000000000000000000000000000000000000000000000000000000000000000000000000000000000000000000000000000000000000000000000000000000000000000000000000000000000000000000000000000000000000000000000000
0000000000000000000000000000000000000000000000000000000000000000000000000000000000000000000000000000000000000000000000000000000000000000000000000000000000000000000000000000000000000000000000000000000000000000000000000000000000000000000000000000000000000000
0000000000000000000000000000000000000000000000000000000000000000000000000000000000000000000000000000000000000000000000000000000000000000000000000000000000000000000000000000000000000000000000000000000000000000000000000000000000000000000000000000000000000000
0000000000000000000000000000000000000000000000000000000000000000000000000000000000000000000000000000000000000000000000000000000000000000000000000000000000000000000000000000000000000000000000000000000000000000000000000000000000000000000000000000000000000000
0000000000000000000001100000000000001111010000000001110101000000000001000000000000001000000000000000110000100000000001111111000000000011001110000000000000010000000001000011000000000101111000000000001110000000000000000000000000000000000000000000000000000000
0000000000000000000000101000000000000011110000000000000001000000000010000000000000001000000000000000110001111000000001011111000000000001100100000000000000110000000000000010000000000110110000000000011110100000000000000000000000000000000000000000000000000000
0000000000000000000000001000000000000011100000000001110000000000000111000000000000001100000000000000010001111000000001001111100000000011000100000000000010100000000001000010000000000100111000000000011010000000000000000000000000000000000000000000000000000000
0000000000000000000000001000000000000011100000000001111000000000000010000000000000001000000000000000100000010000000001011111100000000011001110000000000000110000000000000111000000000101011000000000011100000000000000000000000000000000000000000000000000000000
0000000000000000000000110000000000000111100000000001100101000000000110000000000000001000000000000000110001110000000001101101100000000011110110000000000000011000000001000110000000000100110000000000011100000000000000010000000000000000000000000000000000000000
0000000000000000000000000100000000001010010000000000111101000000000000000000000000001000000000000000100000010000000000101001000000000010100110000000000000100000000000000010000000000001110000000000011110000000000000100000000000000000000000000000000000000000
0000000000000000000000001000000000000111110000000000100001000000000110000000000000001100000000000000010001110000000001011111000000000110101110000000000000110000000001000110000000000111101000000000001101100000000000100000000000000000000000000000000000000000
0000000000000000000000100000000000000111110000000000100100000000000010000000000000001000000000000000100000110000000001000011000000000100100100000000000000100000000000000000000000000111101000000000011110000000000000001000000000000000000000000000000000000000
0000000000000000000001001000000000000111110000000000011101000000000010000000000000001100000000000000100000110000000001100011100000000010000100000000000001010000000000001111000000000001000000000000100111000000000000100000000000000000000000000000000000000000
0000000000000000000000011000000000000110110000000000011100000000000010000000000000001100000000000000111000110000000001001111100000000111010110000000000100010000000000001011000000000001110000000000101110000000000000000000000000000000000000000000000000000000
0000000000000000000000100000000000001011100000000001101001000000000010000000000000001000000000000000110000101000000000101110100000000011000100000000000000110000000000000111000000000110011000000000000110000000000000100000000000000000000000000000000000000000
0000000000000000000000000000000000001011111000000001110001000000000010000000000000011000001000000000010000000000000000110101000000000011001010000000000000100000000000000001000000000101111000000000010101000000000000000000000000000000000000000000000000000000
0000000000000000000000001000000000000111100000000001100000000000000011000000000000001000000000000000000000110000000001010111100000000011001110000000000000110000000001000010000000000100111000000000011110000000000000001000000000000000000000000000000000000000
0000000000000000000000000000000000001110101000000000111000000000000010000000000000001100000000000001110000110000000011111111100000000011100110000000000000100000000000000010000000000110110000000000011111000000000000001000000000000000000000000000000000000000
0000000000000000000000010000000000000110100000000000011000000000000010000000000000001000000000000000000001110000000010100111000000000110100100000000000000010000000001000110000000000000101000000000111011000000000000000000000000000000000000000000000000000000
0000000000000000000000000000000000000111100000000001011011000000000010000000000000001100000000000001110000100000000011011111000000000010001010000000000100000000000000000010000000000101110000000000011110000000000000100000000000000000000000000000000000000000
0000000000000000000000010000000000000111100000000000111011000000000000000000000000011100000000000000110000100000000000101101000000000011100100000000000000110000000001000000000000000111111000000000010010000000000000000000000000000000000000000000000000000000
0000000000000000000000010000000000001101100000000001111100000000000111000000000000010100000000000000110000110000000001111001100000000011101110000000000000100000000000000110000000001000110000000000011100000000000000000000000000000000000000000000000000000000
0000000000000000000000100000000000000111100000000000100010000000000011000000000000011000000000000000000000110000000000110011000000000000111110000000000100010000000000000111000000001111011000000000011110000000000000000000000000000000000000000000000000000000
0000000000000000000000010000000000000111100000000000110000000000000010000000000000001100000000000000110011000000000011000111100000000001111100000000000000110000000000000010000000000110010000000000010100000000000000000000000000000000000000000000000000000000
0000000000000000000000110100000000000101010000000000110011000000000011000000000000001100000000000000010001000000000001101100000000000010101000000000000000111000000000000011000000000111111000000000001110000000000000001000000000000000000000000000000000000000
0000000000000000000000000000000000010001110000000001111101000000000110000000000000001100000000000000010000100000000001101110000000000000100000000000000000110000000000000001000000000101110000000000001011000000000000000000000000000000000000000000000000000000
0000000000000000000000011000000000001111100000000001110100000000000010000000000000011000000000000000110000001000000001100111100000000001100110000000000000100000000000000011000000000100110000000000011100000000000000000000000000000000000000000000000000000000
0000000000000000000000000000000000001101100000000000110000000000000110000000000000001100000000000000110000100000000011101110100000000111111000000000000000010000000001000001000000000100111000000000010110000000000000100000000000000000000000000000000000000000
0000000000000000000000000000000000001110110000000000110010000000000010000000000000001000000000000000110001110000000001101101000000000010001100000000000000110000000000000110000000001101001000000000001110000000000000000000000000000000000000000000000000000000
0000000000000000000000000000000000001011110000000000100000000000000010000000000000001000000000000000110010110000000001001100100000000110001100000000000000110000000001000111000000000001010000000000001110000000000000100000000000000000000000000000000000000000
0000000000000000000000000000000000000011100000000000010001000000000001000000000000001100000000000000010011100000000001001011100000000011010000000000001000010000000000001110000000001100110000000000011110000000000000000000000000000000000000000000000000000000
0000000000000000000000110000000000000111010000000000110010000000000010000000000000011000000000000000110000010000000011100101000000000011110000000000000000010000000001000111000000000110111000000000010011100000000000000000000000000000000000000000000000000000
0000000000000000000000000100000000000101100000000000110010000000000010000000000000011100000000000000110000110000000001111111100000000010100100000000001000110000000000000111000000000110111000000000011010000000000000000000000000000000000000000000000000000000
0000000000000000000000000000000000001110110000000000110000000000000010000000000000001100000000000000110000110000000011001101000000000101100110000000000000110000000001001110000000000101110000000000011110000000000000001000000000000000000000000000000000000000
0000000000000000000000011000000000000111110000000000010000000000000000000000000000001000000000000000111011110000000001100111100000000011101100000000000100111000000000000010000000000111011000000000001110000000000000000000000000000000000000000000000000000000
0000000000000000000000010000000000000110010000000001000000000000000010000000000000000000000000000000110000110000000001001111000000000111100110000000001000100000000000000111000000000111101000000000111110100000000000000000000000000000000000000000000000000000
0000000000000000000000011100000000001101110000000000010101000000000111000000000000001000001010000000100000001000000001001011100000000011100100000000000000110000000000000111000000000101110000000000000010100000000000000000000000000000000000000000000000000000
0000000000000000000000000000000000000011100000000000110000000000000010000000000000010100000000000000111000110000000000011110100000001000100110000000000000110000000000000110000000000100010000000000100111000000000001000000000000000000000000000000000000000000
0000000000000000000000111100000000000101100000000000100010000000000010000000000000001100001000000000100000000000000000111111000000000010101100000000000000110000000000000111000000001111110000000000011111000000000000000000000000000000000000000000000000000000
0000000000000000000001000000000000000101110000000000110100000000000010000000000000001000000000000000000001110000000001001111000000000101110110000000000000000000000001000110000000000111111000000000010110000000000000000000000000000000000000000000000000000000
0000000000000000000000000000000000001011100000000000100000000000000000000000000000000000000000000000110000110000000001101111000000000011110110000000000000110000000000000110000000001101011000000000001110000000000000010000000000000000000000000000000000000000
0000000000000000000000000000000000000010100000000000111000000000000011000000000000001000000000000000110010101000000001001111100000000010011110000000000000100000000000000100000000000100011000000000001110000000000000010000000000000000000000000000000000000000
0000000000000000000000100000000000000110110000000000101011000000000010000000000000001000000000000000111001010000000000000111000000000011000100000000000000110000000001000010000000000110011000000000000101000000000001100000000000000000000000000000000000000000
0000000000000000000000001000000000001011110000000000110111000000000010000000000000001100000000000000110001111000000011101111000000000001100110000000000000110000000000000010000000000100101000000000011110000000000000000000000000000000000000000000000000000000
0000000000000000000000000000000000000011000000000000110010000000000010000000000000001100000000000000110001100000000001111011000000000111100100000000000000110000000000000010000000001110011000000000000100000000000000010000000000000000000000000000000000000000
0000000000000000000000100000000000000101110000000000111000000000000011000000000000001000000000000000110010100000000001001111000000000011001100000000000000000000000001000110000000000111110000000000000010000000000000111000000000000000000000000000000000000000
0000000000000000000000000000000000000111110000000000000001000000000110000000000000000000000100000000010001110000000010111101100000000011011110000000000000010000000001000110000000001100011000000000011111000000000000000000000000000000000000000000000000000000
0000000000000000000000000100000000001110110000000001100010000000000011000000000000001100001000000000100001110000000001011111100000000010000100000000000000101000000000001011000000000100010000000000011000000000000000000000000000000000000000000000000000000000
0000000000000000000000100000000000001011010000000000010000000000000011000000000000001000000000000000100010000000000001001011100000000011000100000000000000010000000000000110000000000000010000000000001010000000000001001000000000000000000000000000000000000000
0000000000000000000000011000000000000010100000000000111100000000000110000000000000011100000000000000010000110000000010101101100000000010000110000000001000100000000001000110000000000100110000000000011100000000000000010000000000000000000000000000000000000000
0000000000000000000000000000000000000011110000000000110010000000000000000000000000001100000000000000010001101000000001100100000000000011000100000000000000010000000001000110000000000110011000000000001111000000000000011000000000000000000000000000000000000000
0000000000000000000000000000000000000111100000000001111010000000000010000000000000001100000000000000110000100000000011111011000000000101101110000000000000100000000000000111000000000111111000000000001110000000000000000000000000000000000000000000000000000000
0000000000000000000000011000000000001011110000000001110100000000000010000000000000001100000100000000100000010000000001101110100000000011100110000000000000111000000001000110000000000100111000000000010111000000000000010000000000000000000000000000000000000000
0000000000000000000000011000000000000011110000000000100100000000000000000000000000011000000000000000110000110000000011011101000000000011101110000000000100000000000000000110000000000110111000000000001110000000000000000000000000000000000000000000000000000000
0000000000000000000000000000000000001011110000000000110010000000000110000000000000011000000000000000110000010000000001101111000000000011101100000000000000100000000000000111000000000100110000000000011101000000000000000000000000000000000000000000000000000000
0000000000000000000000010000000000001011100000000000011110000000000011000000000000000000000000000000110000110000000001111111000000001100001110000000000000110000000000000011000000000001111000000000010110000000000000000000000000000000000000000000000000000000
0000000000000000000000001000000000001111110000000000100000000000000110000000000000001100000000000000110000111000000001001111100000000001000100000000000100110000000000000010000000000100110000000000001100000000000000000000000000000000000000000000000000000000
0000000000000000000000011000000000001101100000000000100000000000000101000000000000001100000100000000110001010000000000001111100000000011101110000000000000010000000001000111000000000111111000000000001101000000000001100000000000000000000000000000000000000000
0000000000000000000000000000000000000011010000000000011000000000000011000000000000001000000000000001010001101000000001011111000000000010000100000000000100100000000000001010000000000000110000000000101100000000000000001000000000000000000000000000000000000000
0000000000000000000000000000000000000111110000000000110000000000000010000000000000001000000000000000000000010000000011111111000000000001100100000000000000110000000001001010000000000110110000000000001100000000000000000000000000000000000000000000000000000000
0000000000000000000000000000000000000111110000000000110001000000000011000000000000001100000000000001110010110000000000010110000000000001001110000000000000010000000010001000000000000010111000000000011100000000000000100000000000000000000000000000000000000000
0000000000000000000000000000000000000110100000000000011010000000000110000000000000001000000000000000000000110000000010101111000000000011000000000000000000010000000001000010000000001100011000000000101101000000000000000000000000000000000000000000000000000000
0000000000000000000000100000000000000101110000000000100101000000000000000000000000011000000000000000111001010000000000001101000000000000000100000000000000100000000001000001000000000110110000000000011101000000000000000000000000000000000000000000000000000000
0000000000000000000000010000000000001110100000000000111000000000000110000000000000011100001000000000010010111000000001100111000000000110110110000000001100110000000001000110000000000100111000000000001100000000000000010000000000000000000000000000000000000000
0000000000000000000000000000000000001101100000000000100000000000000010000000000000011100000000000000110001000000000001101100000000000001010100000000000100100000000001000010000000000111011000000000011111000000000000110000000000000000000000000000000000000000
0000000000000000000000000000000000000111100000000000110001000000000010000000000000011000000000000000010001100000000001111111000000000011000000000000000001100000000000000010000000000100010000000000001110100000000000000000000000000000000000000000000000000000
0000000000000000000000010000000000000111110000000000111000000000000010000000000000011000000000000000010001100000000001110111000000000011010110000000001000000000000000000011000000001001111000000000011110000000000000000000000000000000000000000000000000000000
0000000000000000000000001000000000000111100000000000111000000000000011000000000000001100000000000000110001110000000001101111000000000001000100000000000000100000000010000010000000000101111000000000001110000000000000100000000000000000000000000000000000000000
0000000000000000000000000000000000000111100000000000110000000000000011000000000000001000000000000000010000100000000001000111000000000011001100000000000000010000000000000111000000000100001000000000101110000000000000000000000000000000000000000000000000000000
0000000000000000000000010000000000000111110000000000100100000000000010000000000000001100000000000001010000100000000001101100000000000100110000000000000011100000000000000010000000000110111000000000001111000000000000000000000000000000000000000000000000000000
0000000000000000000000101000000000000101110000000001100000000000000011000000000000001000000000000001110000100000000001001111000000000111110100000000000000110000000000000010000000000010111000000000001111000000000000100000000000000000000000000000000000000000
0000000000000000000000010000000000001111110000000001111000000000000110000000000000000000000000000000100000110000000010001111000000000111110100000000000000100000000000000010000000000111010000000000001111000000000000010000000000000000000000000000000000000000
0000000000000000000000000100000000001111110000000000110101000000000001000000000000011000001000000000100000110000000001101111000000001111100100000000001000000000000000000110000000000110110000000000011110000000000000000000000000000000000000000000000000000000
0000000000000000000000001000000000001011000000000001101000000000000010000000000000001100000000000000110010110000000001101111100000000110011100000000000000010000000000000111000000000111111000000000001110000000000000100000000000000000000000000000000000000000
0000000000000000000001001000000000001111110000000001011010000000000011000000000000011000000000000000110001110000000001101101000000000011010110000000000000100000000000001010000000000100111000000000011111000000000000110000000000000000000000000000000000000000
0000000000000000000000100000000000000000110000000000010000000000000000000000000000000100000000000000110001101000000000100111100000000001110100000000000000100000000000000110000000000100110000000000100110100000000000000000000000000000000000000000000000000000
0000000000000000000000010000000000000111100000000000111110000000000000000000000000011100000000000000110000011000000011001111100000000011011110000000001000110000000000000101000000000110111000000000000110000000000000000000000000000000000000000000000000000000
0000000000000000000000111000000000000111000000000000110010000000000110000000000000001100001000000001010000110000000001001111000000000111000000000000000000100000000000000110000000000011110000000000011110000000000000000000000000000000000000000000000000000000
0000000000000000000001001000000000001010100000000000000010000000000010000000000000001000000000000000110000110000000011000111000000000101001100000000000000000000000001000110000000000100010000000000001100000000000000000000000000000000000000000000000000000000
0000000000000000000001000000000000000111111000000000110101000000000010000000000000000100001000000000000000110000000001001111100000000111100100000000001000110000000000000010000000000110110000000000011111100000000000000000000000000000000000000000000000000000
0000000000000000000000010000000000000011010000000000110011000000000010000000000000001100000000000000110000010000000011111101000000000011000110000000000000100000000001000100000000001111011000000000001110000000000000000000000000000000000000000000000000000000
0000000000000000000000000000000000000101110000000000100000000000000010000000000000011000000000000000110000010000000001101110100000000011101100000000000000110000000000000010000000000111100000000000001110000000000000000000000000000000000000000000000000000000
0000000000000000000000000000000000000111110000000001010001000000000000000000000000001000000000000000010000110000000001011111000000001001111100000000000000010000000001001011000000001111010000000000011010000000000000010000000000000000000000000000000000000000
0000000000000000000000000000000000001010010000000000101011000000000100000000000000000100000000000000000000110000000001101011000000000000100110000000000000110000000001000001000000000110111000000000011011000000000000110000000000000000000000000000000000000000
0000000000000000000000011000000000000111110000000000110000000000000000000000000000001000000000000000100001100000000001101101000000000011010000000000000000110000000000001110000000000100100000000000011111100000000000000000000000000000000000000000000000000000
0000000000000000000000000000000000000011000000000000101011000000000111000000000000011000000000000000001000110000000001001111000000000011000000000000000000010000000001100111000000000111111000000000001110000000000000000000000000000000000000000000000000000000
0000000000000000000000001000000000000011110000000000111001000000000010000000000000001000001000000000010001010000000000101111000000000111101110000000000000000000000000001010000000000000110000000000001110000000000000001000000000000000000000000000000000000000
0000000000000000000000101000000000001000010000000000111000000000000101001000000000001000000000000000110001010000000000101111000000000001110110000000000001101000000000000010000000001000110000000000011110000000000000000000000000000000000000000000000000000000
0000000000000000000000000000000000000011110000000000111000000000000110000000000000001000000000000000100000010000000011101111000000000101001100000000000000110000000000000000000000000110110000000000001110000000000000000000000000000000000000000000000000000000
0000000000000000000001000000000000000011110000000000100101000000000010000000000000011100000000000000110000100000000001111011000000000010100100000000001000100000000000000111000000001101011000000000011110000000000000010000000000000000000000000000000000000000
0000000000000000000000000000000000000010110000000001110010000000000001000000000000011000000000000000110000101000000001011111100000000011000110000000000100100000000000000011000000000110110000000000001001000000000000000000000000000000000000000000000000000000
0000000000000000000000100000000000000111110000000000100101000000000001000000000000001000000000000001010000110000000011111010000000001010000100000000000100010000000000000011000000000100010000000000001110000000000000000000000000000000000000000000000000000000
0000000000000000000000010000000000000111100000000000110001000000000011000000000000011000000000000001110000101000000111101111100000000011110100000000000100110000000001000010000000000000110000000000101110000000000000001000000000000000000000000000000000000000
0000000000000000000000011000000000000011100000000001110000000000000110000000000000011000000000000000110000100000000011101111000000000101100100000000000000110000000000000110000000000110110000000000101111000000000000010000000000000000000000000000000000000000
0000000000000000000000000000000000000111110000000000100000000000000110000000000000001000000000000000110000110000000000011111000000000011100110000000000001111000000000000010000000000111110000000000001110000000000000010000000000000000000000000000000000000000
0000000000000000000000000000000000000011110000000000110000000000000000000000000000011100000000000000110000010000000001100111100000000010100100000000000100110000000001000110000000000100110100000000001010000000000000000000000000000000000000000000000000000000
0000000000000000000000100100000000000011010000000000110000000000000011000000000000001100001100000000110001110000000001110111100000000111110100000000000000110000000010000010100000000110010000000000001111000000000000010000000000000000000000000000000000000000
0000000000000000000000110000000000000011110000000000101010000000000010000000000000001000000000000000110011101000000001110111000000000001101010000000001000110000000001000010000000000100010000000000011111000000000000000000000000000000000000000000000000000000
0000000000000000000000000000000000000011110000000000111001000000000010000100000000001000000000000000000000110000000000101111000000000001100100000000000000100000000000000001000000000110111000000000011110000000000000000000000000000000000000000000000000000000
0000000000000000000000001000000000001111110000000000111011000000000111000000000000001000000000000000110000100000000001100001100000000011000110000000000100110000000000000110000000000110111000000000001111000000000000000000000000000000000000000000000000000000
0000000000000000000000010100000000000111110000000000101000000000000110000000000000001000000000000000100000110000000001101111000000000111110110000000000001110000000000000110000000001101011000000000011110000000000000000000000000000000000000000000000000000000
0000000000000000000000001000000000000111100000000000100001000000000110000000000000001000000000000000010000000000000011100111000000000110000100000000000000100000000000000110000000000001111000000000010110000000000000000000000000000000000000000000000000000000
0000000000000000000001000000000000000110110000000000100100000000000011000000000000000100000100000000110001100000000001100111000000000001100110000000000000011000000000000110000000000111011000000000011100000000000000100000000000000000000000000000000000000000
0000000000000000000000000000000000000001100000000001110000000000000011000000000000001000000000000000000001111000000000111100000000000101110000000000000000111000000000000010000000000100111000000000011110000000000000000000000000000000000000000000000000000000
0000000000000000000000000000000000000000000000000000000000000000000000000000000000000000000000000000000000000000000000000000000000000000000000000000000000000000000000000000000000000000000000000000000000000000000000000000000000000000000000000000000000000000
0000000000000000000000000000000000000000000000000000000000000000000000000000000000000000000000000000000000000000000000000000000000000000000000000000000000000000000000000000000000000000000000000000000000000000000000000000000000000000000000000000000000000000
0000000000000000000000000000000000000000000000000000000000000000000000000000000000000000000000000000000000000000000000000000000000000000000000000000000000000000000000000000000000000000000000000000000000000000000000000000000000000000000000000000000000000000
0000000000000000000000000000000000000000000000000000000000000000000000000000000000000000000000000000000000000000000000000000000000000000000000000000000000000000000000000000000000000000000000000000000000000000000000000000000000000000000000000000000000000000
0000000000000000000000000000000000000000000000000000000000000000000000000000000000000000000000000000000000000000000000000000000000000000000000000000000000000000000000000000000000000000000000000000000000000000000000000000000000000000000000000000000000000000
0000000000000000000000000000000000000000000000000000000000000000000000000000000000000000000000000000000000000000000000000000000000000000000000000000000000000000000000000000000000000000000000000000000000000000000000000000000000000000000000000000000000000000
0000000000000000000000000000000000000000000000000000000000000000000000000000000000000000000000000000000000000000000000000000000000000000000000000000000000000000000000000000000000000000000000000000000000000000000000000000000000000000000000000000000000000000
0000000000000000000000000000000000000000000000000000000000000000000000000000000000000000000000000000000000000000000000000000000000000000000000000000000000000000000000000000000000000000000000000000000000000000000000000000000000000000000000000000000000000000
0000000000000000000000000000000000000000000000000000000000000000000000000000000000000000000000000000000000000000000000000000000000000000000000000000000000000000000000000000000000000000000000000000000000000000000000000000000000000000000000000000000000000000
0000000000000000000000000000000000000000000000000000000000000000000000000000000000000000000000000000000000000000000000000000000000000000000000000000000000000000000000000000000000000000000000000000000000000000000000000000000000000000000000000000000000000000
0000000000000000000000000000000000000000000000000000111111000000000011101010000000011000000100000001000000010000001100000001000000110000000100000000000000010000000100000010000000000000110000000000010011000000000000011110000000000000000000000000000000000000
0000000000000000000000000000000000000000100000000000001110100000000011000010000000011000000100000001000000011000001110000000000000110000000100000000000000010000000100000011000000011100101000000000111101100000000000011100000000000000000000000000000000000000
0000000000000000000000000000000000000001000000000001010111100000000111000011000000010000000100000001100000000000001100000011000000110000000000000001100000010000000010000111000000000000011000000000010111000000000010001110000000000000000000000000000000000000
0000000000000000000000000000000000000010100000000000010111100000000001100011000000011000000100000011000000001000001100000001000000010000000100000000000000010000000100000010000000011000001000000000000011100000000001100010000000000000000000000000000000000000
0000000000000000000000000000000000000011000000000000011111100000000001101001000000011000000100000000100000000000000100000001000000010000000100000000100000100000000110000001000000000100000000000000011111000000000000000010000000000000000000000000000000000000
0000000000000000000000000000000000000000110000000000011111100000000011100010000000011000000100000001000000011000000100000001000000010000000100000001000000100000000000000011000000011000011000000000111111100000000000100000000000000000000000000000000000000000
0000000000000000000000000000000000000001000000000000110001000000000011000011000000001100000100000001000000001000001000000011000000011000000100000001000000010000001000000000000000000000011000000000110101100000000000111010000000000000000000000000000000000000
0000000000000000000000000000000000000101100000000000011001100000000011000010000000001000000100000001000000011000000100000001000000010000001100000001000000000000000010000110000000001000001000000000100011000000000001110100000000000000000000000000000000000000
0000000000000000000000000000000000000010110000000000011101000000000110000001000000001100000100000010010000010000000100000001100000010000000100000001100000110000000000000010000000001000011000000000100011100000000000010000000000000000000000000000000000000000
0000000000000000000000000000000000000011110000000000011000000000000010010010000000010000000000000011000000010000001100000001000000011000001100000001000000110000000110000010000000001000000000000000000111000000000000001000000000000000000000000000000000000000
0000000000000000000000000000000000000001100000000000011111000000000011100010000000000000001100000001000000010000000100000011100000010000000100000001100000100000000110000000000000000100011000000000001001000000000000010100000000000000000000000000000000000000
0000000000000000000000000000000000000000000000000000111111000000000001000000000000010000000100000001000000010000000110000011000000110000001100000001100000110000000100000011000000001000001000000000010111100000000000110000000000000000000000000000000000000000
0000000000000000000000000000000000000000000000000000011011000000000111000011000000000000000100000001100000001000000100000001000000110000000100000001100000100000000010000000000000000000001000000000101001000000000000111000000000000000000000000000000000000000
0000000000000000000000000000000000000000000000000000111111100000000011100010000000011000001100000000000000000000000100000001000000010000001100000001000000010000000100000001000000000000011000000000100001100000000000001100000000000000000000000000000000000000
0000000000000000000000000000000000000011110000000000011100100000000011000000000000011000000100000011100000010000000100000000100000010000001100000001000000100000000010000010000000001000011000000000110011100000000000010000000000000000000000000000000000000000
0000000000000000000000000000000000000101000000000000011101110000000011100000000000011100000100000011000000000000000100000001000000110000001100000000100000010000000010000010000000001000010000000000010101000000000001111000000000000000000000000000000000000000
0000000000000000000000000000000000000011000000000000001111100000000011100010000000011000000000000001100000010000000110000011000000010000001100000001000000010000000100000110000000000000111000000000110111000000000000010000000000000000000000000000000000000000
0000000000000000000000000000000000000001110000000000111100100000000010000000000000011100000000000001000000010000000100000000000000010000000000000001000000100000000100000011000000000100011000000000111101100000000000100000000000000000000000000000000000000000
0000000000000000000000000000000000000001000000000000011000100000000011000001000000111000000000000011000000000000000110000000000000111000001100000000000000110000000000000010000000000100101000000000111101100000000000100110000000000000000000000000000000000000
0000000000000000000000000000000000000001110000000000001110100000000011100001000000010000000100000001100000110000000110000001000000010000001100000000000000010000000110000000000000000000001000000000111001100000000000010010000000000000000000000000000000000000
0000000000000000000000000000000000000011100000000000011110100000000001010010000000011000000100000001100000010000000100000001000000010000000100000001000000010000000100000011000000001000011000000000111111000000000000000100000000000000000000000000000000000000
0000000000000000000000000000000000000011100000000000011111100000000110000001000000000000000000000001100000010000001000000000000000110000000100000000000000110000000110000011000000001110001000000000010100000000000000101100000000000000000000000000000000000000
0000000000000000000000000000000000000001011000000000011001100000000001000010000000000000000000000011000000010000001110000001000000001000000100000001000000110000000010000011000000001100101000000000001001000000000001110000000000000000000000000000000000000000
0000000000000000000000000000000000000001100000000000101101100000000011010000000000011000001000000011100000010000000110000001100000010000000100000000000000100000000110000000000000010100001000000000100111000000000000110100000000000000000000000000000000000000
0000000000000000000000000000000000000001100000000000011111010000000111100000000000000100000100000001000000000000001110000000000000101000000100000001000000010000000000000011000000000000000100000000011000100000000001011110000000000000000000000000000000000000
0000000000000000000000000000000000000010100000000000111011000000000111000011000000011000001100000011000000010000000100000011100000010000001110000001000000100000000010000010000000000000001000000000100111100000000001001101000000000000000000000000000000000000
0000000000000000000000000000000000000100110000000000111100000000000011000001000000001000001100000001100000010000001100000001100000100000000000000001100000110000000110000010000000001000010100000000001011000000000001101000000000000000000000000000000000000000
0000000000000000000000000000000000000101110000000000111111000000000010000010000000001100000100000001100000010000000100000011000000110000001100000001000000111000000000000011000000001000010000000000101011000000000000101110000000000000000000000000000000000000
0000000000000000000000000000000000000011110000000000111100100000000011011110000000011100000110000001000000000000001100000001000000010000001000000000000000010000000110000001000000010000001000000000110101000000000000110000000000000000000000000000000000000000
0000000000000000000000000000000000000001100000000000001001000000000010100010000000011000000100000001000000011000000110000001000000011000000100000001100000000000000100000110000000000000000000000000000001100000000000100110000000000000000000000000000000000000
0000000000000000000000000000000000000001100000000000011100110000000011101000000000010000000100000011000000110000000010000011100000010000000100000001000000110000000100000010000000000100001000000000000101000000000000011000000000000000000000000000000000000000
0000000000000000000000000000000000000011100000000000111100000000000011100010000000001000000100000001000000010000000100000000000000010000001100000001000001110000000100000011000000001000001000000000101001000000000000001000000000000000000000000000000000000000
0000000000000000000000000000000000000010010000000000010110000000000111001011000000001000000100000000100000110000001110000001000000010000000000000010000000000000000100000010000000001000011000000000111011000000000000110000000000000000000000000000000000000000
0000000000000000000000000000000000000001110000000000001111100000000111100000000000010100000100000001000000010000000000000001100000011000001100000001000000010000000010000010000000001100000000000000001001000000000000101000000000000000000000000000000000000000
0000000000000000000000000000000000000001100000000000001110000000000011000010000000011000000100000001000000010000000100000001000000011000000100000010100000010000000000000110100000001000011000000000101011000000000000110000000000000000000000000000000000000000
0000000000000000000000000000000000000101100000000000111111100000000001000010000000011000000100000001000000000000000100000011000000011000001000000000000000110000000100000010000000000000110000000000010111000000000000111100000000000000000000000000000000000000
0000000000000000000000000000000000000011010000000001011101100000000101010010000000011000000100000001000000010000000000000011100000011000001100000000000000110000000100000011000000000000001000000000111101100000000000110110000000000000000000000000000000000000
0000000000000000000000000000000000000011100000000000001111100000000011000100000000011100001100000001100000010000001110000001000000010000000100000000100000010000000000000010000000000100101000000000111111000000000000100000000000000000000000000000000000000000
0000000000000000000000000000000000000001110000000000001100100000000111000001000000011000000100000001100000010000000000000001100000111000000110000001100000110000000100000011000000001000001000000000010011000000000000011010000000000000000000000000000000000000
0000000000000000000000000000000000000011100000000000111110000000000111000001000000011100000000000010000000000000000100000001000000110000001000000001000000110000000101000110000000000000011000000000011001000000000000111000000000000000000000000000000000000000
0000000000000000000000000000000000000011100000000000011001100000000011010000000000001000000000000001000000010000000100000010000000010000001100000000000000110000000000000011000000001000001000000000010101000000000000010010000000000000000000000000000000000000
0000000000000000000000000000000000000011010000000000001101100000000100010011000000001000000000000001100000000000000110000001000000010000001100000000000000110000000010000010000000011000111000000000100000100000000001011100000000000000000000000000000000000000
0000000000000000000000000000000000000111010000000000011111000000000011100000000000011000000000000001000000000000001110000010000000010000000100000000000001010000000000000010000000001000011000000000111111000000000001011000000000000000000000000000000000000000
0000000000000000000000000000000000000010100000000000111001000000000000100010000000011000001100000001000000000000001100000010000000010000000100000011000000000000000110000010000000011000001000000000001001100000000000010010000000000000000000000000000000000000
0000000000000000000000000000000000000111110000000000011100100000000011000010000000001100000000000001100000111000000110000001000000010000001000000001000000010000000010000100000000011000001000000000101101100000000000010100000000000000000000000000000000000000
0000000000000000000000000000000000000111010000000000111101110000000011001000000000001100001100000001100000010000001100000000000000010000001000000001100000110000000100000010000000001000001000000000011101000000000000110110000000000000000000000000000000000000
0000000000000000000000000000000000000111100000000000101111100000000111110010000000011100000000000001000000010000000100000001000000011000000000000001000000110000000100000010000000001000000000000000111001100000000000101000000000000000000000000000000000000000
0000000000000000000000000000000000000011100000000000111011110000000011000101000000001000000100000001100000010000000100000001000000010000001000000001000000010000000000000011000000010000001000000000110101000000000000100000000000000000000000000000000000000000
0000000000000000000000000000000000000111100000000000100111000000000010100010000000011000000100000001000000001000000110000001000000010000000100000001000000010000000000000011000000000100001000000000001001100000000000001100000000000000000000000000000000000000
0000000000000000000000000000000000000101100000000000011101100000000010110011000000011100000000000001100000011000000110000001000000010000000000000001000000100000000100000011000000001000000000000000101010000000000000111110000000000000000000000000000000000000
0000000000000000000000000000000000000011000000000000011101000000000111000001000000011000001100000001000000010000001100000001000000011000000100000001000000110000000110000010000000000000001000000000110001000000000000010000000000000000000000000000000000000000
0000000000000000000000000000000000000011100000000000011101010000000011010001000000001100000100000000100000000000000100000001000000011000000100000001100000000000000010000001000000001001010000000000010101100000000000110010000000000000000000000000000000000000
0000000000000000000000000000000000000001100000000000110101100000000010100010000000001000000100000010100000000000000110000001000000010000001000000000000000110000000100000011000000001100011000000000010100000000000000011000000000000000000000000000000000000000
0000000000000000000000000000000000000010111000000000011111100000000100000000000000011000001100000001000000000000000100000001000000010000000000000001100000110000000100000010000000001000000000000000011111000000000000110100000000000000000000000000000000000000
0000000000000000000000000000000000000011100000000000111100000000000111000011000000011000001100000011100000010000000100000001100000110000001100000001000000010000000000000000000000000100000000000000011011100000000000101100000000000000000000000000000000000000
0000000000000000000000000000000000000001000000000000111000000000000011000000000000011000001110000010100000010000001100000001000000011000001100000011000000010000000010000001000000001000010000000000010111000000000000010000000000000000000000000000000000000000
0000000000000000000000000000000000000001110000000000011101010000000001000111000000000000001100000011000000010000001100000001000000011000000100000001000000010000000010000011000000001100011000000000011111000000000000001010000000000000000000000000000000000000
0000000000000000000000000000000000000010100000000000010001100000000011000000000000000100001100000011000000000000000100000001100000111000001100000001000000101000000100000011000000011000001000000000010101000000000000111000000000000000000000000000000000000000
0000000000000000000000000000000000000111010000000000111101000000000111000010000000011100001100000001100000011000000100000001100000010000000100000011100000110000000100000110000000011000000000000000011001100000000000001000000000000000000000000000000000000000
0000000000000000000000000000000000000010000000000000011100100000000011000010000000011100000100000010100000010000001100000001000000110000001100000000000000100000000110000010000000000000011000000000010101100000000000010110000000000000000000000000000000000000
0000000000000000000000000000000000000111100000000000111011100000000010000001000000000000000100000001100000000000000000000011000000010000000000000001000000010000000000000011000000001100001000000000111010100000000000010000000000000000000000000000000000000000
0000000000000000000000000000000000000011110000000000011001100000000011100010000000011100000100000011100000010000000100000001000000010000000000000001000001110000000000000001000000001000000000000000101001000000000000110000000000000000000000000000000000000000
0000000000000000000000000000000000000010110000000000110111100000000110100010000000011000000100000001000000000000000100000001000000101000000100000000000000110000000000000011000000000100001000000000011011000000000001011110000000000000000000000000000000000000
0000000000000000000000000000000000000001100000000000011101100000000101000011000000001000000000000001000000010000001110000001100000010000000000000001100000011000000110000001000000001000000000000000011011000000000000011000000000000000000000000000000000000000
0000000000000000000000000000000000000011010000000000111110100000000111100010000000011000000100000011100000010000000110000000000000110000000100000000000000100000000100000010000000000001001000000001011010100000000000111000000000000000000000000000000000000000
0000000000000000000000000000000000000011110000000000011111000000000011000010000000001000000000000001100000000000001100000001000000001000000100000000000000111000000010000010000000000100001000000000010001000000000000010010000000000000000000000000000000000000
0000000000000000000000000000000000000001110000000000111111100000000011100110000000011100001110000001100000011000000100000001000000010000001100000011100000100000000000000010000000010000010000000000010101000000000001100100000000000000000000000000000000000000
0000000000000000000000000000000000000001110000000000111111110000000111000011000000011100001000000000100000010000000000000001000000011000001100000000000000110000000110000011000000000000001000000000000101100000000000000100000000000000000000000000000000000000
0000000000000000000000000000000000000000000000000000111100000000000011000110000000010000000000000001000000010000001100000011000000011000001000000001000000110000000110000101000000001000000100000000000011100000000000010000000000000000000000000000000000000000
0000000000000000000000000000000000000111000000000000011101000000000010000000000000001000001100000001000000010000001110000011000000010000000100000001000000110000000010000000000000001000001000000000010101000000000000110100000000000000000000000000000000000000
0000000000000000000000000000000000000011100000000001010100100000000001000000000000011100000000000001100000010000000110000001100000010000000110000000100000010000000110000010000000000000001000000000010011100000000000111000000000000000000000000000000000000000
0000000000000000000000000000000000000011000000000000010110100000000010000010000000011100000100000001100000010000001100000000100000011000001000000001000000100000000000000010000000001000101000000000010101000000000001010100000000000000000000000000000000000000
0000000000000000000000000000000000000001100000000000011111100000000100000011000000011100001100000001100000010000000100000001100000010000000100000001000001110000000010000010000000000000011000000000000011100000000000010000000000000000000000000000000000000000
0000000000000000000000000000000000000001101000000000111111000000000001010011000000011000000010000001100000001000000100000011000000011000001100000001100000110000000000000010000000001000000000000000000111000000000010001110000000000000000000000000000000000000
0000000000000000000000000000000000000010000000000000011100100000000111000111000000010000001100000001000000110000000100000001100000010000000100000001000000110000000100000010000000001000101000000000100100000000000000011110000000000000000000000000000000000000
0000000000000000000000000000000000000000000000000000111110100000000010010010000000011100000000000001100000010000001100000001000000010000001100000000000000100000000110000010000000000000011000000000000001000000000000111010000000000000000000000000000000000000
0000000000000000000000000000000000000001000000000000101101100000000011100010000000001000000000000001000000010000000110000001000000011000001000000001000000110000000110000111000000001000010000000000010011000000000000010100000000000000000000000000000000000000
0000000000000000000000000000000000000000010000000000110101000000000011100000000000011000000100000011000000000000000100000011000000111000000100000001100000110000000010000011000000011000111000000000110111100000000000111000000000000000000000000000000000000000
0000000000000000000000000000000000000011010000000000011110110000000111100010000000011000001100000001100000010000000100000011000000011000001100000001000000100000000100000111000000001100101000000000011011100000000010010000000000000000000000000000000000000000
0000000000000000000000000000000000000001110000000000001110000000000001100001000000001000001100000011100000100000000100000011000000010000001000000001100000010000000010000010000000011100011000000000010001100000000000100000000000000000000000000000000000000000
0000000000000000000000000000000000000000101000000000111101100000000011100010000000010000000100000001000000110000000110000001100000011000000100000001100000110000000010000010000000001100101000000000011011100000000000011110000000000000000000000000000000000000
0000000000000000000000000000000000000000010000000000111011100000000101000011000000001000000000000000100000010000001110000001000000010000000100000001000000010000000110000010000000000000001000000000010111000000000001010100000000000000000000000000000000000000
0000000000000000000000000000000000000000000000000000111111000000000010000010000000001000001000000001100000011000001100000001000000000000001000000001000000110000000110000010000000001000001000000000010101000000000000101100000000000000000000000000000000000000
0000000000000000000000000000000000001010110000000000011111100000000011000010000000011000001000000001100000011000000100000011000000011000000100000000100000010000000110000010000000000100001000000000000100100000000000010000000000000000000000000000000000000000
0000000000000000000000000000000000000011000000000000011101100000000011100000000000011000000100000001000000110000001000000001000000010000000100000000000000000000000010000110000000000000011000000000100110100000000001011111000000000000000000000000000000000000
0000000000000000000000000000000000000011110000000000011111010000000011000000000000011000000000000001100000010000001100000001000000010000000110000011000000000000000000000001000000000100001100000000010111100000000000111100000000000000000000000000000000000000
0000000000000000000000000000000000000100000000000000111111100000000010001011000000001000000000000011000000010000001110000001000000000000001100000001000000111000000100000000000000011100011000000000011110100000000000110100000000000000000000000000000000000000
0000000000000000000000000000000000000011110000000000001101000000000011100100000000001000000100000001100000000000001100000001000000011000001110000001000000110000000110000110000000001010001000000000111000100000000001110000000000000000000000000000000000000000
0000000000000000000000000000000000000011110000000000111111100000000101000111000000011000001000000001100000010000000100000001100000011000001100000001100000110000000100000010000000001000000000000000010011000000000000001000000000000000000000000000000000000000
0000000000000000000000000000000000000010100000000000111111000000000011000110000000011100000100000001100000000000001000000000000000010000000010000000000000010000000010000010000000001000000000000000111011100000000000010000000000000000000000000000000000000000
0000000000000000000000000000000000000000100000000000010100110000000111000000000000011000000100000001100000011000000100000001000000011000001100000000000000110000000000000010000000000000001000000000011010100000000000110010000000000000000000000000000000000000
0000000000000000000000000000000000000011000000000000111010010000000011001111000000101000000100000001000000000000000100000000000000010000001100000001000000010000000010000011000000010000001000000000111101100000000000111010000000000000000000000000000000000000
0000000000000000000000000000000000000110110000000001001111000000000111000000000000001000000100000010000000000000000010000011000000010000000000000001100000010000000100000010000000011000010000000000001101100000000000110000000000000000000000000000000000000000
0000000000000000000000000000000000000011100000000000101011100000000101010000000000010000001100000000000000011000001100000000000000011000000000000001000000010000000010000011000000000000000000000001001011000000000000010100000000000000000000000000000000000000
0000000000000000000000000000000000000000000000000000011110010000000011000010000000011000000000000001000000000000001000000001000000100000000100000001000000110000000100000010000000000000011000000000010101100000000001000100000000000000000000000000000000000000
0000000000000000000000000000000000000001110000000000011110100000000110000010000000011000000100000001000000000000000100000001000000010000001000000000000000111000000100000001000000001000000000000000000111000000000001010100000000000000000000000000000000000000
0000000000000000000000000000000000000011000000000000111110100000000101000010000000000100000100000001100000010000000100000001000000010000000100000001000000110000000110000011000000001000001000000000001111000000000000100010000000000000000000000000000000000000
0000000000000000000000000000000000000011100000000000010111000000000001000010000000001000001100000001100000010000000010000001000000000000000110000000100000100000000111000000000000001000000000000000010010000000000000101100000000000000000000000000000000000000
0000000000000000000000000000000000000000100000000000011100000000000111000011000000011000001100000001000000010000000100000001000000010000000100000000000000100000000100000000000000001000011000000000000011000000000000111000000000000000000000000000000000000000
0000000000000000000000000000000000000001100000000000111111100000000011000001000000011000000000000001000000000000000100000011000000011000000100000001000000110000000010000000100000001100010000000000001011000000000001001100000000000000000000000000000000000000
0000000000000000000000000000000000000000000000000000000000000000000000000000000000000000000000000000000000000000000000000000000000000000000000000000000000000000000000000000000000000000000000000000000000000000000000000000000000000000000000000000000000000000
0000000000000000000000000000000000000000000000000000000000000000000000000000000000000000000000000000000000000000000000000000000000000000000000000000000000000000000000000000000000000000000000000000000000000000000000000000000000000000000000000000000000000000
0000000000000000000000000000000000000000000000000000000000000000000000000000000000000000000000000000000000000000000000000000000000000000000000000000000000000000000000000000000000000000000000000000000000000000000000000000000000000000000000000000000000000000
0000000000000000000000000000000000000000000000000000000000000000000000000000000000000000000000000000000000000000000000000000000000000000000000000000000000000000000000000000000000000000000000000000000000000000000000000000000000000000000000000000000000000000
0000000000000000000000000000000000000000000000000000000000000000000000000000000000000000000000000000000000000000000000000000000000000000000000000000000000000000000000000000000000000000000000000000000000000000000000000000000000000000000000000000000000000000
0000000000000000000000000000000000000000000000000000000000000000000000000000000000000000000000000000000000000000000000000000000000000000000000000000000000000000000000000000000000000000000000000000000000000000000000000000000000000000000000000000000000000000
0000000000000000000000000000000000000000000000000000000000000000000000000000000000000000000000000000000000000000000000000000000000000000000000000000000000000000000000000000000000000000000000000000000000000000000000000000000000000000000000000000000000000000
0000000000000000000000000000000000000000000000000000000000000000000000000000000000000000000000000000000000000000000000000000000000000000000000000000000000000000000000000000000000000000000000000000000000000000000000000000000000000000000000000000000000000000
0000000000000000000000000000000000000000000000000000000000000000000000000000000000000000000000000000000000000000000000000000000000000000000000000000000000000000000000000000000000000000000000000000000000000000000000000000000000000000000000000000000000000000
0000000000000000000000000000000000000000000000000000000000000000000000000000000000000000000000000000000000000000000000000000000000000000000000000000000000000000000000000000000000000000000000000000000000000000000000000000000000000000000000000000000000000000
0000000000000000000000000000000000000000000000000000000000000000000000000000000000100100011100000110111111111000000101101111000000000010000000000000011000000000000000100000000000000011110100000000000101010000000000000000000000000000000000000000000000000000
0000000000000000000000000000000000000000000000000000000000000000000000000000100000001001111110000001111111110000000101111111000000000000000000000000010000000000000001000010000000001010011000000000001111000000000000000000000000000000000000000000000000000000
0000000000000000000000000000000000000000000000000000000000000000000000000010100000000000111100000010100111010000000000110100000000000110100000000000011000000000000001000000000000000010011000000000001110000000000000000000000000000000000000000000000000000000
0000000000000000000000000000000000000000000000000000000000000000000000000100000000000000111110000111101111111000000001111111000000000111000000000000011000000000000001100000000000000011111100000000000111100000000000000000000000000000000000000000000000000000
0000000000000000000000000000000000000000000000000000000000000000000000000101000000000000011100000000001111110000000001111101000000000100000000000000110000000000000000100010000000000010011000000000000101100000000000000000000000000000000000000000000000000000
0000000000000000000000000000000000000000000000000000000000000000000000000011000000000000010100000111111111110000000001001110000000000010001000000000010000000000000011000100000000000010001100000000000100000000000000000000000000000000000000000000000000000000
0000000000000000000000000000000000000000000000000000000000000000000000000001000000000000011110000111011111110000000001011111000000000110000000000000010000000000000000100001000000000001111000000000000110000000000000000000000000000000000000000000000000000000
0000000000000000000000000000000000000000000000000000000000000000000000000001000000101001111100000101011111110000000101111110000000000010000000000000010000000000000001100010000000000011111000000000000110000000000000000100000000000000000000000000000000000000
0000000000000000000000000000000000000000000000000000000000000000000000000101000000000010011100000010101111111000000101111110000000000100010000000000010000000000000000000000000000000010111000000000000001000000000000000000000000000000000000000000000000000000
0000000000000000000000000000000000000000000000000000000000000000000000000000000000000011111100000111111111010000000001111111100000000110100000000000011000000000000011100011000000000010011000000000001011100000000000000000000000000000000000000000000000000000
0000000000000000000000000000000000000000000000000000000000000000000000001010000000000010010110000111111011011000001001111101000000000000000000000000000000000000000001100001000000000010111100000000000111000000000000000000000000000000000000000000000000000000
0000000000000000000000000000000000000000000000000000000000000000000000000100000000000000111100000111111111110000000001010101000000000100000000000000000000000000000001100000000000000101111000000000000001100000000000010000000000000000000000000000000000000000
0000000000000000000000000000000000000000000000000000000000000000000000000001000000000000110100000010101111111000000001101100000000000010000000000000010000000000000001000110000000000001110000000000000011000000000000000000000000000000000000000000000000000000
0000000000000000000000000000000000000000000000000000000000000000000000000011000000000000110000000110001111110000000001111100000000000010000000000000010000000000000000000000000000000010101000000000000110000000000000010000000000000000000000000000000000000000
0000000000000000000000000000000000000000000000000000000000000000000000000011000000000001111000000011111111111000000000101010000000000001000000000000010000000000000001000000000000000011010100000000000000000000000000000000000000000000000000000000000000000000
0000000000000000000000000000000000000000000000000000000000000000000000000100000000001010110100000010111111111000010001011110000000000100000000000000010000000000000000100000000000000001111000000000000111100000000000000000000000000000000000000000000000000000
0000000000000000000000000000000000000000000000000000000000000000000000000110000000000000111100000011111111110000000001101111100000000110000000000000011000000000000010000010000000000000101000000000000101000000000000000000000000000000000000000000000000000000
0000000000000000000000000000000000000000000000000000000000000000000000000000000000000000111110000111111111110000000001110010000000000110010000000000011000000000000001001010000000000000011000000000000100000000000000000000000000000000000000000000000000000000
0000000000000000000000000000000000000000000000000000000000000000000000000100000000110001110110000011010111110000000011111110000000000100000000000000010000000000000001100110000000000111001000000000001011000000000000000000000000000000000000000000000000000000
0000000000000000000000000000000000000000000000000000000000000000000000000100000000100001111000000010111111111000000001011011000000000010000000000000010000000000000001100000000000000111110100000000000011000000000000000000000000000000000000000000000000000000
0000000000000000000000000000000000000000000000000000000000000000000000000011000000000000111110001011111111101000000001111111000000000000000000000000011000000000000000100010000000000010111000000000001001100000000000000000000000000000000000000000000000000000
0000000000000000000000000000000000000000000000000000000000000000000000000101000000000000111110000011111111110000000000111100000000000010000000000000010000000000000000000101000000000011111000000000000111000000000000000000000000000000000000000000000000000000
0000000000000000000000000000000000000000000000000000000000000000000000000100000000000000111110000010110111010000000011111110000000000110000000000000000000000000000001100000000000000001111000000000000110010000000000000000000000000000000000000000000000000000
0000000000000000000000000000000000000000000000000000000000000000000000000000000000100000111100000100101111111000000011101111000000000101000000000000110000000000000000000010000000000011111000000000000011000000000000000000000000000000000000000000000000000000
0000000000000000000000000000000000000000000000000000000000000000000000000000000000001000110100000001111111111000000011110101000000000110100000000000011000000000000010100000000000000011011000000000000101000000000000000000000000000000000000000000000000000000
0000000000000000000000000000000000000000000000000000000000000000000000000100000000000000101100000011111111100000000001111111000000000100001000000000011000000000000001000100000000000010111000000000000011000000000000000000000000000000000000000000000000000000
0000000000000000000000000000000000000000000000000000000000000000000000000000000000000010111100000111010111100000000000111100000000000100000000000000011000000000000000000011000000000110101100000000001110010000000000000000000000000000000000000000000000000000
0000000000000000000000000000000000000000000000000000000000000000000000000000000001000001111010000100011111111000000001111010000000000100000000000000011000000000000001000010000000000010110100000000000000000000000000010000000000000000000000000000000000000000
0000000000000000000000000000000000000000000000000000000000000000000000000011000000001001111110000010011111111000000011100101000000000100010000000000010000000000000000000100000000000011110100000000001101100000000000000000000000000000000000000000000000000000
0000000000000000000000000000000000000000000000000000000000000000000000000101000000100000111010000111110111111000000001111110000000000110001000000000010000000000000011100000000000000011000000000000000111000000000000000000000000000000000000000000000000000000
0000000000000000000000000000000000000000000000000000000000000000000000000000100000000000111110000111111110100000000001110110000000000100000000000000001000000000000000000011000000000001011000000000001111000000000000000000000000000000000000000000000000000000
0000000000000000000000000000000000000000000000000000000000000000000000001101000000000011011110000010111111110000001101111110000000000010010000000000111000000000000001000010000000000011010000000000000000000000000000000000000000000000000000000000000000000000
0000000000000000000000000000000000000000000000000000000000000000000000000110000000000001111110000010011111111000000001111110000000000100100000000000011000000000000001100010000000000111111000000000000111000000000000000000000000000000000000000000000000000000
0000000000000000000000000000000000000000000000000000000000000000000000001010000000000001111010000011101111110000000101111111000000000110000000000000010000000000000000000100000000000010001000000000001011000000000000000000000000000000000000000000000000000000
0000000000000000000000000000000000000000000000000000000000000000000000000101000000000000111100000001111111110000000010111111000000000110000100000000010000000000000011100010000000000110111000000000001110000000000000000000000000000000000000000000000000000000
0000000000000000000000000000000000000000000000000000000000000000000000000010100000010001111100000011110111111000000001111011000000000011000000000000011100000000000000100100000000000111111000000000000011100000000000000000000000000000000000000000000000000000
0000000000000000000000000000000000000000000000000000000000000000000000000001000000001000111010000011100111110000000001101100000000000001111000000000010000000000000001000110000000000110111000000000000111010000000000000000000000000000000000000000000000000000
0000000000000000000000000000000000000000000000000000000000000000000000000001000000000001010100000001111111110000000001110101000000000110100000000000011000000000000000000000000000000011011000000000000100000000000000000000000000000000000000000000000000000000
0000000000000000000000000000000000000000000000000000000000000000000000001001000000000000111100000000111111011000000001111110000000000110000010000000011000000000000011000000000000000001111000000000000110000000000000000000000000000000000000000000000000000000
0000000000000000000000000000000000000000000000000000000000000000000000000001000000000000011110000011111111011000000000111011000000000100000000000000110000000000000000100010000000000010111000000000000001000000000000000000000000000000000000000000000000000000
0000000000000000000000000000000000000000000000000000000000000000000000000000000000000000001100000110011111111000000101111110000000000110010000000000010000000000000010000000000000000000011000000000001101000000000000000000000000000000000000000000000000000000
0000000000000000000000000000000000000000000000000000000000000000000000000000000000000000110110000000111111110000000001111010000000000111000000000000011000000000000001000010000000000010111000000000000111000000000000000000000000000000000000000000000000000000
0000000000000000000000000000000000000000000000000000000000000000000000000110100000000000111110000011111111111000000001111110100000000100000000000000010100000000000001100010000000000000011000000000001111000000000000000000000000000000000000000000000000000000
0000000000000000000000000000000000000000000000000000000000000000000000000111000000000000111110000111011111111000000111101010000000000110000000000000000000000000000001000000000000000010111000000000000010000000000000000000000000000000000000000000000000000000
0000000000000000000000000000000000000000000000000000000000000000000000000110000000001000010100000101111111011000001001110110000000000111100000000000011000000000000000000000000000000110011000000000001001000000000000000000000000000000000000000000000000000000
0000000000000000000000000000000000000000000000000000000000000000000000000011000000010000111100000011111111100000000011101111000000000100000000000000010000000000000001100010000000000010111100000000000001000000000000000000000000000000000000000000000000000000
0000000000000000000000000000000000000000000000000000000000000000000000000010000000001000111010000110111110111000000011110101000000000110000000000000001000000000000001000000000000000001111000000000000111000000000000000000000000000000000000000000000000000000
0000000000000000000000000000000000000000000000000000000000000000000000000100000001001001110100000001111111110000000101110100000000000100100000000000010000000000000000000000000000000011101100000000001100000000000000000000000000000000000000000000000000000000
0000000000000000000000000000000000000000000000000000000000000000000000000000000000000000000110000101100111011000000000111110000000000100000000000000010000000000000001000000000000000011011100000000001100000000000000000000000000000000000000000000000000000000
0000000000000000000000000000000000000000000000000000000000000000000000000000000000000001111110000011111111111000000001111101000000000110000000000000011000000000000001100000000000000101111000000000001101000000000000000000000000000000000000000000000000000000
0000000000000000000000000000000000000000000000000000000000000000000000000101000000001000111110000011101111111000000011111010000000000111000000000000011000000000000011100000000000000010111100000000001110000000000000000000000000000000000000000000000000000000
0000000000000000000000000000000000000000000000000000000000000000000000001001000001100001111100000000000111111000000011001111000000000110000000000000011000000000000001100000000000000010110000000000000011010000000000000000000000000000000000000000000000000000
0000000000000000000000000000000000000000000000000000000000000000000000000000000000101000001100000110111111100000000001110110000000000010000000000000010000000000000001000010000000000010011000000000000100000000000000000000000000000000000000000000000000000000
0000000000000000000000000000000000000000000000000000000000000000000000000001000000000000111110000100111111110000000011111101000000000100001000000000111000000000000001101010000000000111010000000000001101000000000000000000000000000000000000000000000000000000
0000000000000000000000000000000000000000000000000000000000000000000000001010000000000000011100000001001111010000001111101110000000000100010000000000011000000000000001000000000000000000111100000000000011000000000000000000000000000000000000000000000000000000
0000000000000000000000000000000000000000000000000000000000000000000000000100000000000010111110000111100111110000001000111110000000000100000000000000010000000000000001000010000000000111111100000000000000000000000000000000000000000000000000000000000000000000
0000000000000000000000000000000000000000000000000000000000000000000000000001000000000000111100000111110111111000000101111010000000000100000000000000011000000000000001000010000000000001111000000000000010000000000000000000000000000000000000000000000000000000
0000000000000000000000000000000000000000000000000000000000000000000000001000000000000000111000000100011111110000000000111101000000000100000000000000011000000000000000000000000000000010111000000000000011000000000000000100000000000000000000000000000000000000
0000000000000000000000000000000000000000000000000000000000000000000000000001000000000000111010000011111111110000000011111111000000000111000000000000010000000000000001000100000000000011101100000000000111000000000000000000000000000000000000000000000000000000
0000000000000000000000000000000000000000000000000000000000000000000000000000000010000000111110000001110111111000000001111110000000000000000000000000011000000000000011100000000000000000111000000000000000100000000000000000000000000000000000000000000000000000
0000000000000000000000000000000000000000000000000000000000000000000000000011000001000000111110000000111111011000001011101011100000000100000000000000010000000000000000100010000000000011111100000000000100000000000000000000000000000000000000000000000000000000
0000000000000000000000000000000000000000000000000000000000000000000000000000000000010001011100000011111111111000001001111110000000000110010000000000011000000000000000100000000000000010011000000000001111100000000000000000000000000000000000000000000000000000
0000000000000000000000000000000000000000000000000000000000000000000000000100000000001000111010000001111111010000000101110111000000000110000000000000011000000000000001100100000000000111111100000000001100000000000000000000000000000000000000000000000000000000
0000000000000000000000000000000000000000000000000000000000000000000000000100000001010000101110000000010111011000000001111101000000001100000000000000110000000000000001100000000000000110011000000000000111000000000000000000000000000000000000000000000000000000
0000000000000000000000000000000000000000000000000000000000000000000000000010000001000001111000000011111111100000000101101110000000000110010000000000001000000000000001000110000000000010111000000000000001000000000000000000000000000000000000000000000000000000
0000000000000000000000000000000000000000000000000000000000000000000000000110000000000101111100000111101111101000000101111101000000000100001000000000011000000000000010000000000000000110111000000000000001000000000000000000000000000000000000000000000000000000
0000000000000000000000000000000000000000000000000000000000000000000000000000000000010000111110000111101111111000000101111100000000000100000000000000010000000000000001000010000000000000011000000000000111100000000000000000000000000000000000000000000000000000
0000000000000000000000000000000000000000000000000000000000000000000000000001000000000000111010000111101111100000000001001011000000000110000000000000101000000000000001000000000000000111111000000000001111000000000000000000000000000000000000000000000000000000
0000000000000000000000000000000000000000000000000000000000000000000000000100100000000001110110001010111111111000000001111111000000000110010000000000001000000000000000100000000000000101011000000000001101000000000000000000000000000000000000000000000000000000
0000000000000000000000000000000000000000000000000000000000000000000000000011000000000000110110000101111111110000000011001011000000000100000000000000001000000000000000000000000000000101011100000000000010000000000000100000000000000000000000000000000000000000
0000000000000000000000000000000000000000000000000000000000000000000000000101000001000001111110000000111111101000000001111101000000000110100000000000100000000000000001100010000000000101011100000000010010000000000000000000000000000000000000000000000000000000
0000000000000000000000000000000000000000000000000000000000000000000000000111000000010011111110000010111111110000000001111111000000000100000000000000011000000000000011000010000000000111010000000000000100000000000000000000000000000000000000000000000000000000
0000000000000000000000000000000000000000000000000000000000000000000000000011000000000000110110000011011111110000000001110110000000000110000000000000011000000000000000100000000000000010011000000000001000000000000000000000000000000000000000000000000000000000
0000000000000000000000000000000000000000000000000000000000000000000000000100100000000001111110000111111111111000000100111110000000000010000000000000010000000000000001000110000000000101111100000000001110000000000000000000000000000000000000000000000000000000
0000000000000000000000000000000000000000000000000000000000000000000000000000000000000000111100000000011111111000000000111010100000000011000000000000000000000000000001100010000000001110001100000000000111000000000000000000000000000000000000000000000000000000
0000000000000000000000000000000000000000000000000000000000000000000000000010000000001000111110000111110111111000000001111101000000000110000000000000011000000000000000000000000000000110100000000000000110100000000000000000000000000000000000000000000000000000
0000000000000000000000000000000000000000000000000000000000000000000000000001000000100001111100000100111111111000000001111101000000000111000000000000010000000000000001000010000000000011010000000000000110000000000000001000000000000000000000000000000000000000
0000000000000000000000000000000000000000000000000000000000000000000000000100000000100001011100000011111111110000000001101000000000000010010000000000011000000000000001001000000000000010111100000000001111000000000000000000000000000000000000000000000000000000
0000000000000000000000000000000000000000000000000000000000000000000000000000000000000001111110000111001111010000000001110010000000000110000000000000110000000000000000000000000000000110011100000000000110000000000000000000000000000000000000000000000000000000
0000000000000000000000000000000000000000000000000000000000000000000000000000000000000001111110000111100111110000000111111110000000000000000000000000010000000000000001000000000000000010011000000000000100000000000000000000000000000000000000000000000000000000
0000000000000000000000000000000000000000000000000000000000000000000000001000000000001001111010000111111111111000000000111011000000000010000000000000011000000000000010000000000000000001011000000000001011010000000000000000000000000000000000000000000000000000
0000000000000000000000000000000000000000000000000000000000000000000000000001000000000000011100000111011111000000000011111101000000001011000000000000110000000000000010100010000000000011110000000000000000000000000000000000000000000000000000000000000000000000
0000000000000000000000000000000000000000000000000000000000000000000000000001000000010000000100000011111111110000000001111010000000000100000000000000010000000000000001000000000000000001101000000000001101000000000000000000000000000000000000000000000000000000
0000000000000000000000000000000000000000000000000000000000000000000000000000000000000000011100000111111111111000000001110111000000001110010000000000110000000000000001000011000000000110011000000000001101000000000000000000000000000000000000000000000000000000
0000000000000000000000000000000000000000000000000000000000000000000000000000000000100001111110001001110111011000000001111111000000000000000000000000011000000000000000100001000000000111111000000000000111010000000000010000000000000000000000000000000000000000
0000000000000000000000000000000000000000000000000000000000000000000000000000000000000001111100000011100111111000001011111011000000000000000000000000011000000000000001100010000000000111100000000000000011100000000000000000000000000000000000000000000000000000
0000000000000000000000000000000000000000000000000000000000000000000000000010000000100001111110000001100111110000000000101111000000000100000000000000010000000000000001000000000000000011011100000000000110000000000000000000000000000000000000000000000000000000
0000000000000000000000000000000000000000000000000000000000000000000000000000000000001000111110000111111111111000000001111010000000000110000000000000001000000000000001000000000000000010111100000000000111000000000000000000000000000000000000000000000000000000
0000000000000000000000000000000000000000000000000000000000000000000000000111000000000001111010000001011111110000000011011010000000000100000000000000110000000000000011100000000000000101100000000000001010000000000000000000000000000000000000000000000000000000
0000000000000000000000000000000000000000000000000000000000000000000000000101000000000001101100001011111111100000001000101100000000000110000000000000010000000000000001000010000000000011111000000000001010100000000000000000000000000000000000000000000000000000
0000000000000000000000000000000000000000000000000000000000000000000000000100000000010000111110000000101101111000000001111110000000000111010000000000011000000000000001100110000000000010111100000000000111000000000000000000000000000000000000000000000000000000
0000000000000000000000000000000000000000000000000000000000000000000000000010100000010100011110000010101111110000000001111110000000000010100000000000000000000000000001100000000000000101111000000000001101000000000000000000000000000000000000000000000000000000
0000000000000000000000000000000000000000000000000000000000000000000000000010000000010000111110000010101111011000000001111110000000000100000000000000010000000000000011100000000000000111110000000000000110100000000000100000000000000000000000000000000000000000
0000000000000000000000000000000000000000000000000000000000000000000000000010000000000001111110000100011111100000000101101101000000000110010000000000001000000000000001000000000000000011101000000000000101000000000000000000000000000000000000000000000000000000
0000000000000000000000000000000000000000000000000000000000000000000000001000000000000000011100000011011111111000000001111110000000000100010000000000010000000000000000000010000000000011011000000000000011000000000000000000000000000000000000000000000000000000
0000000000000000000000000000000000000000000000000000000000000000000000010000000000000001111110000011011111111000000000111010000000000110000000000000010000000000000001000000000000000101100000000000000110000000000000000000000000000000000000000000000000000000
0000000000000000000000000000000000000000000000000000000000000000000000000100000010000000111110000011110111100000000011000111000000000110000100000000011000000000000001000000000000000010011000000000011011010000000000000000000000000000000000000000000000000000
0000000000000000000000000000000000000000000000000000000000000000000000000100000000000001010100000001111111111000000011001110000000000010000000000000011000000000000001100000000000000001110000000000000111000000000000000000000000000000000000000000000000000000
0000000000000000000000000000000000000000000000000000000000000000000000000010000000100011111100000000111011110000000001111110000000000010010000000000000000000000000001000000000000000011111000000000000011000000000000000000000000000000000000000000000000000000
0000000000000000000000000000000000000000000000000000000000000000000000000001000000100000111010000011111111111000001001111110000000000110000000000000010000000000000001100010000000000010111000000000000010100000000000000000000000000000000000000000000000000000
0000000000000000000000000000000000000000000000000000000000000000000000000000000000000000000000000000000000000000000000000000000000000000000000000000000000000000000000000000000000000000000000000000000000000000000000000000000000000000000000000000000000000000
0000000000000000000000000000000000000000000000000000000000000000000000000000000000000000000000000000000000000000000000000000000000000000000000000000000000000000000000000000000000000000000000000000000000000000000000000000000000000000000000000000000000000000
0000000000000000000000000000000000000000000000000000000000000000000000000000000000000000000000000000000000000000000000000000000000000000000000000000000000000000000000000000000000000000000000000000000000000000000000000000000000000000000000000000000000000000
0000000000000000000000000000000000000000000000000000000000000000000000000000000000000000000000000000000000000000000000000000000000000000000000000000000000000000000000000000000000000000000000000000000000000000000000000000000000000000000000000000000000000000
0000000000000000000000000000000000000000000000000000000000000000000000000000000000000000000000000000000000000000000000000000000000000000000000000000000000000000000000000000000000000000000000000000000000000000000000000000000000000000000000000000000000000000
0000000000000000000000000000000000000000000000000000000000000000000000000000000000000000000000000000000000000000000000000000000000000000000000000000000000000000000000000000000000000000000000000000000000000000000000000000000000000000000000000000000000000000
0000000000000000000000000000000000000000000000000000000000000000000000000000000000000000000000000000000000000000000000000000000000000000000000000000000000000000000000000000000000000000000000000000000000000000000000000000000000000000000000000000000000000000
0000000000000000000000000000000000000000000000000000000000000000000000000000000000000000000000000000000000000000000000000000000000000000000000000000000000000000000000000000000000000000000000000000000000000000000000000000000000000000000000000000000000000000
0000000000000000000000000000000000000000000000000000000000000000000000000000000000000000000000000000000000000000000000000000000000000000000000000000000000000000000000000000000000000000000000000000000000000000000000000000000000000000000000000000000000000000
0000000000000000000000000000000000000000000000000000000000000000000000000000000000000000000000000000000000000000000000000000000000000000000000000000000000000000000000000000000000000000000000000000000000000000000000000000000000000000000000000000000000000000
0000000000000000000000000000000000000000000000000000000001000000000000001100000000000000100000000000000100000000000000010000000000000000000000000000001100000000000000000000000000000000000000000000000000000000000000100000000000000000000000000000000000000000
0000000000000000000000000000000000000000000000000000000011000000000000001000000000000000000000000000000010000000000000001000000000000001000000000000001000000000000000100000000000000010000000000000000000000000000000000000000000000000000000000000000000000000
0000000000000000000000000000000000000000000000000000000000000000000000001100000000000000100000000000000100000000000000110000000000000011000000000000000000000000000000010000000000000010000000000000000000000000000000100000000000000000000000000000000000000000
0000000000000000000000000000000000000000010000000000000010000000000000001100000000000001010000000000000110000000000000000000000000000010000000000000001100000000000000000000000000000000000000000000001000000000000000100000000000000000000000000000000000000000
0000000000000000000000000000000000000000001000000000000001000000000000000000000000000000100000000000000010000000000000000000000000000001000000000000001000000000000000100000000000000000000000000000010000000000000000000000000000000000000000000000000000000000
0000000000000000000000000000000000000000000000000000000001000000000000000000000000000000100000000000000110000000000000000000000000000000000000000000001100000000000000100000000000000010000000000000011000000000000001000000000000000000000000000000000000000000
0000000000000000000000000000000000000000000000000000000001000000000000000000000000000000100000000000000110000000000000010000000000000001100000000000000100000000000000100000000000000000000000000000000000000000000000000000000000000000000000000000000000000000
0000000000000000000000000000000000000000001000000000000001000000000000001000000000000000100000000000000100000000000000110000000000000001100000000000001000000000000000100000000000000000000000000000000000000000000001000000000000000000000000000000000000000000
0000000000000000000000000000000000000000000000000000000001000000000000001100000000000000000000000000000100000000000000010000000000000000000000000000001100000000000000100000000000000010000000000000011000000000000001000000000000000000000000000000000000000000
0000000000000000000000000000000000000000000000000000000000000000000000000100000000000000100000000000000010000000000000010000000000000001000000000000000000000000000000000000000000000010000000000000000000000000000000000000000000000000000000000000000000000000
0000000000000000000000000000000000000000000000000000000010100000000000001000000000000000000000000000000000000000000000001000000000000001000000000000001000000000000000100000000000000100000000000000000000000000000001000000000000000000000000000000000000000000
0000000000000000000000000000000000000000000000000000000001100000000000000100000000000000000000000000000100000000000000010000000000000000000000000000000000000000000000000000000000000010000000000000010000000000000000000000000000000000000000000000000000000000
0000000000000000000000000000000000000000000000000000000001000000000000000100000000000000000000000000000010000000000000000000000000000000000000000000001000000000000000100000000000000000000000000000000000000000000000000000000000000000000000000000000000000000
0000000000000000000000000000000000000000000000000000000001100000000000000100000000000000100000000000000010000000000000001000000000000011000000000000001000000000000000000000000000000110000000000000001000000000000000100000000000000000000000000000000000000000
0000000000000000000000000000000000000000001000000000000001000000000000000100000000000000000000000000000110000000000000000000000000000011000000000000001000000000000000100000000000000000000000000000000000000000000000000000000000000000000000000000000000000000
0000000000000000000000000000000000000000010000000000000001000000000000001000000000000000000000000000000000000000000000010000000000000001000000000000001000000000000000100000000000000110000000000000001000000000000000000000000000000000000000000000000000000000
0000000000000000000000000000000000000000000000000000000000000000000000000000000000000000000000000000000000000000000000011000000000000001000000000000001000000000000000000000000000000000000000000000001000000000000000000000000000000000000000000000000000000000
0000000000000000000000000000000000000000000000000000000000000000000000001000000000000000010000000000000100000000000000010000000000000011000000000000001100000000000001100000000000000010000000000000001000000000000000000000000000000000000000000000000000000000
0000000000000000000000000000000000000000010000000000000011000000000000001000000000000000000000000000000110000000000000011000000000000000000000000000001000000000000000100000000000000010000000000000000000000000000000000000000000000000000000000000000000000000
0000000000000000000000000000000000000000000000000000000010000000000000000100000000000000000000000000000000000000000000010000000000000001100000000000001000000000000000000000000000000010000000000000001000000000000000000000000000000000000000000000000000000000
0000000000000000000000000000000000000000000000000000000011000000000000001000000000000000000000000000000100000000000000010000000000000001000000000000000000000000000000000000000000000010000000000000000000000000000000000000000000000000000000000000000000000000
0000000000000000000000000000000000000000000000000000000010000000000000000000000000000000100000000000000110000000000000010000000000000000000000000000000000000000000000100000000000000110000000000000001000000000000000000000000000000000000000000000000000000000
0000000000000000000000000000000000000000011000000000000001000000000000000100000000000001000000000000000010000000000000010000000000000000000000000000000000000000000000010000000000000010000000000000001000000000000000100000000000000000000000000000000000000000
0000000000000000000000000000000000000000000000000000000000000000000000000000000000000000100000000000000010000000000000000000000000000010000000000000010100000000000000110000000000000010000000000000000000000000000000100000000000000000000000000000000000000000
0000000000000000000000000000000000000000000000000000000001000000000000001000000000000000000000000000000110000000000000010000000000000000000000000000001100000000000000000000000000000000000000000000000000000000000000100000000000000000000000000000000000000000
0000000000000000000000000000000000000000000000000000000001000000000000001000000000000000000000000000000110000000000000001000000000000000000000000000000100000000000000100000000000000100000000000000001000000000000000100000000000000000000000000000000000000000
0000000000000000000000000000000000000000001000000000000000000000000000001000000000000000100000000000000100000000000000011000000000000001100000000000000000000000000000100000000000000010000000000000001000000000000000000000000000000000000000000000000000000000
0000000000000000000000000000000000000000011000000000000000100000000000001000000000000000000000000000000110000000000000001000000000000011000000000000000000000000000001100000000000000010000000000000010000000000000000000000000000000000000000000000000000000000
0000000000000000000000000000000000000000000000000000000011000000000000000000000000000000000000000000000110000000000000001000000000000000000000000000000000000000000000100000000000000010000000000000001000000000000000000000000000000000000000000000000000000000
0000000000000000000000000000000000000000001000000000000001000000000000001000000000000001100000000000000110000000000000110000000000000001000000000000001000000000000000100000000000000110000000000000010000000000000000000000000000000000000000000000000000000000
0000000000000000000000000000000000000000000000000000000000100000000000000000000000000001100000000000000111000000000000000000000000000010000000000000000000000000000000100000000000000010000000000000000000000000000000000000000000000000000000000000000000000000
0000000000000000000000000000000000000000010000000000000001000000000000001000000000000000100000000000000110000000000000000000000000000010000000000000001000000000000000000000000000000000000000000000000000000000000000000000000000000000000000000000000000000000
0000000000000000000000000000000000000000000000000000000000000000000000001000000000000000000000000000000110000000000000010000000000000001000000000000001100000000000000100000000000000010000000000000000000000000000000000000000000000000000000000000000000000000
0000000000000000000000000000000000000000010000000000000001000000000000001000000000000000100000000000000010000000000000010000000000000001000000000000001000000000000000100000000000000000000000000000011000000000000001000000000000000000000000000000000000000000
0000000000000000000000000000000000000000000000000000000000000000000000001000000000000000110000000000000110000000000000100000000000000010000000000000001100000000000000100000000000000110000000000000001000000000000000100000000000000000000000000000000000000000
0000000000000000000000000000000000000000000100000000000001000000000000001000000000000000100000000000000100000000000000000000000000000000000000000000000010000000000000100000000000000010000000000000010000000000000000000000000000000000000000000000000000000000
0000000000000000000000000000000000000000000000000000000001000000000000001100000000000000000000000000000000000000000000010000000000000011000000000000001100000000000000000000000000000000000000000000001000000000000000000000000000000000000000000000000000000000
0000000000000000000000000000000000000000000000000000000010000000000000001100000000000000000000000000000100000000000000010000000000000001000000000000001000000000000000100000000000000010000000000000000000000000000000000000000000000000000000000000000000000000
0000000000000000000000000000000000000000010000000000000001000000000000000100000000000000100000000000000010000000000000001000000000000001000000000000001000000000000000100000000000000010000000000000000000000000000001100000000000000000000000000000000000000000
0000000000000000000000000000000000000000010000000000000001000000000000000100000000000001100000000000000000000000000000011000000000000001000000000000000100000000000000000000000000000010000000000000011000000000000000100000000000000000000000000000000000000000
0000000000000000000000000000000000000000000000000000000000000000000000001100000000000000100000000000000010000000000000011000000000000001000000000000000000000000000000100000000000000011000000000000011000000000000000000000000000000000000000000000000000000000
0000000000000000000000000000000000000000000000000000000001000000000000001100000000000000000000000000000110000000000000101000000000000001000000000000001000000000000001010000000000000100000000000000000000000000000000000000000000000000000000000000000000000000
0000000000000000000000000000000000000000000000000000000000100000000000000000000000000001010000000000000110000000000000010000000000000000000000000000000000000000000001100000000000000010000000000000001000000000000000100000000000000000000000000000000000000000
0000000000000000000000000000000000000000000000000000000001000000000000001000000000000000100000000000000110000000000000000000000000000000000000000000001010000000000000100000000000000010000000000000001000000000000000000000000000000000000000000000000000000000
0000000000000000000000000000000000000000001000000000000001000000000000000100000000000001000000000000000110000000000000011000000000000001000000000000000000000000000001110000000000000100000000000000000000000000000000000000000000000000000000000000000000000000
0000000000000000000000000000000000000000001000000000000001000000000000000100000000000000000000000000000100000000000000011000000000000001000000000000001000000000000000000000000000000000000000000000001000000000000000000000000000000000000000000000000000000000
0000000000000000000000000000000000000000111000000000000011000000000000001000000000000000100000000000000010000000000000000000000000000000000000000000000000000000000000000000000000000010000000000000000000000000000000000000000000000000000000000000000000000000
0000000000000000000000000000000000000000000000000000000001000000000000000100000000000001110000000000000000000000000000000000000000000010000000000000000100000000000001000000000000000010000000000000000000000000000000000000000000000000000000000000000000000000
0000000000000000000000000000000000000000000000000000000011000000000000000100000000000001100000000000000100000000000000011000000000000000000000000000000000000000000000100000000000000010000000000000000000000000000000000000000000000000000000000000000000000000
0000000000000000000000000000000000000000001000000000000001000000000000001000000000000001100000000000000111000000000000011000000000000000000000000000001100000000000000000000000000000110000000000000001000000000000000100000000000000000000000000000000000000000
0000000000000000000000000000000000000000000000000000000001000000000000000000000000000000000000000000000000000000000000100000000000000001000000000000000000000000000000100000000000000011000000000000001000000000000000000000000000000000000000000000000000000000
0000000000000000000000000000000000000000000000000000000001000000000000001000000000000000000000000000001010000000000000001000000000000011000000000000001100000000000001100000000000000100000000000000011000000000000000100000000000000000000000000000000000000000
0000000000000000000000000000000000000000000000000000000001000000000000000100000000000000000000000000000100000000000000000000000000000011000000000000000100000000000000100000000000000010000000000000011000000000000000000000000000000000000000000000000000000000
0000000000000000000000000000000000000000010000000000000011000000000000011100000000000000100000000000000010000000000000000000000000000001000000000000000100000000000000110000000000000100000000000000001000000000000000000000000000000000000000000000000000000000
0000000000000000000000000000000000000000000000000000000001100000000000001100000000000000100000000000000110000000000000110000000000000000000000000000000000000000000000000000000000000010000000000000000000000000000000000000000000000000000000000000000000000000
0000000000000000000000000000000000000000010000000000000010000000000000001000000000000000100000000000000010000000000000000000000000000011000000000000001100000000000000000000000000000010000000000000000000000000000000000000000000000000000000000000000000000000
0000000000000000000000000000000000000000010000000000000000000000000000001000000000000000110000000000000110000000000000011000000000000001000000000000001000000000000000110000000000000100000000000000000000000000000000100000000000000000000000000000000000000000
0000000000000000000000000000000000000000010000000000000001000000000000000100000000000000100000000000000000000000000000011000000000000001000000000000000000000000000000000000000000000000000000000000001000000000000000100000000000000000000000000000000000000000
0000000000000000000000000000000000000000001000000000000001000000000000001100000000000000100000000000000010000000000000001000000000000001000000000000001000000000000000100000000000000010000000000000001000000000000001000000000000000000000000000000000000000000
0000000000000000000000000000000000000000000000000000000000000000000000000000000000000000000000000000000110000000000000010000000000000001000000000000001000000000000000000000000000000010000000000000001000000000000000000000000000000000000000000000000000000000
0000000000000000000000000000000000000000000000000000000001000000000000001100000000000000000000000000000011000000000000010000000000000001000000000000001000000000000000000000000000000000000000000000000000000000000000000000000000000000000000000000000000000000
0000000000000000000000000000000000000000000000000000000001000000000000000000000000000000100000000000000000000000000000010000000000000001000000000000001000000000000001110000000000000010000000000000001000000000000001000000000000000000000000000000000000000000
0000000000000000000000000000000000000000010000000000000001000000000000001000000000000000000000000000000110000000000000010000000000000000000000000000000100000000000000100000000000000010000000000000010000000000000000000000000000000000000000000000000000000000
0000000000000000000000000000000000000000000000000000000001000000000000001100000000000000100000000000000000000000000000000000000000000000000000000000001100000000000000100000000000000011000000000000010000000000000000100000000000000000000000000000000000000000
0000000000000000000000000000000000000000001000000000000000000000000000001100000000000000100000000000000100000000000000011000000000000010000000000000000000000000000000100000000000000010000000000000011000000000000000000000000000000000000000000000000000000000
0000000000000000000000000000000000000000011000000000000000100000000000000000000000000000100000000000000110000000000000001000000000000000000000000000001000000000000000100000000000000010000000000000000000000000000001000000000000000000000000000000000000000000
0000000000000000000000000000000000000000010000000000000001000000000000000000000000000000000000000000000100000000000000010000000000000010000000000000000000000000000000100000000000000010000000000000011000000000000000000000000000000000000000000000000000000000
0000000000000000000000000000000000000000010000000000000001100000000000001100000000000000100000000000000110000000000000000000000000000010000000000000000100000000000000110000000000000000000000000000000000000000000000100000000000000000000000000000000000000000
0000000000000000000000000000000000000000000000000000000000000000000000000100000000000000100000000000000110000000000000011000000000000000000000000000000100000000000000010000000000000010000000000000011000000000000000000000000000000000000000000000000000000000
0000000000000000000000000000000000000000000000000000000011000000000000000000000000000001000000000000000000000000000000001000000000000001000000000000001100000000000000110000000000000110000000000000001000000000000000000000000000000000000000000000000000000000
0000000000000000000000000000000000000000010000000000000010000000000000000000000000000000100000000000000100000000000000001000000000000010000000000000001000000000000000000000000000000110000000000000010000000000000001100000000000000000000000000000000000000000
0000000000000000000000000000000000000000010000000000000001000000000000001000000000000000100000000000000100000000000000010000000000000011000000000000010000000000000000100000000000000010000000000000001000000000000000100000000000000000000000000000000000000000
0000000000000000000000000000000000000000010000000000000000000000000000001100000000000000000000000000000000000000000000011000000000000001000000000000000000000000000001110000000000000011000000000000000000000000000000100000000000000000000000000000000000000000
0000000000000000000000000000000000000000000000000000000001000000000000000000000000000001110000000000000000000000000000011000000000000000000000000000001100000000000000100000000000000010000000000000000000000000000000100000000000000000000000000000000000000000
0000000000000000000000000000000000000000000000000000000000000000000000000000000000000000000000000000000110000000000000010000000000000000100000000000000000000000000000100000000000000010000000000000000000000000000000000000000000000000000000000000000000000000
0000000000000000000000000000000000000000001000000000000000000000000000001100000000000000100000000000000000000000000000011000000000000011000000000000001010000000000000100000000000000010000000000000000000000000000001000000000000000000000000000000000000000000
0000000000000000000000000000000000000000010000000000000001000000000000001000000000000000100000000000000110000000000000100000000000000000000000000000001100000000000000000000000000000010000000000000001000000000000000000000000000000000000000000000000000000000
0000000000000000000000000000000000000000011000000000000000100000000000000100000000000000100000000000000100000000000000010000000000000001000000000000001100000000000000000000000000000000000000000000001000000000000001000000000000000000000000000000000000000000
0000000000000000000000000000000000000000000000000000000000000000000000000100000000000000100000000000000000000000000000000000000000000000000000000000001100000000000000000000000000000110000000000000000000000000000000100000000000000000000000000000000000000000
0000000000000000000000000000000000000000000000000000000000000000000000000100000000000000010000000000000110000000000000010000000000000001000000000000000000000000000000100000000000000010000000000000011000000000000000100000000000000000000000000000000000000000
0000000000000000000000000000000000000000000000000000000000000000000000001100000000000000100000000000000010000000000000000000000000000000000000000000001000000000000000100000000000000110000000000000001000000000000000000000000000000000000000000000000000000000
0000000000000000000000000000000000000000001000000000000001000000000000001000000000000000100000000000000000000000000000110000000000000000000000000000000000000000000000000000000000000000000000000000000000000000000000000000000000000000000000000000000000000000
0000000000000000000000000000000000000000001000000000000000000000000000001100000000000000100000000000000110000000000000010000000000000001000000000000000000000000000000100000000000000000000000000000011000000000000000000000000000000000000000000000000000000000
0000000000000000000000000000000000000000000000000000000001000000000000001100000000000000000000000000000000000000000000011000000000000000000000000000000100000000000000100000000000000110000000000000000000000000000000000000000000000000000000000000000000000000
0000000000000000000000000000000000000000011000000000000001000000000000000000000000000000100000000000000000000000000000000000000000000011000000000000001010000000000000000000000000000000000000000000001000000000000000100000000000000000000000000000000000000000
0000000000000000000000000000000000000000010000000000000001100000000000001100000000000000100000000000000110000000000000000000000000000001000000000000001100000000000000000000000000000010000000000000001000000000000000100000000000000000000000000000000000000000
0000000000000000000000000000000000000000011000000000000000000000000000001100000000000001000000000000000110000000000000010000000000000011100000000000001000000000000000100000000000000110000000000000000000000000000000100000000000000000000000000000000000000000
0000000000000000000000000000000000000000000000000000000011000000000000001000000000000000000000000000000010000000000000010000000000000001000000000000001100000000000001100000000000000000000000000000000000000000000000000000000000000000000000000000000000000000
0000000000000000000000000000000000000000010000000000000000000000000000001100000000000000110000000000000100000000000000000000000000000001000000000000001000000000000000100000000000000000000000000000000000000000000000100000000000000000000000000000000000000000
0000000000000000000000000000000000000000000000000000000011000000000000001100000000000000110000000000000100000000000000010000000000000000000000000000001100000000000000100000000000000010000000000000010000000000000001000000000000000000000000000000000000000000
0000000000000000000000000000000000000000000000000000000001000000000000000000000000000000100000000000000010000000000000010000000000000010100000000000001100000000000000110000000000000010000000000000000000000000000000000000000000000000000000000000000000000000
0000000000000000000000000000000000000000010000000000000001000000000000010000000000000000100000000000000000000000000000010000000000000001000000000000000100000000000000000000000000000010000000000000000000000000000000000000000000000000000000000000000000000000
0000000000000000000000000000000000000000011000000000000001000000000000001100000000000000000000000000000010000000000000010000000000000001000000000000000100000000000000110000000000000010000000000000001000000000000000100000000000000000000000000000000000000000
0000000000000000000000000000000000000000000000000000000001000000000000001000000000000000110000000000000100000000000000011000000000000011000000000000001000000000000000100000000000000110000000000000000000000000000000100000000000000000000000000000000000000000
0000000000000000000000000000000000000000010000000000000000000000000000000000000000000000100000000000000000000000000000110000000000000010000000000000001000000000000000100000000000000100000000000000010000000000000000000000000000000000000000000000000000000000
0000000000000000000000000000000000000000001000000000000001000000000000000100000000000000100000000000000100000000000000010000000000000001000000000000000100000000000000100000000000000110000000000000010000000000000000000000000000000000000000000000000000000000
0000000000000000000000000000000000000000001000000000000000000000000000000100000000000001100000000000000011000000000000000000000000000001100000000000001100000000000000000000000000000000000000000000010000000000000000000000000000000000000000000000000000000000
0000000000000000000000000000000000000000000000000000000000000000000000000000000000000000110000000000000010000000000000010000000000000001000000000000000000000000000000110000000000000010000000000000000000000000000000000000000000000000000000000000000000000000
0000000000000000000000000000000000000000000000000000000001000000000000000000000000000000000000000000000110000000000000001000000000000001000000000000001000000000000000100000000000000010000000000000000000000000000000000000000000000000000000000000000000000000
0000000000000000000000000000000000000000000000000000000000000000000000000000000000000000000000000000000110000000000000001000000000000000000000000000001100000000000000100000000000000010000000000000001000000000000000100000000000000000000000000000000000000000
0000000000000000000000000000000000000000000000000000000000000000000000000000000000000000000000000000000000000000000000000000000000000000000000000000000000000000000000000000000000000000000000000000000000000000000000000000000000000000000000000000000000000000
0000000000000000000000000000000000000000000000000000000000000000000000000000000000000000000000000000000000000000000000000000000000000000000000000000000000000000000000000000000000000000000000000000000000000000000000000000000000000000000000000000000000000000
0000000000000000000000000000000000000000000000000000000000000000000000000000000000000000000000000000000000000000000000000000000000000000000000000000000000000000000000000000000000000000000000000000000000000000000000000000000000000000000000000000000000000000
0000000000000000000000000000000000000000000000000000000000000000000000000000000000000000000000000000000000000000000000000000000000000000000000000000000000000000000000000000000000000000000000000000000000000000000000000000000000000000000000000000000000000000
0000000000000000000000000000000000000000000000000000000000000000000000000000000000000000000000000000000000000000000000000000000000000000000000000000000000000000000000000000000000000000000000000000000000000000000000000000000000000000000000000000000000000000
0000000000000000000000000000000000000000000000000000000000000000000000000000000000000000000000000000000000000000000000000000000000000000000000000000000000000000000000000000000000000000000000000000000000000000000000000000000000000000000000000000000000000000
0000000000000000000000000000000000000000000000000000000000000000000000000000000000000000000000000000000000000000000000000000000000000000000000000000000000000000000000000000000000000000000000000000000000000000000000000000000000000000000000000000000000000000
0000000000000000000000000000000000000000000000000000000000000000000000000000000000000000000000000000000000000000000000000000000000000000000000000000000000000000000000000000000000000000000000000000000000000000000000000000000000000000000000000000000000000000
0000000000000000000000000000000000000000000000000000000000000000000000000000000000000000000000000000000000000000000000000000000000000000000000000000000000000000000000000000000000000000000000000000000000000000000000000000000000000000000000000000000000000000
0000000000000000000000000000000000000000000000000000000000000000000000000000000000000000000000000000000000000000000000000000000000000000000000000000000000000000000000000000000000000000000000000000000000000000000000000000000000000000000000000000000000000000
0000000000000000000000000000000000000001101000000000010001100000000101010010000000010000001100000001000000110000000010100110000000001111111100000001110000100000000111000010000000011100001100000000100110000000000000000000000000000000000000000000000000000000
0000000000000000000000000000000000000001110000000001111101100000001110000011000000011000001100000001100001110000000011000111000000001100111000000000101001100000000011000010000000011100011000000000010110000000000001110000000000000000000000000000000000000000
0000000000000000000000000000000000000000110000000000001100100000000111000011100000111000000100000001100001100000000110000010000000101100111000000001100001100000001110100111000000011100000000000000001111000000000000000000000000000000000000000000000000000000
0000000000000000000000000000000000000101111000000000111011010000000111000011000000110000001100000011100000110000001011001110000000000101110100000000110001100000000111000010000000011010011000000000111111000000000001110000000000000000000000000000000000000000
0000000000000000000000000000000000000000000000000000101000000000000111000011000000010000000000000001000000000000000010011110000000000111111000000001110001110000001111000011000000001100010100000000000000100000000000111000000000000000000000000000000000000000
0000000000000000000000000000000000000010010000000000001001100000000010000000000000010000001100000001000000111000000111100110000000001111111000000001010000100000000110000010000000001100011000000000110011100000000010010000000000000000000000000000000000000000
0000000000000000000000000000000000000001110000000000001100100000000000000010100000011000000110000001100010110000000110010100000000000111111000000000000001110000000110000110100000001100010000000000110011000000000000000000000000000000000000000000000000000000
0000000000000000000000000000000000000000011000000000110110000000000110000011000000011000001110000001110000110000000111010110000000000101110000000000110001110000000010000010000000001110111000000000100100000000000011100000000000000000000000000000000000000000
0000000000000000000000000000000000000001110000000000110001100000000000000010000000011000000110000001100000110000000111000101000000001100111000000000110011100000000011000010000000001110110000000000110111000000000000100000000000000000000000000000000000000000
0000000000000000000000000000000000000001010000000000010111100000000010000001000000011000001100000000100000110000000011101110000000000110011100000000010000110000000111000010000000011100011000000000100111000000000001101000000000000000000000000000000000000000
0000000000000000000000000000000000000010101000000000001000100000000010000010000000010000001100000001000000100000000011011110000000001110111000000000111001110000000110000011000000011100001000000000110011000000000001110000000000000000000000000000000000000000
0000000000000000000000000000000000000010111000000000100001110000000010100110000000010000000100000001100001010000000110111101000000000111011000000000110100110000000111000011000000011100111000000000110110000000000001101000000000000000000000000000000000000000
0000000000000000000000000000000000000011100000000001100101110000000110000011000000011000000110000001000000110000000111010100000000001011110000000000010001110000000111000011000000011100011000000000110111100000000001110000000000000000000000000000000000000000
0000000000000000000000000000000000000011110000000000011011000000000010000011000000011000001110000000000010111000000010100110000000000101111000000001101001100000000110000010000000001100011000000000110010000000000001100000000000000000000000000000000000000000
0000000000000000000000000000000000000001011000000000101101000000000101000011000000111000001110000001100000110000000110101110000000010111111000000001100001100000000101000010000000001100001000000001111110000000000000010000000000000000000000000000000000000000
0000000000000000000000000000000000000001110000000000011101100000000110000011000000011000001110000000100000100000000111001110000000000101111000000000010000110000000111000011000000001100010000000000100011000000000000100000000000000000000000000000000000000000
0000000000000000000000000000000000000000010000000000011111010000000010000111000000010000001100000001000000110000000011010010000000000111110000000000110001100000000010000010000000000110110100000000110111100000000000010100000000000000000000000000000000000000
0000000000000000000000000000000000000011100000000000011100100000000110100100000000111000001100000000000000110000000010000110000000011111111000000000100000110000000010000110000000011100001000000000110001000000000001000000000000000000000000000000000000000000
0000000000000000000000000000000000000011010000000000011010100000000010000111000000010000000100000001000001010000000110110111000000000111111000000000110000100000000111000010000000001100001000000000111100000000000000110000000000000000000000000000000000000000
0000000000000000000000000000000000000100010000000000011111110000000111000111000000010000001110000001000000110000000111100000000000000110111000000001100100110000000110000110000000011000011000000000111111100000000001111000000000000000000000000000000000000000
0000000000000000000000000000000000000001001000000000000101000000000010000111100000011000001100000011100000110000000110011110000000001101111100000001110010110000000110000010000000001001000000000000101101100000000001000000000000000000000000000000000000000000
0000000000000000000000000000000000000000110000000000111011100000000010000011000000011000000010000011000000100000000110101111000000001001111100000001110001100000000111000111000000011000001000000000100000000000000011100000000000000000000000000000000000000000
0000000000000000000000000000000000000010100000000000010010110000000110000000000000011000001100000001100000100000000100001110000000001110111000000000110000110000000011000011000000011100011000000000011010100000000001110000000000000000000000000000000000000000
0000000000000000000000000000000000000000110000000000011010100000001010110011100000111000001110000011000000100000000110100110000000000111110100000000100001110000000111000111000000001100011000000000101011100000000001011000000000000000000000000000000000000000
0000000000000000000000000000000000000000100000000001010110100000000110000011000000011000001110000001100001110000000111100111000000001111011000000001101000110000000110000011000000001100010000000000011110000000000000100000000000000000000000000000000000000000
0000000000000000000000000000000000000011100000000000000101100000000110000011000000010000000100000001100000111000000110010010000000001110111100000000110101100000000110000110000000011100010100000000111101000000000000101000000000000000000000000000000000000000
0000000000000000000000000000000000000101111000000001010110110000000110100000000000011000000100000001000000110000000000111110000000001111011100000001111001100000000110000010000000011100011100000001110011100000000000100000000000000000000000000000000000000000
0000000000000000000000000000000000000001010000000000111101110000000110000010000000010000000100000001100001111000000000110110000000011110111100000001100000100000000111000111000000001100011000000000110111100000000001011000000000000000000000000000000000000000
0000000000000000000000000000000000000000110000000000110011100000000110000010000000011000001100000011000001110000000011001110000000001110111100000001100001100000000110000110000000010100011100000000010011000000000000100100000000000000000000000000000000000000
0000000000000000000000000000000000000000000100000000011001100000000101000111000000111000001110000000000000110000000110100101000000001011111100000001100000110000000111100001000000011100000100000000101111100000000001000000000000000000000000000000000000000000
0000000000000000000000000000000000000001001000000000011001000000000111000011000000010000001100000000000000110000000110010011000000001110011000000001110001110000000110000010000000001100000000000000110011000000000001000000000000000000000000000000000000000000
0000000000000000000000000000000000000011100000000000101011100000000011000011100000011000001110000001100000010000001101001111000000000101111000000000110000110000000110000010000000011100011000000000110011000000000000100000000000000000000000000000000000000000
0000000000000000000000000000000000000000110000000001011111110000000110000101000000111000001100000001000001110000000100110110000000001110111100000001111010110000000110000011000000011100111000000000010011000000000000000000000000000000000000000000000000000000
0000000000000000000000000000000000000001111000000000010111100000000101000111000000011000001100000001000000110000000110001110000000001110101000000001100000111000000110000010000000001100111100000000111011100000000001010000000000000000000000000000000000000000
0000000000000000000000000000000000000011000000000000000110100000000101000111000000010000001100000001000000100000000010001101000000011111111000000001010000110000000011000010000000001100111000000000111001000000000001001000000000000000000000000000000000000000
0000000000000000000000000000000000000001111000000001010001100000000110000011000000011000001110000011100001110000000011100111000000001011011100000000100000110000000010000011000000011001011100000000010001000000000000111000000000000000000000000000000000000000
0000000000000000000000000000000000000000010000000000110011100000000101000011000000110000011100000001100000100000000101000110100000000110011000000000100001110000000111000110000000010110001100000000110011100000000000010000000000000000000000000000000000000000
0000000000000000000000000000000000000000110000000000111011100000000110100011000000010000000110000000000001100000000110000100000000001111111100000000100000100000000110000011100000011100010000000001001001100000000000110000000000000000000000000000000000000000
0000000000000000000000000000000000000000110000000000111001100000000010000011100000011000001110000011100001111000000101000110000000001011011000000000110000110000000110000011000000001100111000000000110011000000000011110000000000000000000000000000000000000000
0000000000000000000000000000000000000001010000000000011110100000000111110011000000011000001100000001000000100000000111001110000000001110011000000000100000110000001110000011000000001100000000000000110111000000000001111000000000000000000000000000000000000000
0000000000000000000000000000000000000000111000000001011111100000000010000011000000110000001010000001000001000000000111000011000000001111111000000000110001100000000111000011000000001100001000000000110001000000000001101000000000000000000000000000000000000000
0000000000000000000000000000000000000011010000000000011111100000000101100111000000011000000100000001100000110000000110001111000000000110111000000000100000110000000110000011000000001101111100000001000010000000000000011000000000000000000000000000000000000000
0000000000000000000000000000000000000001110000000000101011100000000011000010000000011000000100000001100001110000000010001110000000001010111000000000110000110000000011000011000000011000011000000000110101000000000000110000000000000000000000000000000000000000
0000000000000000000000000000000000000010110000000000111111100000001110000011000000010000010100000011100000010000000001110110000000001111110000000000000100100000000111000011000000000100001000000000111011110000000001001000000000000000000000000000000000000000
0000000000000000000000000000000000000011010000000000110011110000000110100011000000011000011110000001000000110000000011101010000000000111011000000000000000100000000110000100000000011100001000000001111011100000000010100000000000000000000000000000000000000000
0000000000000000000000000000000000000000111000000000101101100000000010000011000000111000010100000001100000110000000100000010000000001110111000000001000000110000000010000011000000001100011000000001101110000000000010101000000000000000000000000000000000000000
0000000000000000000000000000000000000011100000000001011111100000000110000011000000100000001110000001100000110000000111000111000000001111111000000001010001110000000110000100000000001100001100000000110111000000000011110000000000000000000000000000000000000000
0000000000000000000000000000000000000011110000000000111001000000000110000011000000010000001110000010100000100000000110001101000000001111111000000010110010100000000110000111000000001100001000000000110011100000000000111000000000000000000000000000000000000000
0000000000000000000000000000000000000000111000000001001101110000000000000010000000111000000110000001100000110000000100000110000000001111111000000000110000110000000110000011000000011100010000000001110110000000000001010000000000000000000000000000000000000000
0000000000000000000000000000000000000001010000000001110101100000000111000011100000111000001100000011000001100000000010001110000000001101111000000000100001110000000010000010000000011101001000000000100010000000000000001000000000000000000000000000000000000000
0000000000000000000000000000000000000011101000000000100000110000000110000010000000011000001110000000000000111000000101100110000000001111111000000001000001100000000111000011000000001110001000000000111011100000000001011100000000000000000000000000000000000000
0000000000000000000000000000000000000000110000000000111101100000000010000011000000010000001100000001000001110000000000001110000000001100111100000001010101110000000110000011000000001100101000000001010111000000000001110000000000000000000000000000000000000000
0000000000000000000000000000000000000000101000000000111010110000000111000011000000010000001100000001100000110000000011010110000000010101111000000001111001110000000110100111000000011100001000000001110011000000000001001000000000000000000000000000000000000000
0000000000000000000000000000000000000001100000000000011101100000001010000011000000111000001110000001100001110000000010100111000000001111011000000000100001100000001110000010000000011100111000000000100111000000000001000000000000000000000000000000000000000000
0000000000000000000000000000000000000100101000000000111110100000000111000011000000110000000000000000100000100000000111001100000000001111111000000001000000110000000010000010000000011001001000000000100111010000000000101000000000000000000000000000000000000000
0000000000000000000000000000000000000000100000000000010011100000000110000010000000011000000100000001000001110000000110010110000000000111111000000000110101111000000010000010000000011000011000000000001011000000000010110000000000000000000000000000000000000000
0000000000000000000000000000000000000010111000000000110110110000000111000010000000010000001110000011100001100000000111010110000000001111101000000001110000100000000111000010100000001100011100000001111110000000000000001000000000000000000000000000000000000000
0000000000000000000000000000000000000011110000000000011111100000000110000011000000011000001100000001100000110000000110111110000000000111111000000000110011100000000110000010000000011100111100000000110100000000000001101100000000000000000000000000000000000000
0000000000000000000000000000000000000000100000000000110011110000000010000011000000001000001100000001100000110000000100000111000000000100111000000001110000110000000111000110000000011100011100000000110000000000000000100000000000000000000000000000000000000000
0000000000000000000000000000000000000000110000000000101000100000001010000011000000011000011110000011000000010000000010011111000000001110111100000000101000110000000010000111000000001010011100000001111111000000000001111000000000000000000000000000000000000000
0000000000000000000000000000000000000010000000000000110111010000000111100011000000010000001100000001100000110000000110101100000000000111110000000000000000110000000110000110000000001100101000000000101001000000000001101000000000000000000000000000000000000000
0000000000000000000000000000000000000011001000000000110110100000000010000001000000010000011100000000000000010000000111011110000000001110011000000001010001100000000111000010000000001101011000000000110011100000000000101000000000000000000000000000000000000000
0000000000000000000000000000000000000011010100000000011101100000000101000010100000111000000000000000000000110000000010001110000000001110101100000000100000100000001110000010000000111100101000000000111101100000000001011100000000000000000000000000000000000000
0000000000000000000000000000000000000001100000000000101111101000000011000011000000010000000100000011000000000000000110001110000000001111111000000001110010110000000100000011000000001100011100000000010010000000000000101000000000000000000000000000000000000000
0000000000000000000000000000000000000111010000000000101111100000000111000111000000011000000100000001100000100000000111110110000000000110111000000001110000100000000111000111000000001110010100000000110111000000000000110000000000000000000000000000000000000000
0000000000000000000000000000000000000000110000000000001101000000000011000011000000011000001100000011000001110000000110101010000000000111111000000000100000100000000011000010000000000100000000000000100011000000000001110000000000000000000000000000000000000000
0000000000000000000000000000000000000001110000000000011001100000000101000011000000010000000110000001000001110000000011101010000000001111110000000000100000110000000100000010000000001100001100000000110010100000000001110000000000000000000000000000000000000000
0000000000000000000000000000000000000011000000000001101101100000000110100011000000011000001100000001100011110000000101011110000000000110011000000001000001100000000111000011000000001101001100000000010101000000000010111000000000000000000000000000000000000000
0000000000000000000000000000000000000011010000000000101111100000000010100110000000011000001100000001000001110000000011010110000000000100111000000001110001110000000110000010000000011100011000000000010111000000000101001000000000000000000000000000000000000000
0000000000000000000000000000000000000001100000000000011111110000000111100011000000111000001100000011000001010000000011001110000000000101001000000000101000100000000110000110000000011100101000000001110011100000000000100000000000000000000000000000000000000000
0000000000000000000000000000000000000001111000000000000001000000000111000011000000011000001110000001100000110000000010001110000000000111110100000000110000110000000110100011000000001100011000000000010111000000000000000100000000000000000000000000000000000000
0000000000000000000000000000000000000011110000000000011101010000000010000101000000011000000110000001100000110000000100101010000000001111111000000000111000110000000010000010100000011100010000000000110011100000000001110000000000000000000000000000000000000000
0000000000000000000000000000000000000011010000000000111101110000000000000111100000111000001100000001100001011000000010000010000000001000111000000000110010110000000111000010000000011000011100000001010010000000000001000000000000000000000000000000000000000000
0000000000000000000000000000000000000111111000000001011111100000000010000111000000101000000110000001000000000000000101000010000000001101101000000011100000010000000110000010000000010100000100000000111101100000000001100100000000000000000000000000000000000000
0000000000000000000000000000000000000001100000000000011101000000000010000011000000010000010110000001000000110000000110110111000000001111110000000000100000110000000110000011000000011100011000000000010111100000000001100000000000000000000000000000000000000000
0000000000000000000000000000000000000010110000000000111101000000000000000000100000010000001100000001000000110000000111001111000000001010111000000000110000110000000111000011000000001100011000000000111011000000000000101000000000000000000000000000000000000000
0000000000000000000000000000000000000000111000000000011111100000000011000111000000011000000000000001000000010000000010101010000000000111111000000000100001110000000110000111000000001100001000000000110011000000000001010000000000000000000000000000000000000000
0000000000000000000000000000000000000000010000000001110101000000000010000111100000011000000000000001100000110000000100110110000000000111111100000011110001110000000111000011000000001100001000000000100011000000000000100000000000000000000000000000000000000000
0000000000000000000000000000000000000011011000000000111100100000000111000010000000100000001100000001000000100000000010101111000000001111011000000001110000110000000011000111000000001100011000000000011111000000000001111000000000000000000000000000000000000000
0000000000000000000000000000000000000011101000000001101001100000000111000011000000011000000100000001000000110000000001011110000000001110110000000011010001110000000110000101000000001100011100000000110011000000000000110000000000000000000000000000000000000000
0000000000000000000000000000000000000010010000000000010001110000000110000111000000001000001100000011000000110000000100010111000000011111111000000001100001110000000110000110000000001100011100000000011011100000000000110000000000000000000000000000000000000000
0000000000000000000000000000000000000101110100000000101101100000000110000111000000011000001100000000100000110000000110111111000000001101000000000000000000100000000110000011000000010000011000000000000001100000000001001000000000000000000000000000000000000000
0000000000000000000000000000000000000011110000000001011101110000000110000010000000010000001100000001100000000000000010110110000000001010011000000000100010110000000111000010000000011100000000000000000011000000000001111000000000000000000000000000000000000000
0000000000000000000000000000000000000000111000000000001111100000000111000011100000011000001110000000100000110000000011000110000000001111111000000000100010100000000110000001000000001100011000000000110111100000000010110000000000000000000000000000000000000000
0000000000000000000000000000000000000101100000000000000001100000000110000011000000011000001100000001000000111000001100011011000000000111111000000001100001100000000011000110000000001000111000000000110011100000000000110000000000000000000000000000000000000000
0000000000000000000000000000000000000011100000000000011011110000000110000111000000011000000100000000100000110000000100010110000000100110111000000000110001100000000010000010000000011110011000000001010110000000000000000000000000000000000000000000000000000000
0000000000000000000000000000000000000011100000000000001101000000000111000010000000011000001100000001100000101000001110101100000000010111111000000001110011100000000111000011000000011100011000000000111111000000000000001000000000000000000000000000000000000000
0000000000000000000000000000000000000011110000000001011010110000000110000110000000010000011110000011000001110000000010011110000000001101111000000000110000100000000010000010000000011101011000000000110110000000000001010000000000000000000000000000000000000000
0000000000000000000000000000000000000001010000000000111001110000000011000111000000011000001000000001110000110000000111010110000000001111111000000000010001110000001111000011000000011100101000000000110001000000000000000000000000000000000000000000000000000000
0000000000000000000000000000000000000011110000000000010011100000000110000011000000011000001100000001000000110000000010011110000000001111101000000001100001110000000110000110000000011100010100000000110111100000000010000000000000000000000000000000000000000000
0000000000000000000000000000000000000011100000000000001101100000000010000011000000010000001100000011100000101000000111001111000000001110111000000001111010100000000111100011000000010100011000000000110111100000000001010000000000000000000000000000000000000000
0000000000000000000000000000000000000010111000000000010111110000000110000010000000011000001100000011000000111000000010101111000000000110011000000001111001110000000000000111000000000100011000000000011001000000000001101000000000000000000000000000000000000000
0000000000000000000000000000000000000010010000000000100101110000000110000010000000111000001100000000000001101000000010011111000000001101110000000001111001110000000110000010000000011100111000000001101110100000000000000000000000000000000000000000000000000000
0000000000000000000000000000000000000011110000000000100001110000000111000011000000110000000000000001100001110000000110111111000000001111111000000001100001110000000110000011000000011100001000000000110011100000000011010000000000000000000000000000000000000000
0000000000000000000000000000000000000001010000000000110001110000000110000011000000011000001100000000100000010000000001001110000000000010011100000001110110110000000111000101000000011100111100000000111111000000000001100000000000000000000000000000000000000000
0000000000000000000000000000000000000010110000000000111110110000000011000001000000011000001100000001100000100000000011100110000000000111111100000001110001100000000111000110000000001100011000000000110111000000000000111000000000000000000000000000000000000000
0000000000000000000000000000000000000100000000000000111101010000000000001111000000110000001100000001100000110000000111011101000000000111111000000000010001100000001110000011000000011100101000000001111111100000000001010000000000000000000000000000000000000000
0000000000000000000000000000000000000010000000000000011011010000000110000011000000110000001100000011100000110000000010110100100000001100111000000001100001100000000011000011000000011100011100000000111101000000000001011000000000000000000000000000000000000000
0000000000000000000000000000000000000011111000000001011101100000000110000111000000000000001100000000000000011000000000000110000000000111111000000000110000100000000110000010000000001101011000000000100011000000000001010000000000000000000000000000000000000000
0000000000000000000000000000000000000011100000000000011111000000000100000011000000110000011100000001100001100000000011111110000000001110111000000001110000110000000110000011000000001100011000000000010111000000000010001000000000000000000000000000000000000000
0000000000000000000000000000000000000000000000000000000000000000000000000000000000000000000000000000000000000000000000000000000000000000000000000000000000000000000000000000000000000000000000000000000000000000000000000000000000000000000000000000000000000000
0000000000000000000000000000000000000000000000000000000000000000000000000000000000000000000000000000000000000000000000000000000000000000000000000000000000000000000000000000000000000000000000000000000000000000000000000000000000000000000000000000000000000000
0000000000000000000000000000000000000000000000000000000000000000000000000000000000000000000000000000000000000000000000000000000000000000000000000000000000000000000000000000000000000000000000000000000000000000000000000000000000000000000000000000000000000000
0000000000000000000000000000000000000000000000000000000000000000000000000000000000000000000000000000000000000000000000000000000000000000000000000000000000000000000000000000000000000000000000000000000000000000000000000000000000000000000000000000000000000000
0000000000000000000000000000000000000000000000000000000000000000000000000000000000000000000000000000000000000000000000000000000000000000000000000000000000000000000000000000000000000000000000000000000000000000000000000000000000000000000000000000000000000000
0000000000000000000000000000000000000000000000000000000000000000000000000000000000000000000000000000000000000000000000000000000000000000000000000000000000000000000000000000000000000000000000000000000000000000000000000000000000000000000000000000000000000000
0000000000000000000000000000000000000000000000000000000000000000000000000000000000000000000000000000000000000000000000000000000000000000000000000000000000000000000000000000000000000000000000000000000000000000000000000000000000000000000000000000000000000000
0000000000000000000000000000000000000000000000000000000000000000000000000000000000000000000000000000000000000000000000000000000000000000000000000000000000000000000000000000000000000000000000000000000000000000000000000000000000000000000000000000000000000000
0000000000000000000000000000000000000000000000000000000000000000000000000000000000000000000000000000000000000000000000000000000000000000000000000000000000000000000000000000000000000000000000000000000000000000000000000000000000000000000000000000000000000000
0000000000000000000000000000000000000000000000000000000000000000000000000000000000000000000000000000000000000000000000000000000000000000000000000000000000000000000000000000000000000000000000000000000000000000000000000000000000000000000000000000000000000000
0000000000000000000000000000000000000000101000000000001111110000000000111111000000001110101110000000110000110000001111000111100000011100011000000011100011100000000111111100000000001111110000000000011100000000000000010000000000000000000000000000000000000000
0000000000000000000000000000000000000000011100000000110111110000000010111101100000001110100100000001110001110000000111001111000000011100111100000001100111100000000110111100000000001111100000000000111110000000000000100000000000000000000000000000000000000000
0000000000000000000000000000000000000000011100000000000111110000000000111111100000011111000100000001111000110000000111000011000000111000111100000011100011100000000011111110000000001111100000000000011101000000000000011000000000000000000000000000000000000000
0000000000000000000000000000000000000001011100000000000111110000000010101101100000001111101110000001111000111000000111000111000000001100011100000011100111010000000011111110000000001111101000000000011101000000000000100000000000000000000000000000000000000000
0000000000000000000000000000000000000000011000000000000011110000000001111111000000001111101100000000111000111000000110000010100000011000010100000001101011100000000111111110000000001111110000000000001111000000000000111000000000000000000000000000000000000000
0000000000000000000000000000000000000000000000000000000111110000000011111111000000001111001100000000101000111000000100000111100000111100011100000011110011100000000111111000000000001111110000000000011110000000000000101000000000000000000000000000000000000000
0000000000000000000000000000000000000001101100000000000111110000000000111011000000011111001110000000110000110000000111001111100000011000111100000001110011100000001111011110000000001111111000000000001110000000000000111000000000000000000000000000000000000000
0000000000000000000000000000000000000001110000000000000111100000000011111111000000011111100100000001110000111000001111000011000000111000111000000001000011110000000011111110000000011111110000000000011110000000000000011000000000000000000000000000000000000000
0000000000000000000000000000000000000000001000000000000111110000000000111011000000001111000100000001111000110000000111000111000000011100111000000011100111100000000111111110000000001111110000000000001110000000000000111000000000000000000000000000000000000000
0000000000000000000000000000000000000001000100000000011111110000000010111111100000001111101110000001110000110000001111000111000000011000111000000011100111100000000110011110000000011111100000000000011110000000000001110000000000000000000000000000000000000000
0000000000000000000000000000000000000000001110000000000111110000000010111111100000001111101110000000110000010000000111001111000000111100111000000001000111000000000111111100000000000111101000000000111111000000000000100000000000000000000000000000000000000000
0000000000000000000000000000000000000001110100000000000111110000000001111010100000011111001100000001110000010000000111001010000000011000111100000001100011100000000111111110000000010111110000000000010111000000000000100000000000000000000000000000000000000000
0000000000000000000000000000000000000001110100000000001111101000000001111011000000001110000110000001111001110000000111000111000000011100011000000011100011100000000111011100000000001111000000000000011111000000000000000000000000000000000000000000000000000000
0000000000000000000000000000000000000000110100000000000111110000000011111011100000001111000110000001111000111000001111100111000000011100011000000011100011100000000111111100000000000111110000000000011101000000000000100000000000000000000000000000000000000000
0000000000000000000000000000000000000000101000000000001111110000000001111111100000000111000100000001110000110000000111000111100000011100111100000001100111000000000111111100000000011111100000000000001100000000000000010000000000000000000000000000000000000000
0000000000000000000000000000000000000001001000000000011111111000000000011111000000000111000110000000110100110000001111000111000000110000111000000011100111100000000111111110000000000111110000000000111110000000000000010000000000000000000000000000000000000000
0000000000000000000000000000000000000000000000000000001111110000000001101111000000001111100110000000101100110000000111000111000000011100111000000000000011100000000011011100000000001111100000000000111110000000000000110000000000000000000000000000000000000000
0000000000000000000000000000000000000000011000000000001111111000000011111111000000001111001100000000111000111000000111000111100000011100011100000001100011100000000011111100000000011111110000000000011110000000000000000000000000000000000000000000000000000000
0000000000000000000000000000000000000000111100000000000111100000000000111111100000011111011100000001111000110000001110100111100000011000111100000001100111100000000111111100000000001111100000000000001111000000000000011000000000000000000000000000000000000000
0000000000000000000000000000000000000000111100000000001011100000000011110111100000001110001100000001111000111000000111000111000000110000011000000011100111100000000111111100000000001111110000000000011111000000000000000000000000000000000000000000000000000000
0000000000000000000000000000000000000000011000000000000111110000000001111011000000011111101100000000110001111000000011000111100000111000111100000000110011110000000111011100000000001111100000000000011010000000000000000000000000000000000000000000000000000000
0000000000000000000000000000000000000000111000000000000111100000000001110111000000001110100000000001110000011000000011000111000000011000111000000000100111100000000111111100000000011111110000000000111110000000000000011000000000000000000000000000000000000000
0000000000000000000000000000000000000000110000000000001111110000000101111111000000011110000100000000110000111000000111000111000000111100111100000001100011000000000011111110000000000111110000000000011110000000000000010000000000000000000000000000000000000000
0000000000000000000000000000000000000000111010000000001111110000000001111100100000001111001100000001110001011000001011000111000000111000111000000011110111010000000111111100000000001111110000000000111110000000000000101000000000000000000000000000000000000000
0000000000000000000000000000000000000000011000000000000011110000000000111111000000001111001110000001111000111000000110000111000000011000111100000001100011110000000111111110000000011111110000000000001111000000000000011000000000000000000000000000000000000000
0000000000000000000000000000000000000011011000000000000111100000000001111111000000000110001110000001110000110000000110000111100000011100111100000001100011000000000111111100000000001111110000000000101110000000000000000000000000000000000000000000000000000000
0000000000000000000000000000000000000001111000000000000111110000000011111011000000011110101100000011111001010000001110000111000000011000011000000011100111100000000011111100000000001111110000000000011100000000000000100000000000000000000000000000000000000000
0000000000000000000000000000000000000000110000000000001111110000000001111111100000011111000100000000110001110000000111000110100000011100111000000001110111000000000111011100000000000111110000000000011101000000000000110000000000000000000000000000000000000000
0000000000000000000000000000000000000000111000000000001111111000000001111101000000000111000110000001111000110000000110101111100000011000011000000001100111100000000011101110000000010111100000000000011111000000000000110000000000000000000000000000000000000000
0000000000000000000000000000000000000010111000000000000111110000000011111101000000011111011110000001110000110000000110000111000000111000011100000011100101100000000011011100000000011111110000000000000111000000000000000000000000000000000000000000000000000000
0000000000000000000000000000000000000000110000000000000111110000000001111011100000001111100100000001111100110000001111000011100000011100011000000001100011100000000011111100000000000111100000000000011110000000000000110000000000000000000000000000000000000000
0000000000000000000000000000000000000000111000000000000011110000000001111010000000000111000110000001110001101000001111001011000000111100111000000001100011100000001111111110000000001111110000000000011110000000000000110000000000000000000000000000000000000000
0000000000000000000000000000000000000000111000000000001011110000000010111101000000010111101110000001110000111000001111000111000000011000111100000011100111100000000010111100000000001111110000000000010010000000000000110000000000000000000000000000000000000000
0000000000000000000000000000000000000001101000000000000111110000000000111111100000001111000110000001110100010000000110000011000000011000111110000001100111100000000011111100000000000111110000000000011111000000000000010000000000000000000000000000000000000000
0000000000000000000000000000000000000000110100000000010111111000000011111111100000010110001100000001110000110000000111000110100000011100111000000001110011100000000111011110000000010111110000000000011101000000000000010000000000000000000000000000000000000000
0000000000000000000000000000000000000000001000000000000111110000000101111111100000000111000110000001111100110000001011000011000000011100111000000001000011100000000111111100000000000111101000000000111100000000000010010000000000000000000000000000000000000000
0000000000000000000000000000000000000000100000000000001111110000000011111111100000011111000100000000111000111000001110000111000000011100110000000001100111100000000111111100000000001111110000000000011111000000000000101000000000000000000000000000000000000000
0000000000000000000000000000000000000000100000000000001111111000000011111011000000011110010100000001110000111000001110000111000000011000111100000011100011100000000111011100000000001111100000000000111110000000000001110000000000000000000000000000000000000000
0000000000000000000000000000000000000000110000000000000111100000000001110111100000001111001110000001111100111000000111000011100000010000111000000011110011100000001111011100000000001111110000000000001110000000000000110000000000000000000000000000000000000000
0000000000000000000000000000000000000000011000000000010111110000000000111101000000011110001100000001110010110000000111000011000000011100111100000001100011100000000111111100000000001111000000000000111110000000000000101000000000000000000000000000000000000000
0000000000000000000000000000000000000001110000000000001011110000000001111111000000011111010100000001110001111000000111000011000000011000101000000001101011000000000110111100000000001111100000000000111110000000000000110000000000000000000000000000000000000000
0000000000000000000000000000000000000000111100000000001111110000000001110111000000011111001110000001111000100000001111000111100000111000111110000001010111100000000111001110000000001111100000000000111100000000000000010000000000000000000000000000000000000000
0000000000000000000000000000000000000000001100000000000111110000000001111111100000001111100100000010111000111000000111000111000000011000011000000011000101000000001110111100000000011111100000000000011111000000000000000000000000000000000000000000000000000000
0000000000000000000000000000000000000000011000000000001111100000000011111101000000011111011110000011110001010000000111000111000000011100111000000001100111100000000111111100000000011111100000000000011111000000000000000000000000000000000000000000000000000000
0000000000000000000000000000000000000000011100000000001011100000000011111111100000011111101100000001111000110000000111000111000000011000011100000001100011000000000111111110000000000111110000000000000111000000000000111000000000000000000000000000000000000000
0000000000000000000000000000000000000001110000000000000111110000000010111110100000011111001100000001110001110000000111000111000000001100101100000011100111100000000010011110000000001111100000000000011110000000000000000000000000000000000000000000000000000000
0000000000000000000000000000000000000000111000000000000011110000000011111011100000001110001110000001110000111000001111000011000000111100011000000001100111100000001111111110000000001111100000000000110100000000000000010000000000000000000000000000000000000000
0000000000000000000000000000000000000001011000000000000111110000000000011111100000001111001100000001111000110000000111000011000000111100110100000011100001100000000111111100000000001111100000000000110110000000000000000000000000000000000000000000000000000000
0000000000000000000000000000000000000000000000000000001111111000000011110111000000011111001110000000110001110000000111000110000000011000111100000011110011100000000111111100000000001111110000000000001100000000000000011000000000000000000000000000000000000000
0000000000000000000000000000000000000000110000000000001111111000000001111000000000001101001100000001111000110000001111000111000000011100111000000001101111100000000111011110000000000111110000000000011100000000000000100000000000000000000000000000000000000000
0000000000000000000000000000000000000000110000000000110011110000000011111111000000001111001000000011111000101000000010100111000000011100011100000001110011000000000110111110000000000111110000000000011110000000000000110000000000000000000000000000000000000000
0000000000000000000000000000000000000000111000000000000111111000000011111111000000001110111110000001110000110000000111000011100000111100111000000001100011100000000111011000000000001111111000000000001100000000000000011000000000000000000000000000000000000000
0000000000000000000000000000000000000000101000000000001111110000000001111111100000001110001100000001111000111000000111001111000000111000011000000011000111100000000111111110000000011111101000000000000111000000000000100000000000000000000000000000000000000000
0000000000000000000000000000000000000000111010000000000011111000000001111111100000011111011100000001111001111000000111000111000000011100111100000011101011100000000111111110000000010111110000000000111100000000000000111000000000000000000000000000000000000000
0000000000000000000000000000000000000000110000000000000111110000000001110111000000001111000100000001111000111000000111000111000000111000111000000001110111100000000111111100000000011111110000000000011010000000000000110000000000000000000000000000000000000000
0000000000000000000000000000000000000000101100000000001111110000000000111010000000011110001110000000111010110000000111000111000000011100011100000011010111100000000111111100000000001111110000000000011110000000000000010000000000000000000000000000000000000000
0000000000000000000000000000000000000000101100000000000111100000000001111111100000011111100100000001110000110000000111010111000000111100011000000001000011100000000111111100000000000111100000000000111110000000000000010000000000000000000000000000000000000000
0000000000000000000000000000000000000001011000000000100011110000000000111011000000011110001100000010111100110000000111000111000000010100111100000001100001100000000111111110000000000111110000000000101100000000000001101000000000000000000000000000000000000000
0000000000000000000000000000000000000000110000000000000101111000000001111111000000001111011110000001111000111000000111001011000000011000111000000001110011100000000011101100000000000111110000000000011110000000000000010000000000000000000000000000000000000000
0000000000000000000000000000000000000000101000000000010111110000000001110101000000001111000110000001110000111000001111001111000000011000111000000001100011100000001011101100000000000111100000000000011110000000000000110000000000000000000000000000000000000000
0000000000000000000000000000000000000000110000000000001011100000000011111011000000001111001110000001110000111000000111000111000000011001111100000001100111100000000111111100000000000111110000000000011110000000000000110000000000000000000000000000000000000000
0000000000000000000000000000000000000001001000000000000111111000000011111011000000001111001110000001110100110000000111000011000000110100111000000001000011000000000111111110000000011111110000000000101110000000000000010000000000000000000000000000000000000000
0000000000000000000000000000000000000000011000000000001011100000000001111001000000011111101100000001111000101000000111000010100000011000111100000011000011100000000111011100000000010111110000000000101110000000000000111000000000000000000000000000000000000000
0000000000000000000000000000000000000000000000000000000111110000000011111111000000001110001100000001111100011000000110000111000000111100111000000001110111110000000111111110000000000111110000000000011110000000000000000000000000000000000000000000000000000000
0000000000000000000000000000000000000001111100000000001111101000000001111010100000011110101110000011111100111000000110000111100000011000111100000001100011100000000111111100000000001111110000000000011110000000000000010000000000000000000000000000000000000000
0000000000000000000000000000000000000000110100000000000111110000000001110101100000001110001100000011110100110000000111000010000000110000111100000001100111100000001111011100000000010111110000000000011101000000000001100000000000000000000000000000000000000000
0000000000000000000000000000000000000000011000000000000111110000000001111111000000011110000110000001110000110000000111000110000000111000011000000001000111000000000111111110000000000111110000000000011110000000000000100000000000000000000000000000000000000000
0000000000000000000000000000000000000001101000000000001111111000000001110111000000001111001110000001111000110000000110100111000000011000111000000011100111100000000011111100000000001111110000000000111111000000000000011000000000000000000000000000000000000000
0000000000000000000000000000000000000001010000000000001111110000000000011111000000001110001110000011110000111000000111000111000000111100011100000011110011100000001011111100000000001111100000000000011110000000000000010000000000000000000000000000000000000000
0000000000000000000000000000000000000001011000000000000011111000000000111011000000001110001110000011111000110000000111000111000000010000111000000001000011010000000111111100000000000111100000000000001100000000000001110000000000000000000000000000000000000000
0000000000000000000000000000000000000001111000000000000111111000000000110010100000001111001110000001110100111000000110000110000000010000111100000000100011000000000111111100000000001111110000000000011110000000000001110000000000000000000000000000000000000000
0000000000000000000000000000000000000001111000000000000111110000000001110111100000011111001100000011110010110000000111000010000000111101011000000001100011000000000111111110000000000111110000000000011111000000000010010000000000000000000000000000000000000000
0000000000000000000000000000000000000000110100000000000111111000000001111101000000001111000110000010111000111000001110001011000000011100011100000011101111100000000110111110000000001111111000000000111111000000000000111000000000000000000000000000000000000000
0000000000000000000000000000000000000001111000000000000111110000000001111101000000011111000110000000111001110000000110000010100000011100011100000001110011100000000111011100000000001111110000000000010110000000000000100000000000000000000000000000000000000000
0000000000000000000000000000000000000000011100000000000011110000000011110110000000001100000100000001110100110000000110000111000000011000101100000001100111100000000011011100000000001111000000000000111110000000000000110000000000000000000000000000000000000000
0000000000000000000000000000000000000001011100000000010111110000000001111111000000001111000110000001110000110000000111000111000000111000111100000001100111100000000111101110000000001111100000000000001100000000000000010000000000000000000000000000000000000000
0000000000000000000000000000000000000000011000000000000011100000000010111011100000101110000100000000110001110000000111100111000000111000111000000011100011110000000111111110000000001111101000000000001110000000000000110000000000000000000000000000000000000000
0000000000000000000000000000000000000000111000000000001111111000000000111111000000000110101100000001111000111000000110000011100000111000111100000001100101010000000111111110000000001111100000000000011110000000000000001000000000000000000000000000000000000000
0000000000000000000000000000000000000000110000000000001111110000000001110111100000000110101100000011110000111000000111000110000000011000011100000001000011100000000111011110000000011111100000000000111110000000000000111000000000000000000000000000000000000000
0000000000000000000000000000000000000001101100000000000111100000000001111001000000001110001100000001110000110000001111000111000000000000011100000001100011100000001111111100000000000111110000000000011101000000000000010000000000000000000000000000000000000000
0000000000000000000000000000000000000000111100000000000111110000000001111111100000011110000100000001110000111000001111000011000000111100111000000011110111100000000011111110000000001111100000000000011111000000000000010000000000000000000000000000000000000000
0000000000000000000000000000000000000000110000000000000011110000000000011111000000010111111100000001111001110000001111000111100000011000011000000011000111100000000111011110000000001111100000000000011110000000000000100000000000000000000000000000000000000000
0000000000000000000000000000000000000000101000000000001111100000000001011110100000001111001110000001111000110000001111000111100000111001011000000001110011100000000111111100000000001111110000000000001110000000000000110000000000000000000000000000000000000000
0000000000000000000000000000000000000001101100000000011001110000000111111111000000011111101110000001111000110000000111100011000000111000011100000010100111100000000111011100000000011111110000000000011111000000000000010000000000000000000000000000000000000000
0000000000000000000000000000000000000001111100000000000111111000000011111111100000011110100100000001111000110000001111100111000000111100011000000010110111100000000111111100000000000111000000000000001110000000000000110000000000000000000000000000000000000000
0000000000000000000000000000000000000001110100000000001011110000000001111111000000001111001110000001111000111000000111001011000000011100011000000001100011100000000111111100000000011111100000000000011110000000000001111000000000000000000000000000000000000000
0000000000000000000000000000000000000000111000000000010111100000000011111010100000001111001100000000110000111000000111000111000000011100111000000001100111100000001111111100000000001111110000000000011101000000000000010000000000000000000000000000000000000000
0000000000000000000000000000000000000000111000000000000111110000000000111011100000001100010100000001111000110000001111000011000000111000011100000001110111000000000111111110000000000111000000000000111110000000000000000000000000000000000000000000000000000000
0000000000000000000000000000000000000000101000000000000011110000000011110111100000001111101100000001110000111000001111100111000000011000011100000011110011110000000111111100000000001111110000000000001110000000000000010000000000000000000000000000000000000000
0000000000000000000000000000000000000000111000000000001101100000000000111111000000001111010100000001110000110000000111000111000000011000111000000011000111100000000111011100000000001111110000000000011110000000000000110000000000000000000000000000000000000000
0000000000000000000000000000000000000000110100000000000011111000000011111111100000001111001100000000111000111000000111000111000000010000010000000011100011100000000111101110000000001111100000000000011110000000000000010000000000000000000000000000000000000000
0000000000000000000000000000000000000000010100000000000111110000000001111011000000011110101100000000111100111000000110000111000000111000111000000001100111000000000011111100000000001111110000000000011110000000000000001000000000000000000000000000000000000000
0000000000000000000000000000000000000001010000000000001111110000000001111011000000010111001100000001111000110000000011100011000000111100011110000001100111100000001111111100000000001111110000000000011110000000000000111000000000000000000000000000000000000000
0000000000000000000000000000000000000000111000000000000111110000000001111011100000001110000100000011110001110000001110000011000000111001001000000001100111100000000111111100000000101111100000000000001111000000000000010000000000000000000000000000000000000000
0000000000000000000000000000000000000000111000000000001111111000000001111111100000001111001100000000110000110000000111000111000000111000011100000001100011100000000010111110000000001111100000000000001110000000000000111000000000000000000000000000000000000000
0000000000000000000000000000000000000000100010000000000111110000000011111110000000001111001110000000111000110000000111000011000000010000011100000011100111100000000111111100000000000111110000000000011111000000000000011000000000000000000000000000000000000000
0000000000000000000000000000000000000000010000000000010111110000000000111011000000000111001100000001111000111000000111000010000000011000111100000001100001100000000011111100000000001111110000000000011110000000000000110000000000000000000000000000000000000000
0000000000000000000000000000000000000001110100000000000001100000000011111111100000011111001100000011111000110000000111000011000000011100011000000000100111100000000111111100000000001111110000000000011100000000000000001000000000000000000000000000000000000000
0000000000000000000000000000000000000000111000000000001011110000000011111011000000001111100110000001011001111000001111010011000000110000111100000001100011100000000011011100000000001111100000000000011111000000000000100000000000000000000000000000000000000000
0000000000000000000000000000000000000001111000000000001111111000000001110111000000001110101110000001111000110000000111001011000000111000011000000000110011100000000110111100000000001111100000000000011100000000000000110000000000000000000000000000000000000000
0000000000000000000000000000000000000000000000000000000000000000000000000000000000000000000000000000000000000000000000000000000000000000000000000000000000000000000000000000000000000000000000000000000000000000000000000000000000000000000000000000000000000000
0000000000000000000000000000000000000000000000000000000000000000000000000000000000000000000000000000000000000000000000000000000000000000000000000000000000000000000000000000000000000000000000000000000000000000000000000000000000000000000000000000000000000000
0000000000000000000000000000000000000000000000000000000000000000000000000000000000000000000000000000000000000000000000000000000000000000000000000000000000000000000000000000000000000000000000000000000000000000000000000000000000000000000000000000000000000000
0000000000000000000000000000000000000000000000000000000000000000000000000000000000000000000000000000000000000000000000000000000000000000000000000000000000000000000000000000000000000000000000000000000000000000000000000000000000000000000000000000000000000000
0000000000000000000000000000000000000000000000000000000000000000000000000000000000000000000000000000000000000000000000000000000000000000000000000000000000000000000000000000000000000000000000000000000000000000000000000000000000000000000000000000000000000000
0000000000000000000000000000000000000000000000000000000000000000000000000000000000000000000000000000000000000000000000000000000000000000000000000000000000000000000000000000000000000000000000000000000000000000000000000000000000000000000000000000000000000000
0000000000000000000000000000000000000000000000000000000000000000000000000000000000000000000000000000000000000000000000000000000000000000000000000000000000000000000000000000000000000000000000000000000000000000000000000000000000000000000000000000000000000000
0000000000000000000000000000000000000000000000000000000000000000000000000000000000000000000000000000000000000000000000000000000000000000000000000000000000000000000000000000000000000000000000000000000000000000000000000000000000000000000000000000000000000000
0000000000000000000000000000000000000000000000000000000000000000000000000000000000000000000000000000000000000000000000000000000000000000000000000000000000000000000000000000000000000000000000000000000000000000000000000000000000000000000000000000000000000000
0000000000000000000000000000000000000000000000000000000000000000000000000000000000000000000000000000000000000000000000000000000000000000000000000000000000000000000000000000000000000000000000000000000000000000000000000000000000000000000000000000000000000000
0000000000000000000000001000000000000011100000000000000000000000000010000000000000001000000000000001100001000000000111111010000000011000010000000000000100000000000000101001110000000010111100000000001000000000000000000000000000000000000000000000000000000000
0000000000000000000000011000000000000001100000000000001100000000000001100000000000001100000000000001100001000000000110111000000000001011000000000000000100000000000000101010010000000011110100000000000101000000000000000000000000000000000000000000000000000000
0000000000000000000000000000000000000001000000000000001000000000000001110000000000000000000000000000100001000000000011111100000000001111100000000000000000000000000000000011100000000111111000000000000100000000000000000000000000000000000000000000000000000000
0000000000000000000000001000000000000000000000000000000000000000000000100000000000000010000000000000000000000000000101111100000000001111000000000000001010001000000000100000100000000001011011000000000000000000000000000000000000000000000000000000000000000000
0000000000000000000000000000000000000001100000000000010000000000000001100000000000001100000000000001100010100000000100111100000000000000000000000000001100000000000000100000110000000011100000000000001001100000000000000000000000000000000000000000000000000000
0000000000000000000000000100000000000000000000000000001100000000000001000000000000001100000000000001100101000000000011110100000000000011110000000000000100001000000000100001100000000001111010000000010000000000000000000000000000000000000000000000000000000000
0000000000000000000000000000000000000001100000000000011000000000000001100000000000001100000000000000001000000000000010111000000000001000110000000000000000000000000000100001110000000010101010000000000100000000000000000000000000000000000000000000000000000000
0000000000000000000000000100000000000001000000000000001100000000000000010000000000000100000000000000101100000000000011111100000000001001100000000000000100000000000000100000100000000011010100000000000100000000000000000000000000000000000000000000000000000000
0000000000000000000000001000000000000000010000000000000000000000000000100000000000001100000000000001100001000000000010101100000000001001100000000000001000000000000000000011110000000111100100000000000100000000000000000000000000000000000000000000000000000000
0000000000000000000000000000000000000000000000000000001100000000000000000000000000001100000000000001100000000000000110101100000000000001100000000000000000000000000000110000110000000101111010000000000100000000000000000000000000000000000000000000000000000000
0000000000000000000000001000000000000000100000000000001000000000000001100000000000001100000000000000100100000000000111010100000000001111100000000000000010001000000000000001100000000010111000000000001000000000000000000000000000000000000000000000000000000000
0000000000000000000000001100000000000001100000000000001000000000000001000000000000001000000000000001000001100000000010101100000000000101110000000000000100000000000000100101100000000011110110000000000000000000000000000000000000000000000000000000000000000000
0000000000000000000000000000000000000001000000000000001000000000000001100000000000000100000000000001100000000000000011111100000000000111010000000000000000000000000000100011110000000011110000000000001000000000000000000000000000000000000000000000000000000000
0000000000000000000000000000000000000001100000000000001100000000000000100000000000001100000000000001010001000000000001101110000000011001110000000000000100000000000000100011110000000011111000000000000000000000000000000000000000000000000000000000000000000000
0000000000000000000000000100000000000001000000000000001000000000000001000000000000001000000000000000000001000000000010111100000000001001010000000000000100010000000000100000100000000010111000000000000110000000000000000000000000000000000000000000000000000000
0000000000000000000000001000000000000000010000000000001100000000000001000000000000010000000000000001101000000000000010100100000000001000100000000000000100000000000000000001110000000000101000000000001100000000000000000000000000000000000000000000000000000000
0000000000000000000000000100000000000011000000000000001100000000000001000000000000000000000000000001100000000000000010011100000000000100100000000000001100000000000000000001100000000000010000000000001010000000000000000000000000000000000000000000000000000000
0000000000000000000000000000000000000001100000000000011000000000000000000000000000001100000000000001100011000000000010111100000000001011110000000000000110000100000000100010010000000111101010000000001000000000000000000000000000000000000000000000000000000000
0000000000000000000000000000000000000000000000000000001100000000000011100000000000000100000000000000100000000000000111011100000000000101100000000000001100000000000000100001110000000010111000000000011100000000000000000000000000000000000000000000000000000000
0000000000000000000000001000000000000010100000000000001100000000000001100000000000000000000000000000110001000000000000111000000000001100010000000000000100000000000000000001110000000010001100000000001000000000000000000000000000000000000000000000000000000000
0000000000000000000000001000000000000000000000000000000100000000000001000000000000000100000000000001000000000000000111011000000000011111010000000000001000000000000000000011100000000010100010000000001000000000000000000000000000000000000000000000000000000000
0000000000000000000000001000000000000001100000000000000000000000000011100000000000011010000000000001100000000000000010111100000000011101100000000000000110000000000000110011110000000010110000000000000000000000000000000000000000000000000000000000000000000000
0000000000000000000000001000000000000001100000000000001000000000000001000000000000011000000000000000101100100000000011111100000000000100100000000000000100000000000000000010100000000001101000000000000110000000000000000000000000000000000000000000000000000000
0000000000000000000000000000000000000000000000000000001100000000000001000000000000001000000000000000100001000000000000011100000000001101100000000000000100000000000000100011110000000111011110000000001000000000000000000000000000000000000000000000000000000000
0000000000000000000000010000000000000011100000000000001000000000000001000000000000001100000000000001100010000000000111111100000000000101100000000000001110000000000000100001010000000010100000000000000100000000000000000000000000000000000000000000000000000000
0000000000000000000000000000000000000010010000000000001000000000000000100000000000001000000000000000100100000000000111111100000000000100110000000000000100000000000000000000110000000011111000000000001101000000000000000000000000000000000000000000000000000000
0000000000000000000000001000000000000001110000000000001000000000000001100000000000001100000000000000100000000000000011101100000000010001100000000000001100000000000000110010100000000010110000000000001100000000000000000000000000000000000000000000000000000000
0000000000000000000000000100000000000000100000000000000100000000000010000000000000001000000000000000000000000000000100011100000000001011100000000000000100000000000000000011110000000001101010000000000100100000000000000000000000000000000000000000000000000000
0000000000000000000000001000000000000001100000000000001000000000000011100000000000001100000000000001100000000000000011001100000000000011010000000000001100000000000001100011010000000000111110000000001000000000000000000000000000000000000000000000000000000000
0000000000000000000000000000000000000001000000000000001000000000000010100000000000001000000000000001000011000000000010011100000000000111100000000000000100000000000000100011110000000000110000000000010000000000000000000000000000000000000000000000000000000000
0000000000000000000000001000000000000011000000000000001000000000000000000000000000001000000000000000100010000000000100111100000000000101010000000000000000000000000000100101110000000111001000000000000000000000000000000000000000000000000000000000000000000000
0000000010000000000000001000000000000001100000000000011000000000000001100000000000001000000000000000100000000000000111011100000000001001100000000000001000000000000000010010110000000110010000000000000100000000000000000000000000000000000000000000000000000000
0000000000000000000000011100000000000000100000000000000000000000000001000000000000000100000000000000000010000000000110001100000000011011110000000000000000000000000000110011110000000010111100000000000100000000000000000000000000000000000000000000000000000000
0000000000000000000000000000000000000001000000000000001100000000000000100000000000001100000000000000001101000000000011011000000000000100100000000000000110000000000000100100000000000010100001000000001010000000000000000000000000000000000000000000000000000000
0000000000000000000000011100000000000001010000000000001000000000000000100000000000001000000000000000100011000000000010111000000000000110100000000000000000001000000000100001110000000011100001000000000100000000000000000000000000000000000000000000000000000000
0000000000000000000000000000000000000011100000000000001000000000000000000000000000000000000000000000110100000000000010011100000000001001000000000000001110000000000000000011010000000011001000000000001010000000000000000000000000000000000000000000000000000000
0000000000000000000000010000000000000000100000000000010000000000000001100000000000001000000000000001100000000000000011111110000000001000100000000000001000000000000000100111100000000010110000000000000010000000000000000000000000000000000000000000000000000000
0000000000000000000000001100000000000001010000000000001000000000000010000000000000011100000000000000100100000000000011001000000000001100000000000000001010000000000000100001000000000011000000000000000010000000000000000000000000000000000000000000000000000000
0000000001000000000000001100000000000011000000000000001000000000000001100000000000000100000000000000100000000000000010111100000000011010110000000000001000000000000000100000010000000011101110000000001000000000000000000000000000000000000000000000000000000000
0000000000000000000000001100000000000000000000000000000100000000000000100000000000000000000000000000000000000000000000011100000000001101100000000000001110000100000000100010110000000011010100000000001100000000000000000000000000000000000000000000000000000000
0000000000000000000000001100000000000001100000000000001000000000000001000000000000001000000000000001010000000000000011111100000000000110100000000000000100000000000000110000110000000011011010000000001100000000000000000000000000000000000000000000000000000000
0000000000000000000000001000000000000001100000000000000000000000000001000000000000001000000000000001000000000000000110101100000000001110110000000000001100000000000000100100110000000010110000000000000001000000000000000000000000000000000000000000000000000000
0000000000000000000000000100000000000000000000000000001100000000000000000000000000011000000000000000101000100000000010001000000000000000100000000000001100001000000000000001110000000001111000000000001010000000000000000000000000000000000000000000000000000000
0000000000000000000000000100000000000001100000000000000000000000000010000000000000000100000000000000100000000000000111110100000000000110100000000000000100000100000000100001110000000010110000000000000000000000000000000000000000000000000000000000000000000000
0000000000000000000000000000000000000000000000000000001100000000000000100000000000001100000000000001100000000000000111110100000000000110010000000000000010000000000000100011110000000000111100000000000000000000000000000000000000000000000000000000000000000000
0000000000000000000000000000000000000011100000000000001100000000000001000000000000001000000000000001100000000000000111111100000000000001110000000000000100000000000000000001010000000011111010000000000111000000000000000000000000000000000000000000000000000000
0000000000000000000000000000000000000001110000000000001100000000000000100000000000010100000000000001101000000000000111011000000000000000010000000000000100000000000000000011010000000011110110000000000000000000000000000000000000000000000000000000000000000000
0000000000000000000000011000000000000000000000000000001000000000000000000000000000000000000000000000100000000000000010010000000000000011100000000000000000000000000000000111100000000111100000000000001000100000000000000000000000000000000000000000000000000000
0000000000000000000000000100000000000000000000000000001000000000000000100000000000001000000000000000111000000000000010101000000000001011100000000000000000000000000000100110010000000011001100000000001000000000000000000000000000000000000000000000000000000000
0000000000000000000000000100000000000001100000000000001100000000000001100000000000001100000000000001100100100000000111101000000000000001000000000000000100000000000000000101100000000011110000000000000000000000000000000000000000000000000000000000000000000000
0000000000000000000000001100000000000001100000000000000100000000000001100000000000000000000000000001100001000000000011111000000000001111010000000000000100000000000000100001010000000110010011000000000010000000000000000000000000000000000000000000000000000000
0000000000000000000000010000000000000001100000000000000000000000000001100000000000001000000000000001100100000000000101001100000000000010110000000000001000000100000000000000110000000000110010000000001010000000000000000000000000000000000000000000000000000000
0000000000000000000000001100000000000001100000000000001100000000000001000000000000001100000000000000100011000000000100001100000000000100010000000000000000000100000000100001110000000011111000000000000000000000000000000000000000000000000000000000000000000000
0000000000000000000000000000000000000001100000000000011000000000000001100000000000001100000000000001100001000000000010111100000000001011000000000000001100001000000000000100100000000010111100000000000000000000000000000000000000000000000000000000000000000000
0000000000000000000000001000000000000000000000000000001000000000000000000000000000000100000000000000100101000000000111011100000000000000000000000000001000000000000000110100100000000111110000000000000100000000000000000000000000000000000000000000000000000000
0000000000000000000000011000000000000001000000000000001100000000000000000000000000001000000000000000000000100000000111001000000000000100100000000000001000000000000000100000110000000010101000000000000000000000000000000000000000000000000000000000000000000000
0000000000000000000000001000000000000001100000000000001100000000000001100000000000001000000000000001100010000000000101111000000000010010110000000000000100000000000000000011010000000011111001000000000110000000000000000000000000000000000000000000000000000000
0000000000000000000000000000000000000011100000000000011100000000000011000000000000000100000000000001111100000000000110111100000000011001100000000000000100000000000000000011110000000101110000000000000000000000000000000000000000000000000000000000000000000000
0000000000000000000000001100000000000001000000000000001100000000000001100000000000010000000000000000100000000000000011101100000000000100100000000000001000000000000000101011110000000001100000000000000100000000000000000000000000000000000000000000000000000000
0000000000000000000000001100000000000000000000000000001000000000000000010000000000001100000000000000100000100000000111011100000000010001100000000000000000010000000000100000100000000011111010000000000100000000000000000000000000000000000000000000000000000000
0000000000000000000000001000000000000001000000000000001000000000000000100000000000000000000000000000000010000000000110111100000000000011100000000000000000000000000000100110110000000010100000000000000000000000000000000000000000000000000000000000000000000000
0000000000000000000000000000000000000001100000000000000000000000000001000000000000011100000000000000110010000000000011111000000000001000100000000000000000001000000000101011000000000010010001000000000001000000000000000000000000000000000000000000000000000000
0000000000000000000000000100000000000011000000000000001110000000000001100000000000011000000000000000100001000000000111101010000000000100110000000000000100001000000000010110000000000011101000000000000100000000000000000000000000000000000000000000000000000000
0000000000000000000000001100000000000011100000000000000100000000000000100000000000000100000000000000100000000000000101001100000000000101100000000000000100001000000000101001110000000001001100000000000101000000000000000000000000000000000000000000000000000000
0000000000000000000000000000000000000001100000000000001000000000000001000000000000011000000000000000100000000000000011011000000000000000010000000000000110010000000000100001100000000100101010000000000000000000000000000000000000000000000000000000000000000000
0000000000000000000000010100000000000001100000000000001100000000000010100000000000000100000000000000000001000000000111111010000000000001100000000000001100000000000000010010110000000000011100000000000110000000000000000000000000000000000000000000000000000000
0000000000000000000000000000000000000000100000000000011000000000000000000000000000011100000000000001100010000000000010111000000000010100000000000000000000000000000000100111110000000010111010000000011110000000000000000000000000000000000000000000000000000000
0000000000000000000000000000000000000010100000000000000000000000000000000000000000000000000000000000100010000000000010110110000000000010110000000000000000000000000001100011100000000010110100000000000001000000000000000000000000000000000000000000000000000000
0000000000000000000000000000000000000000100000000000000000000000000000000000000000000000000000000001100001000000000010111000000000001001110000000000001100000000000000000001100000000000011100000000000011000000000000000000000000000000000000000000000000000000
0000000000000000000000000100000000000001100000000000000000000000000001100000000000000100000000000000000010000000000011011000000000000100000000000000001100001000000000000010110000000011101100000000001000000000000000000000000000000000000000000000000000000000
0000000000000000000000000100000000000000000000000000011000000000000000100000000000001000000000000000100001000000000011111000000000001111110000000000000010000000000000100101110000000001111000000000000100000000000000000000000000000000000000000000000000000000
0000000000000000000000000000000000000001100000000000001100000000000000100000000000001100000000000000100000000000000101111100000000000011010000000000000000000000000000110011100000000011111101000000000000000000000000000000000000000000000000000000000000000000
0000000000000000000000001000000000000001100000000000001100000000000001100000000000000000000000000000010010000000000111111100000000001100000000000000000110010000000001000010100000000111111100000000000101000000000000000000000000000000000000000000000000000000
0000000000000000000000001000000000000000100000000000011000000000000011000000000000000100000000000000100001100000000011011000000000001011010000000000000000000000000000110001100000000011111001000000000101000000000000000000000000000000000000000000000000000000
0000000000000000000000010000000000000000000000000000001000000000000001000000000000000000000000000001101000000000000011111100000000010100100000000000000000000000000000100000100000000010110011000000001101100000000000000000000000000000000000000000000000000000
0000000000000000000000001100000000000001000000000000001000000000000000100000000000000000000000000000000101000000000000111100000000000010100000000000000000000000000000100010010000000000010100000000000101000000000000000000000000000000000000000000000000000000
0000000000000000000000001000000000000001010000000000001000000000000001000000000000001100000000000001000000000000000101101100000000000101110000000000000000000100000000101101000000000011010100000000000110000000000000000000000000000000000000000000000000000000
0000000000000000000000001000000000000011100000000000001100000000000001100000000000001100000000000001110100000000000010101000000000000001100000000000001100000000000000100001000000000000011101000000001010000000000000000000000000000000000000000000000000000000
0000000000000000000000001000000000000011100000000000001000000000000000000000000000001100000000000000000100100000000111111100000000000001100000000000000100000000000000000011110000000000111000000000000000000000000000000000000000000000000000000000000000000000
0000000000000000000000000000000000000011100000000000001100000000000001100000000000000000000000000001100000000000000011010000000000000101000000000000001100000000000000110000010000000000101000000000000110000000000000000000000000000000000000000000000000000000
0000000000000000000000000100000000000000000000000000001000000000000001100000000000000000000000000001000000000000000111011100000000000011100000000000000110000000000000010000100000000011010000000000000100000000000000000000000000000000000000000000000000000000
0000000000000000000000000000000000000010000000000000000000000000000010100000000000001000000000000000100100000000000001011100000000001010000000000000001100000000000000100000000000000001111010000000000100000000000000000000000000000000000000000000000000000000
0000000000000000000000000100000000000010000000000000001000000000000001000000000000000100000000000000001000000000000011111100000000001101000000000000001100000100000001000001100000000011110000000000001000000000000000000000000000000000000000000000000000000000
0000000000000000000000001000000000000000000000000000010100000000000001010000000000001000000000000000100010000000000100101000000000000001100000000000001100000000000000001001100000000011110010000000001010000000000000000000000000000000000000000000000000000000
0000000000000000000000000000000000000000000000000000001000000000000001000000000000010100000000000001100000000000000111111100000000011110000000000000001000000000000000100001100000000001100011000000001010000000000000000000000000000000000000000000000000000000
0000000000000000000000000000000000000001100000000000001000000000000001100000000000001100000000000001101001000000000110111100000000011101100000000000000000000000000000100101000000000010110011000000001000000000000000000000000000000000000000000000000000000000
0000000000000000000000001100000000000001110000000000001100000000000000000000000000001000000000000000100000000000000011111010000000001001100000000000000100000000000000100001110000000011111000000000000100000000000000000000000000000000000000000000000000000000
0000000000000000000000000000000000000000000000000000001000000000000000100000000000001100000000000000000010000000000110011100000000010100100000000000000000000000000000100011110000000000010100000000000000000000000000000000000000000000000000000000000000000000
0000000010000000000000001000000000000011000000000000000100000000000001000000000000000100000000000001100001000000000010111100000000001001100000000000001100000000000000101110110000000111101000000000000110000000000000000000000000000000000000000000000000000000
0000000000000000000000001000000000000000100000000000001100000000000001000000000000000110000000000001000010000000000011111100000000001001100000000000000100000000000000100011110000000001111010000000001000000000000000000000000000000000000000000000000000000000
0000000000000000000000000000000000000000000000000000001000000000000001100000000000000000000000000000000000000000000011111100000000001000010000000000000100000000000000010101100000000000011000000000001001100000000000000000000000000000000000000000000000000000
0000000000000000000000001000000000000001100000000000000100000000000001100000000000000000000000000000110001000000000011111100000000001111100000000000001000000100000000100000010000000010011000000000001001100000000000000000000000000000000000000000000000000000
0000000000000000000000000100000000000000100000000000001000000000000000100000000000000100000000000000100100000000000011110100000000001010100000000000001100000000000000100010100000000110110011000000010101000000000000000000000000000000000000000000000000000000
0000000000000000000000001000000000000001100000000000001010000000000011100000000000001110000000000001100000000000000001011000000000000101000000000000000000000000000000100001010000000111111000000000000001000000000000000000000000000000000000000000000000000000
0000000000000000000000000100000000000000110000000000001100000000000010000000000000000000000000000001100010000000000110101000000000011001000000000000000100000000000000111011110000000111111010000000000100000000000000000000000000000000000000000000000000000000
0000000000000000000000001100000000000001000000000000011000000000000001100000000000001100000000000001100011100000000000011100000000011001000000000000000100000000000000011011110000000000110000000000000101000000000000000000000000000000000000000000000000000000
0000000000000000000000000000000000000010100000000000001000000000000001100000000000001000000000000000100011000000000011010100000000000011100000000000001100000000000000101010100000000011111000000000000000000000000000000000000000000000000000000000000000000000
0000000000000000000000001100000000000001100000000000001100000000000011000000000000000100000000000001000001100000000100101100000000000110000000000000001100000000000001100001110000000111011000000000000010000000000000000000000000000000000000000000000000000000
0000000000000000000000000000000000000011100000000000000000000000000000000000000000001100000000000000110110000000000010010100000000000011100000000000000110001000000000100000110000000011111010000000001101000000000000000000000000000000000000000000000000000000
0000000000000000000000001000000000000000100000000000000000000000000001100000000000001100000000000000100000000000000011111100000000001100000000000000001110000000000000000011110000000111111010000000001000000000000000000000000000000000000000000000000000000000
0000000000000000000000000000000000000000000000000000000000000000000000000000000000000000000000000000000000000000000000000000000000000000000000000000000000000000000000000000000000000000000000000000000000000000000000000000000000000000000000000000000000000000
0000000000000000000000000000000000000000000000000000000000000000000000000000000000000000000000000000000000000000000000000000000000000000000000000000000000000000000000000000000000000000000000000000000000000000000000000000000000000000000000000000000000000000
0000000000000000000000000000000000000000000000000000000000000000000000000000000000000000000000000000000000000000000000000000000000000000000000000000000000000000000000000000000000000000000000000000000000000000000000000000000000000000000000000000000000000000
0000000000000000000000000000000000000000000000000000000000000000000000000000000000000000000000000000000000000000000000000000000000000000000000000000000000000000000000000000000000000000000000000000000000000000000000000000000000000000000000000000000000000000
0000000000000000000000000000000000000000000000000000000000000000000000000000000000000000000000000000000000000000000000000000000000000000000000000000000000000000000000000000000000000000000000000000000000000000000000000000000000000000000000000000000000000000
0000000000000000000000000000000000000000000000000000000000000000000000000000000000000000000000000000000000000000000000000000000000000000000000000000000000000000000000000000000000000000000000000000000000000000000000000000000000000000000000000000000000000000
0000000000000000000000000000000000000000000000000000000000000000000000000000000000000000000000000000000000000000000000000000000000000000000000000000000000000000000000000000000000000000000000000000000000000000000000000000000000000000000000000000000000000000
0000000000000000000000000000000000000000000000000000000000000000000000000000000000000000000000000000000000000000000000000000000000000000000000000000000000000000000000000000000000000000000000000000000000000000000000000000000000000000000000000000000000000000
0000000000000000000000000000000000000000000000000000000000000000000000000000000000000000000000000000000000000000000000000000000000000000000000000000000000000000000000000000000000000000000000000000000000000000000000000000000000000000000000000000000000000000
0000000000000000000000000000000000000000000000000000000000000000000000000000000000000000000000000000000000000000000000000000000000000000000000000000000000000000000000000000000000000000000000000000000000000000000000000000000000000000000000000000000000000000
0000000000000000000000000000000000000000010000000000000001100000000000001100000000000001111000000000000110000000000000001000000000000001100000000000001110000000000001110000000000000111000000000000011000000000000001000000000000000000000000000000000000000000
0000000000000000000000000000000000000000000100000000000111100000000000001100000000000000110000000000000111000000000000011000000000000011100000000000011110000000000000101000000000001011000000000000011000000000000000000000000000000000000000000000000000000000
0000000000000000000000000000000000000000101000000000000011110000000000001100000000000000110000000000000111000000000000011100000000000001100000000000001110000000000001111000000000000101000000000000011000000000000000000000000000000000000000000000000000000000
0000000000000000000000000000000000000000110000000000000011100000000000001110000000000001110000000000000111000000000000111100000000000001100000000000001110000000000001110000000000000111000000000000011000000000000001000000000000000000000000000000000000000000
0000000000000000000000000000000000000000111000000000000011100000000000000110000000000001111000000000000111000000000000011100000000000011110000000000011100000000000000110000000000000111000000000000000000000000000011100000000000000000000000000000000000000000
0000000000000000000000000000000000000000011000000000000011100000000000001100000000000001111000000000000111100000000000011000000000000011100000000000010110000000000001100000000000001101000000000000011100000000000001100000000000000000000000000000000000000000
0000000000000000000000000000000000000000111000000000000011100000000000001110000000000000111000000000001111000000000000011000000000000001100000000000001100000000000000100000000000000010000000000000010000000000000010100000000000000000000000000000000000000000
0000000000000000000000000000000000000000100000000000000011100000000000001100000000000001110000000000000010000000000000110000000000000011110000000000001110000000000000111000000000000110000000000000011000000000000001000000000000000000000000000000000000000000
0000000000000000000000000000000000000000011000000000000011100000000000001110000000000000110100000000000010000000000000011100000000000001100000000000001110000000000001111000000000000110100000000000011000000000000001000000000000000000000000000000000000000000
0000000000000000000000000000000000000000011000000000000011000000000000011110000000000001110000000000000110000000000000001000000000000011110000000000001100000000000001111000000000000110000000000000011000000000000001100000000000000000000000000000000000000000
0000000000000000000000000000000000000000011000000000000011100000000000001110000000000000110000000000000111000000000000111100000000000001100000000000010110000000000001111000000000000111000000000000011100000000000000100000000000000000000000000000000000000000
0000000000000000000000000000000000000000000100000000000011110000000000001110000000000000111000000000000111000000000000011100000000000011100000000000000110000000000001101000000000000110000000000000011000000000000001000000000000000000000000000000000000000000
0000000000000000000000000000000000000000011000000000000011100000000000001110000000000001110000000000001111000000000000111000000000000001100000000000011110000000000001010000000000000111000000000000010100000000000010100000000000000000000000000000000000000000
0000000000000000000000000000000000000000000000000000000011100000000000011100000000000001110000000000000011000000000000001100000000000001100000000000000100000000000001111000000000000111000000000000010000000000000000000000000000000000000000000000000000000000
0000000000000000000000000000000000000000111000000000000001100000000000001110000000000001110000000000000111000000000000111100000000000001100000000000001000000000000001110000000000000111000000000000011000000000000001000000000000000000000000000000000000000000
0000000000000000000000000000000000000000011100000000000011000000000000001110000000000000110000000000000110000000000000101100000000000001100000000000001100000000000000110000000000000111000000000000011000000000000000000000000000000000000000000000000000000000
0000000000000000000000000000000000000000000000000000000111100000000000011110000000000000110000000000000111000000000000011000000000000001110000000000001110000000000000110000000000000110000000000000011100000000000001000000000000000000000000000000000000000000
0000000000000000000000000000000000000000111000000000000011100000000000001110000000000001110000000000000111000000000000111100000000000000000000000000001100000000000000110000000000000111000000000000111000000000000000100000000000000000000000000000000000000000
0000000000000000000000000000000000000000100000000000000011100000000000001110000000000001110000000000000111000000000000011100000000000001110000000000001100000000000001111000000000000000000000000000111000000000000011000000000000000000000000000000000000000000
0000000000000000000000000000000000000000010000000000000111100000000000001100000000000000110000000000000110100000000000011000000000000011110000000000001110000000000001101000000000000111000000000000011000000000000001000000000000000000000000000000000000000000
0000000000000000000000000000000000000000010000000000000011100000000000011110000000000001110000000000000011000000000000111000000000000001100000000000001100000000000000110000000000000111000000000000100000000000000001100000000000000000000000000000000000000000
0000000000000000000000000000000000000000000000000000000001100000000000011110000000000000110000000000000111000000000000111100000000000001100000000000010110000000000000111000000000000010000000000000111000000000000010100000000000000000000000000000000000000000
0000000000000000000000000000000000000000111000000000000001100000000000001110000000000000110000000000000011100000000000111000000000000001100000000000001110000000000000110000000000001111000000000000011000000000000000100000000000000000000000000000000000000000
0000000000000000000000000000000000000000000000000000000011000000000000001100000000000000111000000000000110000000000000111000000000000001100000000000011110000000000001110000000000000110000000000000111000000000000000000000000000000000000000000000000000000000
0000000000000000000000000000000000000000001000000000000101100000000000001100000000000000110000000000000111000000000000111000000000000011100000000000001110000000000001110000000000000110100000000000011100000000000001000000000000000000000000000000000000000000
0000000000000000000000000000000000000000011000000000000011100000000000001100000000000001111000000000000111000000000000011100000000000011100000000000000110000000000000110000000000000111000000000000011000000000000001100000000000000000000000000000000000000000
0000000000000000000000000000000000000000001000000000000011100000000000001110000000000000110000000000000111000000000000001000000000000011100000000000000110000000000011110000000000000111000000000000011000000000000011100000000000000000000000000000000000000000
0000000000000000000000000000000000000000011000000000000101110000000000011110000000000000111000000000000011000000000000011000000000000001100000000000001100000000000001111000000000000110100000000000011000000000000001100000000000000000000000000000000000000000
0000000000000000000000000000000000000000111000000000000010110000000000001100000000000001111000000000000011000000000000010100000000000001110000000000011110000000000001111000000000001111000000000000010100000000000001000000000000000000000000000000000000000000
0000000000000000000000000000000000000000011000000000000001100000000000001100000000000000110000000000000010000000000000011000000000000001100000000000000110000000000000110000000000000010000000000000010000000000000000100000000000000000000000000000000000000000
0000000000000000000000000000000000000000010000000000000111110000000000001110000000000001110000000000000111000000000000011000000000000011100000000000000110000000000000111000000000000010000000000000011000000000000001000000000000000000000000000000000000000000
0000000000000000000000000000000000000000111000000000000011100000000000001110000000000001110000000000000110000000000000011100000000000011100000000000001110000000000000110000000000000111000000000000011000000000000000100000000000000000000000000000000000000000
0000000000000000000000000000000000000000001000000000000101100000000000010111000000000000110000000000001010000000000000011000000000000011100000000000001110000000000000111000000000000110000000000000011000000000000000100000000000000000000000000000000000000000
0000000000000000000000000000000000000000111000000000000001100000000000011110000000000001111000000000000111000000000000011000000000000011100000000000000100000000000001100000000000001011000000000000001000000000000010000000000000000000000000000000000000000000
0000000000000000000000000000000000000000011000000000000011100000000000000100000000000001100000000000000111000000000000011100000000000001100000000000001110000000000000111000000000000111000000000000111000000000000000000000000000000000000000000000000000000000
0000000000000000000000000000000000000000100000000000000011100000000000001110000000000001110000000000000111000000000000011000000000000001100000000000001100000000000001110000000000000110000000000000011000000000000000100000000000000000000000000000000000000000
0000000000000000000000000000000000000000101000000000000001000000000000011110000000000001110000000000000111000000000000111100000000000011110000000000001100000000000001111000000000000111000000000000111000000000000000000000000000000000000000000000000000000000
0000000000000000000000000000000000000000110000000000000001100000000000001110000000000000010000000000000111000000000000111000000000000011100000000000001100000000000000110000000000000111000000000000011000000000000001000000000000000000000000000000000000000000
0000000000000000000000000000000000000000110100000000000011000000000000011100000000000001100000000000000110000000000000011000000000000011110000000000000100000000000001110000000000001111000000000000011000000000000001100000000000000000000000000000000000000000
0000000000000000000000000000000000000000100000000000000011000000000000011110000000000000110000000000000110000000000000111000000000000011000000000000000100000000000000111000000000000111000000000000010000000000000001000000000000000000000000000000000000000000
0000000000000000000000000000000000000000011000000000000011100000000000011110000000000000110000000000000111000000000000011000000000000011000000000000000110000000000000100000000000000010000000000000011000000000000000100000000000000000000000000000000000000000
0000000000000000000000000000000000000000111000000000000011100000000000001100000000000001110000000000000011100000000000011000000000000001100000000000001110000000000001110000000000000111000000000000010000000000000000000000000000000000000000000000000000000000
0000000000000000000000000000000000000000101000000000000011100000000000011110000000000001110000000000001111000000000000011100000000000011100000000000000100000000000000111000000000000110000000000000010000000000000000000000000000000000000000000000000000000000
0000000000000000000000000000000000000000011000000000000011100000000000001100000000000001110000000000000011000000000000111000000000000011110000000000001110000000000000110000000000000011000000000000011100000000000001100000000000000000000000000000000000000000
0000000000000000000000000000000000000000110000000000000011100000000000011100000000000000110000000000000111000000000000111000000000000001110000000000000110000000000001011000000000000111000000000000011000000000000001100000000000000000000000000000000000000000
0000000000000000000000000000000000000000111000000000000001000000000000001100000000000001111000000000000011000000000000111000000000000011100000000000010100000000000001111000000000000110000000000000111000000000000001000000000000000000000000000000000000000000
0000000000000000000000000000000000000000110000000000000011100000000000011111000000000000111000000000000010000000000000011100000000000011110000000000000100000000000001101000000000001011000000000000011000000000000001000000000000000000000000000000000000000000
0000000000000000000000000000000000000000101000000000000011110000000000001110000000000001110000000000000110000000000000011100000000000001100000000000001110000000000001111000000000000111000000000000001000000000000000000000000000000000000000000000000000000000
0000000000000000000000000000000000000001111100000000000011110000000000001110000000000001111000000000000111000000000000011100000000000001100000000000011110000000000001111000000000000110100000000000010000000000000000100000000000000000000000000000000000000000
0000000000000000000000000000000000000000110000000000000011100000000000001110000000000001110000000000000010000000000000110000000000000011100000000000001100000000000001111000000000000011000000000000011100000000000000000000000000000000000000000000000000000000
0000000000000000000000000000000000000000101100000000000011000000000000000100000000000000111000000000001011000000000000011100000000000001100000000000001100000000000001111000000000000111000000000000011100000000000000100000000000000000000000000000000000000000
0000000000000000000000000000000000000000011000000000000001100000000000000110000000000000110000000000001011000000000000111000000000000011100000000000001100000000000010110000000000001111000000000000010100000000000001000000000000000000000000000000000000000000
0000000000000000000000000000000000000000000000000000000011100000000000001100000000000000110000000000000111000000000000111100000000000001110000000000010100000000000000111000000000000011000000000000011100000000000001100000000000000000000000000000000000000000
0000000000000000000000000000000000000000100000000000000011110000000000001110000000000001101000000000000011100000000000011100000000000001100000000000000110000000000000110000000000001111000000000000001000000000000000100000000000000000000000000000000000000000
0000000000000000000000000000000000000000110100000000000011000000000000011110000000000000110000000000000111000000000000010100000000000001100000000000000110000000000000111000000000000111000000000000001000000000000001000000000000000000000000000000000000000000
0000000000000000000000000000000000000000110000000000000011100000000000001100000000000000010000000000000010000000000000011000000000000001100000000000011110000000000000111000000000000111000000000000010000000000000000100000000000000000000000000000000000000000
0000000000000000000000000000000000000000110000000000000011100000000000001100000000000000111000000000000110000000000000111000000000000011000000000000000110000000000001110000000000001011000000000000111100000000000000100000000000000000000000000000000000000000
0000000000000000000000000000000000000000011000000000000011100000000000001110000000000001110000000000000110000000000000111100000000000001100000000000000100000000000000111000000000001111100000000000011000000000000000100000000000000000000000000000000000000000
0000000000000000000000000000000000000000111000000000000111100000000000011110000000000001110000000000001011000000000000011000000000000001100000000000001100000000000001110000000000001110100000000000010100000000000010100000000000000000000000000000000000000000
0000000000000000000000000000000000000000101000000000000101100000000000001100000000000001100000000000000001000000000000011000000000000011100000000000000100000000000001110000000000001110000000000000011000000000000001000000000000000000000000000000000000000000
0000000000000000000000000000000000000000001000000000000011110000000000011100000000000001110000000000000110000000000000011000000000000001110000000000001110000000000001110000000000000111000000000000011000000000000010100000000000000000000000000000000000000000
0000000000000000000000000000000000000000111000000000000011100000000000011100000000000000110000000000000111000000000000011000000000000001110000000000011110000000000000110000000000000111000000000000111000000000000010100000000000000000000000000000000000000000
0000000000000000000000000000000000000000001000000000000011110000000000011110000000000000110000000000000010000000000000011000000000000011110000000000001110000000000001110000000000000110000000000000111000000000000001000000000000000000000000000000000000000000
0000000000000000000000000000000000000000011000000000000011100000000000011100000000000001110000000000000011000000000000001000000000000001100000000000000110000000000001110000000000000111000000000000011000000000000001100000000000000000000000000000000000000000
0000000000000000000000000000000000000000010000000000000001000000000000001110000000000000110000000000000110000000000000101000000000000011100000000000001110000000000000111000000000000110000000000000001100000000000001000000000000000000000000000000000000000000
0000000000000000000000000000000000000000011000000000000001100000000000011100000000000000100000000000000010000000000000001000000000000011100000000000000110000000000001111000000000000111000000000000011000000000000001000000000000000000000000000000000000000000
0000000000000000000000000000000000000000111000000000000011100000000000010110000000000000111000000000001011000000000000011100000000000001100000000000001100000000000000110000000000000110100000000000111000000000000001000000000000000000000000000000000000000000
0000000000000000000000000000000000000000100100000000000011110000000000000110000000000000110000000000000110000000000000011000000000000001100000000000001100000000000000111000000000000110000000000000001000000000000010100000000000000000000000000000000000000000
0000000000000000000000000000000000000000110000000000000011100000000000001100000000000001111000000000000111000000000000011000000000000001100000000000001100000000000001111000000000000111000000000000010000000000000010000000000000000000000000000000000000000000
0000000000000000000000000000000000000000111000000000000111100000000000011100000000000001111000000000000110000000000000011100000000000001000000000000000100000000000000110000000000001011100000000000111000000000000001000000000000000000000000000000000000000000
0000000000000000000000000000000000000001110100000000000011100000000000011110000000000001111000000000000111000000000000011100000000000001100000000000001110000000000000110000000000000110000000000000011000000000000001100000000000000000000000000000000000000000
0000000000000000000000000000000000000000111000000000000011110000000000001110000000000001110000000000000111000000000000001100000000000001100000000000001110000000000001110000000000000011000000000000011000000000000000100000000000000000000000000000000000000000
0000000000000000000000000000000000000000010000000000000011100000000000001100000000000000110000000000000111000000000000011000000000000011000000000000001100000000000000111000000000000010000000000000011000000000000001000000000000000000000000000000000000000000
0000000000000000000000000000000000000000000000000000000011000000000000001110000000000001110000000000000110000000000000011100000000000001110000000000001110000000000000110000000000000110000000000000011000000000000000100000000000000000000000000000000000000000
0000000000000000000000000000000000000000001000000000000011100000000000011100000000000000110000000000000011000000000000111100000000000011110000000000001110000000000000110000000000000110000000000000011000000000000000000000000000000000000000000000000000000000
0000000000000000000000000000000000000000111000000000000011100000000000001110000000000001100000000000000011000000000000111000000000000001100000000000001100000000000001110000000000000111000000000000111000000000000001000000000000000000000000000000000000000000
0000000000000000000000000000000000000000111000000000000011110000000000010100000000000001110000000000000110000000000000011000000000000001110000000000000110000000000000111000000000001110000000000000011000000000000000000000000000000000000000000000000000000000
0000000000000000000000000000000000000000011000000000000001100000000000001110000000000000111000000000000011000000000000011100000000000011100000000000011100000000000001110000000000000111000000000000011000000000000001000000000000000000000000000000000000000000
0000000000000000000000000000000000000000010000000000000011010000000000001110000000000000111000000000000111000000000000011000000000000001100000000000001110000000000000110000000000001011000000000000011100000000000000100000000000000000000000000000000000000000
0000000000000000000000000000000000000000100000000000000011100000000000001110000000000001110000000000000111000000000000011000000000000001100000000000001100000000000000110000000000000110000000000000010000000000000011000000000000000000000000000000000000000000
0000000000000000000000000000000000000000111000000000000001100000000000011110000000000000110000000000000111000000000000011100000000000011100000000000001110000000000000110000000000001111000000000000101000000000000011000000000000000000000000000000000000000000
0000000000000000000000000000000000000000010000000000000011100000000000000100000000000000110000000000000010000000000000001000000000000011100000000000001100000000000001100000000000000111000000000000010100000000000000100000000000000000000000000000000000000000
0000000000000000000000000000000000000000111000000000000111000000000000001000000000000001110000000000000011000000000000101000000000000011100000000000001110000000000001110000000000000011000000000000111000000000000001000000000000000000000000000000000000000000
0000000000000000000000000000000000000001011000000000000011100000000000001101000000000000111000000000000110000000000000011000000000000001110000000000001100000000000001111000000000000010100000000000011000000000000001100000000000000000000000000000000000000000
0000000000000000000000000000000000000000001000000000000011100000000000011100000000000001110000000000000111000000000000011100000000000001100000000000001100000000000000110000000000000110000000000000011000000000000001000000000000000000000000000000000000000000
0000000000000000000000000000000000000000011000000000000011100000000000001100000000000001110000000000000011000000000000011000000000000011100000000000001100000000000000110000000000000010100000000000011100000000000000000000000000000000000000000000000000000000
0000000000000000000000000000000000000000111000000000000011100000000000001100000000000000110000000000000111000000000000011100000000000011100000000000001100000000000001111000000000000110000000000000011100000000000001000000000000000000000000000000000000000000
0000000000000000000000000000000000000000011000000000000011100000000000001100000000000000110000000000000001000000000000011000000000000011100000000000001110000000000001111000000000000110000000000000011000000000000001100000000000000000000000000000000000000000
0000000000000000000000000000000000000000101000000000000011000000000000001101000000000001111000000000000011000000000000011000000000000001000000000000001110000000000000110000000000000111000000000000011000000000000001000000000000000000000000000000000000000000
0000000000000000000000000000000000000000110000000000000001100000000000010100000000000000110000000000000110100000000000010000000000000011100000000000000110000000000000110000000000000110000000000000011000000000000001000000000000000000000000000000000000000000
0000000000000000000000000000000000000000101000000000000001100000000000011101000000000000110000000000000111000000000000011100000000000001100000000000001100000000000000110000000000000110000000000000011000000000000000000000000000000000000000000000000000000000
0000000000000000000000000000000000000000001100000000000011110000000000001100000000000000110000000000000111000000000000011000000000000011100000000000001100000000000001100000000000000111000000000000001000000000000000000000000000000000000000000000000000000000
0000000000000000000000000000000000000000011000000000000011100000000000001100000000000000110000000000000111000000000000011000000000000011100000000000000110000000000001110000000000000110000000000000010100000000000001100000000000000000000000000000000000000000
0000000000000000000000000000000000000000011000000000000001100000000000011110000000000001110000000000000111000000000000111100000000000011100000000000001110000000000000111000000000000111000000000000010000000000000001100000000000000000000000000000000000000000
0000000000000000000000000000000000000000101000000000000011000000000000001100000000000000110000000000000011000000000000011000000000000011100000000000000010000000000000101000000000000100000000000000010000000000000001000000000000000000000000000000000000000000
0000000000000000000000000000000000000000101000000000000001100000000000011100000000000000110000000000000111000000000000011000000000000000100000000000001100000000000000111000000000000111000000000000011000000000000001000000000000000000000000000000000000000000
0000000000000000000000000000000000000001101000000000000011100000000000000110000000000001111000000000000111000000000000011100000000000001100000000000001110000000000000110000000000001111000000000000011000000000000011100000000000000000000000000000000000000000
0000000000000000000000000000000000000000010000000000000011100000000000011100000000000001110000000000000111000000000000011100000000000011010000000000000110000000000000110000000000000110000000000000011000000000000000100000000000000000000000000000000000000000
0000000000000000000000000000000000000000011000000000000011100000000000001110000000000000110000000000000111000000000000011000000000000011100000000000001110000000000001101000000000001111100000000000001000000000000001100000000000000000000000000000000000000000
0000000000000000000000000000000000000000011000000000000001100000000000001110000000000000110000000000001010000000000000111100000000000011100000000000001100000000000000110000000000000110000000000000011000000000000001000000000000000000000000000000000000000000
0000000000000000000000000000000000000000000000000000000000000000000000000000000000000000000000000000000000000000000000000000000000000000000000000000000000000000000000000000000000000000000000000000000000000000000000000000000000000000000000000000000000000000
0000000000000000000000000000000000000000000000000000000000000000000000000000000000000000000000000000000000000000000000000000000000000000000000000000000000000000000000000000000000000000000000000000000000000000000000000000000000000000000000000000000000000000
0000000000000000000000000000000000000000000000000000000000000000000000000000000000000000000000000000000000000000000000000000000000000000000000000000000000000000000000000000000000000000000000000000000000000000000000000000000000000000000000000000000000000000
0000000000000000000000000000000000000000000000000000000000000000000000000000000000000000000000000000000000000000000000000000000000000000000000000000000000000000000000000000000000000000000000000000000000000000000000000000000000000000000000000000000000000000
0000000000000000000000000000000000000000000000000000000000000000000000000000000000000000000000000000000000000000000000000000000000000000000000000000000000000000000000000000000000000000000000000000000000000000000000000000000000000000000000000000000000000000
0000000000000000000000000000000000000000000000000000000000000000000000000000000000000000000000000000000000000000000000000000000000000000000000000000000000000000000000000000000000000000000000000000000000000000000000000000000000000000000000000000000000000000
0000000000000000000000000000000000000000000000000000000000000000000000000000000000000000000000000000000000000000000000000000000000000000000000000000000000000000000000000000000000000000000000000000000000000000000000000000000000000000000000000000000000000000
0000000000000000000000000000000000000000000000000000000000000000000000000000000000000000000000000000000000000000000000000000000000000000000000000000000000000000000000000000000000000000000000000000000000000000000000000000000000000000000000000000000000000000
0000000000000000000000000000000000000000000000000000000000000000000000000000000000000000000000000000000000000000000000000000000000000000000000000000000000000000000000000000000000000000000000000000000000000000000000000000000000000000000000000000000000000000
0000000000000000000000000000000000000000000000000000000000000000000000000000000000000000000000000000000000000000000000000000000000000000000000000000000000000000000000000000000000000000000000000000000000000000000000000000000000000000000000000000000000000000
